/*
SQLyog Ultimate v12.09 (64 bit)
MySQL - 10.4.24-MariaDB : Database - distributor
*********************************************************************
*/


/*!40101 SET NAMES utf8 */;

/*!40101 SET SQL_MODE=''*/;

/*!40014 SET @OLD_UNIQUE_CHECKS=@@UNIQUE_CHECKS, UNIQUE_CHECKS=0 */;
/*!40014 SET @OLD_FOREIGN_KEY_CHECKS=@@FOREIGN_KEY_CHECKS, FOREIGN_KEY_CHECKS=0 */;
/*!40101 SET @OLD_SQL_MODE=@@SQL_MODE, SQL_MODE='NO_AUTO_VALUE_ON_ZERO' */;
/*!40111 SET @OLD_SQL_NOTES=@@SQL_NOTES, SQL_NOTES=0 */;
CREATE DATABASE /*!32312 IF NOT EXISTS*/`distributor` /*!40100 DEFAULT CHARACTER SET latin1 */;

/*Table structure for table `categories` */

DROP TABLE IF EXISTS `categories`;

CREATE TABLE `categories` (
  `categoryid` int(11) NOT NULL AUTO_INCREMENT,
  `categoryname` varchar(50) DEFAULT NULL,
  `dateadded` datetime DEFAULT NULL,
  `addedby` decimal(10,0) DEFAULT NULL,
  `deleted` tinyint(1) DEFAULT 0,
  `lastmodifiedby` decimal(10,0) DEFAULT NULL,
  `lastmodifiedon` datetime DEFAULT NULL,
  `prefix` varchar(50) DEFAULT NULL,
  `currentno` int(1) DEFAULT NULL,
  PRIMARY KEY (`categoryid`)
) ENGINE=InnoDB AUTO_INCREMENT=45 DEFAULT CHARSET=latin1;

/*Data for the table `categories` */

insert  into `categories`(`categoryid`,`categoryname`,`dateadded`,`addedby`,`deleted`,`lastmodifiedby`,`lastmodifiedon`,`prefix`,`currentno`) values (29,'RGB SODAS','2019-02-09 07:08:51','5',0,NULL,NULL,'RGB',9),(30,'PET','2019-02-09 07:08:58','5',0,NULL,NULL,'PET',32),(31,'WINE','2019-09-14 15:29:27','5',0,NULL,NULL,'WIN',69),(32,'WHISKY','2019-09-14 15:29:27','5',0,NULL,NULL,'WHI',119),(33,'SOFT DRINK','2019-09-14 15:29:27','5',0,NULL,NULL,'SOF',7),(34,'CREAM','2019-09-14 15:29:27','5',0,NULL,NULL,'CRE',17),(35,'GIN','2019-09-14 15:29:27','5',0,NULL,NULL,'GIN',11),(36,'VODKA','2019-09-14 15:29:27','5',0,NULL,NULL,'VOD',45),(37,'BRANDY','2019-09-14 15:29:27','5',0,NULL,NULL,'BRA',29),(38,'JUICE','2019-09-14 15:29:27','5',0,NULL,NULL,'JUI',11),(39,'BEER','2019-09-14 15:29:27','5',0,NULL,NULL,'BEE',25),(40,'LIQUORE','2019-09-14 15:29:27','5',0,NULL,NULL,'LIQ',9),(41,'ENERGY DRINK','2019-09-14 15:29:27','5',0,NULL,NULL,'ENE',7),(42,'SPIRIT','2019-09-14 15:29:27','5',0,NULL,NULL,'SPI',21),(43,'COGNAC','2019-09-14 15:29:27','5',0,NULL,NULL,'COG',3),(44,'RUM','2019-09-14 15:29:27','5',0,NULL,NULL,'RUM',3);

/*Table structure for table `contactscategories` */

DROP TABLE IF EXISTS `contactscategories`;

CREATE TABLE `contactscategories` (
  `id` int(11) NOT NULL AUTO_INCREMENT,
  `description` varchar(50) DEFAULT NULL,
  PRIMARY KEY (`id`)
) ENGINE=InnoDB AUTO_INCREMENT=4 DEFAULT CHARSET=latin1;

/*Data for the table `contactscategories` */

insert  into `contactscategories`(`id`,`description`) values (1,'Owner'),(2,'Accountant'),(3,'Stores Manager');

/*Table structure for table `cratesinventory` */

DROP TABLE IF EXISTS `cratesinventory`;

CREATE TABLE `cratesinventory` (
  `id` int(11) NOT NULL AUTO_INCREMENT,
  `productid` int(11) DEFAULT NULL,
  `quantity` decimal(18,2) DEFAULT NULL,
  `unitprice` decimal(18,2) DEFAULT NULL,
  `dateadded` datetime DEFAULT NULL,
  `narration` varchar(1000) DEFAULT NULL,
  `reference` varchar(50) DEFAULT NULL,
  `addedby` int(11) DEFAULT NULL,
  PRIMARY KEY (`id`),
  KEY `productid` (`productid`),
  KEY `addedby` (`addedby`),
  CONSTRAINT `cratesinventory_ibfk_1` FOREIGN KEY (`productid`) REFERENCES `products` (`productid`),
  CONSTRAINT `cratesinventory_ibfk_2` FOREIGN KEY (`addedby`) REFERENCES `user` (`id`)
) ENGINE=InnoDB AUTO_INCREMENT=24 DEFAULT CHARSET=latin1;

/*Data for the table `cratesinventory` */

insert  into `cratesinventory`(`id`,`productid`,`quantity`,`unitprice`,`dateadded`,`narration`,`reference`,`addedby`) values (1,734,'100.00','120.00','2021-01-14 13:28:31','Balance  BF as at 01_Jan_2021','Bal B/F',5),(2,734,'10.00','120.00','2021-01-16 13:50:54','Crate deposit refund','TEST001',5),(3,734,'31.00','120.00','2021-01-16 13:53:52','Crate deposit refund','RCT0001/2020',5),(4,734,'7.00','120.00','2021-01-16 13:58:41','Crate deposit refund','786786',5),(5,734,'5.00','130.00','2021-01-16 14:11:42','Crate Deposit Received.','RT00056',5),(6,734,'5.00','120.00','2021-01-19 22:17:03','Crate deposit refund','RCT02930/2021',5),(7,734,'400.00','120.00','2021-01-19 22:19:55','Balance BF for Crates Inventory','Balance BF 20_Jan_2021',5),(8,734,'100.00','120.00','2021-01-19 22:20:22','Crates purchased from EBL','4576874',5),(9,734,'100.00','120.00','2021-07-19 12:42:17','Purchased from EBL','5897589',5),(10,734,'1.00','120.00','2021-07-19 14:31:35','Crate deposit refund','RCT09812',5),(11,734,'5.00','120.00','2022-10-07 13:58:43','Crate deposit refund','RCT98487',9),(12,925,'10.00','460.00','2022-11-06 18:24:28','Crate Deposit Received.','RT00086',5),(13,925,'10.00','460.00','2022-11-06 18:26:26','Crate Deposit Refund','RT00086',5),(14,925,'5.00','460.00','2022-11-06 18:32:33','Crate Deposit Received.','RT00087',5),(15,925,'5.00','460.00','2022-11-06 18:34:56','Crate Deposit Refund','RT00087',5),(16,925,'20.00','460.00','2022-11-06 18:39:28','Crate Deposit Received.','RT00088',5),(17,925,'20.00','460.00','2022-11-06 18:39:50','Crate Deposit Refund','RT00088',5),(18,925,'1.00','460.00','2022-11-07 14:45:28','Crate Deposit Received.','RT00095',5),(19,925,'1.00','460.00','2022-11-07 17:56:18','Crate Deposit Received.','RT00098',5),(20,925,'10.00','460.00','2022-11-10 17:24:35','Purchased from EBL','3457654',5),(21,925,'5.00','460.00','2022-11-10 17:26:48','Crate Deposit Received.','RT00106',5),(22,925,'5.00','460.00','2022-11-10 17:27:36','Crate Deposit Refund','RCT0809354',5),(23,925,'3.00','460.00','2022-11-13 16:48:12','Crate Deposit Received.','RT00107',5);

/*Table structure for table `cratesinventorysettings` */

DROP TABLE IF EXISTS `cratesinventorysettings`;

CREATE TABLE `cratesinventorysettings` (
  `id` int(11) NOT NULL AUTO_INCREMENT,
  `productid` int(11) DEFAULT NULL,
  `supplierid` int(11) DEFAULT NULL,
  `glaccountid` int(11) DEFAULT NULL,
  `costcenterid` int(11) DEFAULT NULL,
  `paymentmode` int(11) DEFAULT NULL,
  `paymentaccount` int(11) DEFAULT NULL,
  PRIMARY KEY (`id`),
  KEY `productid` (`productid`),
  KEY `supplierid` (`supplierid`),
  KEY `glaccountid` (`glaccountid`),
  KEY `costcenterid` (`costcenterid`),
  KEY `paymentmode` (`paymentmode`),
  KEY `paymentaccount` (`paymentaccount`),
  CONSTRAINT `cratesinventorysettings_ibfk_1` FOREIGN KEY (`productid`) REFERENCES `products` (`productid`),
  CONSTRAINT `cratesinventorysettings_ibfk_2` FOREIGN KEY (`supplierid`) REFERENCES `suppliers` (`supplierid`),
  CONSTRAINT `cratesinventorysettings_ibfk_3` FOREIGN KEY (`glaccountid`) REFERENCES `glaccounts` (`id`),
  CONSTRAINT `cratesinventorysettings_ibfk_4` FOREIGN KEY (`costcenterid`) REFERENCES `pointsofsale` (`id`),
  CONSTRAINT `cratesinventorysettings_ibfk_5` FOREIGN KEY (`paymentmode`) REFERENCES `paymentmethods` (`id`),
  CONSTRAINT `cratesinventorysettings_ibfk_6` FOREIGN KEY (`paymentaccount`) REFERENCES `glaccounts` (`id`)
) ENGINE=InnoDB AUTO_INCREMENT=3 DEFAULT CHARSET=latin1;

/*Data for the table `cratesinventorysettings` */

insert  into `cratesinventorysettings`(`id`,`productid`,`supplierid`,`glaccountid`,`costcenterid`,`paymentmode`,`paymentaccount`) values (2,925,7,15,14,1,1);

/*Table structure for table `creditnotedetails` */

DROP TABLE IF EXISTS `creditnotedetails`;

CREATE TABLE `creditnotedetails` (
  `id` int(11) NOT NULL AUTO_INCREMENT,
  `noteid` int(11) DEFAULT NULL,
  `itemcode` int(11) DEFAULT NULL,
  `quantity` decimal(10,0) DEFAULT NULL,
  `unitprice` decimal(10,0) DEFAULT NULL,
  PRIMARY KEY (`id`),
  KEY `noteid` (`noteid`),
  KEY `itemcode` (`itemcode`),
  CONSTRAINT `creditnotedetails_ibfk_1` FOREIGN KEY (`noteid`) REFERENCES `creditnotes` (`id`),
  CONSTRAINT `creditnotedetails_ibfk_2` FOREIGN KEY (`itemcode`) REFERENCES `products` (`productid`)
) ENGINE=InnoDB DEFAULT CHARSET=latin1;

/*Data for the table `creditnotedetails` */

/*Table structure for table `creditnotes` */

DROP TABLE IF EXISTS `creditnotes`;

CREATE TABLE `creditnotes` (
  `id` int(11) NOT NULL AUTO_INCREMENT,
  `noteno` varchar(50) DEFAULT NULL,
  `customerid` decimal(10,0) DEFAULT NULL,
  `dateadded` datetime DEFAULT NULL,
  `addedby` int(11) DEFAULT NULL,
  `used` bit(1) DEFAULT b'0',
  `possaleid` decimal(10,0) DEFAULT NULL,
  PRIMARY KEY (`id`)
) ENGINE=InnoDB DEFAULT CHARSET=latin1;

/*Data for the table `creditnotes` */

/*Table structure for table `currencies` */

DROP TABLE IF EXISTS `currencies`;

CREATE TABLE `currencies` (
  `id` int(11) NOT NULL AUTO_INCREMENT,
  `currencyname` varchar(50) DEFAULT NULL,
  `symbol` varchar(3) DEFAULT NULL,
  `default` tinyint(1) DEFAULT 0,
  PRIMARY KEY (`id`)
) ENGINE=InnoDB AUTO_INCREMENT=4 DEFAULT CHARSET=latin1;

/*Data for the table `currencies` */

insert  into `currencies`(`id`,`currencyname`,`symbol`,`default`) values (1,'Kenya Shilling','KES',1),(2,'US Dollar','$',0),(3,'Euro','€',0);

/*Table structure for table `customercategories` */

DROP TABLE IF EXISTS `customercategories`;

CREATE TABLE `customercategories` (
  `id` int(11) NOT NULL AUTO_INCREMENT,
  `description` varchar(50) DEFAULT NULL,
  `dateadded` datetime DEFAULT NULL,
  `addedby` decimal(10,0) DEFAULT NULL,
  `lastmodifiedon` datetime DEFAULT NULL,
  `lastmodifiedby` decimal(10,0) DEFAULT NULL,
  `default` tinyint(1) DEFAULT NULL,
  PRIMARY KEY (`id`)
) ENGINE=InnoDB AUTO_INCREMENT=7 DEFAULT CHARSET=latin1;

/*Data for the table `customercategories` */

insert  into `customercategories`(`id`,`description`,`dateadded`,`addedby`,`lastmodifiedon`,`lastmodifiedby`,`default`) values (1,'Club',NULL,NULL,NULL,NULL,0),(2,'Wholesale',NULL,NULL,NULL,NULL,0),(3,'Stockist',NULL,NULL,NULL,NULL,0),(4,'Supermarket',NULL,NULL,NULL,NULL,0),(5,'SSD',NULL,NULL,NULL,NULL,0),(6,'Individual',NULL,NULL,NULL,NULL,1);

/*Table structure for table `customercontacts` */

DROP TABLE IF EXISTS `customercontacts`;

CREATE TABLE `customercontacts` (
  `id` int(11) NOT NULL AUTO_INCREMENT,
  `categoryid` int(11) DEFAULT NULL,
  `contactname` varchar(100) DEFAULT NULL,
  `mobile` varchar(40) DEFAULT NULL,
  `email` varchar(50) DEFAULT NULL,
  `dateadded` datetime DEFAULT NULL,
  `addedby` int(11) DEFAULT NULL,
  `deleted` tinyint(1) DEFAULT 0,
  `datedeleted` datetime DEFAULT NULL,
  `deletedby` int(11) DEFAULT NULL,
  `customerid` int(11) DEFAULT NULL,
  PRIMARY KEY (`id`),
  KEY `categoryid` (`categoryid`),
  KEY `addedby` (`addedby`),
  KEY `deletedby` (`deletedby`),
  KEY `customerid` (`customerid`),
  CONSTRAINT `customercontacts_ibfk_1` FOREIGN KEY (`categoryid`) REFERENCES `contactscategories` (`id`),
  CONSTRAINT `customercontacts_ibfk_2` FOREIGN KEY (`addedby`) REFERENCES `user` (`id`),
  CONSTRAINT `customercontacts_ibfk_3` FOREIGN KEY (`deletedby`) REFERENCES `user` (`id`),
  CONSTRAINT `customercontacts_ibfk_4` FOREIGN KEY (`customerid`) REFERENCES `customers` (`customerid`)
) ENGINE=InnoDB AUTO_INCREMENT=4 DEFAULT CHARSET=latin1;

/*Data for the table `customercontacts` */

insert  into `customercontacts`(`id`,`categoryid`,`contactname`,`mobile`,`email`,`dateadded`,`addedby`,`deleted`,`datedeleted`,`deletedby`,`customerid`) values (1,2,'Richard Onyango','0727709772','akellorich@yahoo.com','2023-02-12 15:55:52',5,0,NULL,NULL,25),(2,1,'James Makau Njega','0727709772','jnjenga@gmail.com','2023-02-12 15:56:23',5,0,NULL,NULL,25),(3,2,'Richard Onyango Akelo','0796611373','akellorich@yahoo.com','2023-04-03 09:27:49',5,0,NULL,NULL,33);

/*Table structure for table `customerdiscountsettings` */

DROP TABLE IF EXISTS `customerdiscountsettings`;

CREATE TABLE `customerdiscountsettings` (
  `id` int(11) NOT NULL AUTO_INCREMENT,
  `customerid` int(11) DEFAULT NULL,
  `productid` int(11) DEFAULT NULL,
  `discount` decimal(10,0) DEFAULT NULL,
  `percentage` bit(1) DEFAULT NULL,
  `expirydate` datetime DEFAULT NULL,
  `dateadded` datetime DEFAULT NULL,
  `addedby` int(11) DEFAULT NULL,
  `deleted` bit(1) DEFAULT b'0',
  `lastmodifiedby` int(11) DEFAULT NULL,
  `lastmodifiedon` datetime DEFAULT NULL,
  PRIMARY KEY (`id`),
  KEY `customerid` (`customerid`),
  KEY `productid` (`productid`),
  CONSTRAINT `customerdiscountsettings_ibfk_1` FOREIGN KEY (`customerid`) REFERENCES `customers` (`customerid`),
  CONSTRAINT `customerdiscountsettings_ibfk_2` FOREIGN KEY (`productid`) REFERENCES `products` (`productid`)
) ENGINE=InnoDB AUTO_INCREMENT=10 DEFAULT CHARSET=latin1;

/*Data for the table `customerdiscountsettings` */

insert  into `customerdiscountsettings`(`id`,`customerid`,`productid`,`discount`,`percentage`,`expirydate`,`dateadded`,`addedby`,`deleted`,`lastmodifiedby`,`lastmodifiedon`) values (2,14,546,'10','\0','0000-00-00 00:00:00','2020-03-31 11:16:41',5,'\0',NULL,NULL),(3,17,532,'10','\0','0000-00-00 00:00:00','2020-05-22 14:50:19',5,'\0',NULL,NULL),(5,14,528,'10','','2022-07-31 00:00:00','2021-07-12 17:38:58',5,'\0',NULL,NULL),(8,30,924,'15','\0','2022-10-31 00:00:00','2022-10-07 12:53:55',5,'\0',NULL,NULL),(9,31,634,'100','\0','2023-05-31 00:00:00','2023-01-16 08:33:47',5,'\0',NULL,NULL);

/*Table structure for table `customerpricematrix` */

DROP TABLE IF EXISTS `customerpricematrix`;

CREATE TABLE `customerpricematrix` (
  `id` int(11) NOT NULL AUTO_INCREMENT,
  `itemid` int(11) DEFAULT NULL,
  `customercategoryid` int(11) DEFAULT NULL,
  `percentage` bit(1) DEFAULT NULL,
  `value` decimal(10,0) DEFAULT NULL,
  PRIMARY KEY (`id`),
  KEY `itemid` (`itemid`),
  KEY `customercategoryid` (`customercategoryid`),
  CONSTRAINT `customerpricematrix_ibfk_1` FOREIGN KEY (`itemid`) REFERENCES `products` (`productid`),
  CONSTRAINT `customerpricematrix_ibfk_2` FOREIGN KEY (`customercategoryid`) REFERENCES `customers` (`customerid`)
) ENGINE=InnoDB AUTO_INCREMENT=4 DEFAULT CHARSET=latin1;

/*Data for the table `customerpricematrix` */

insert  into `customerpricematrix`(`id`,`itemid`,`customercategoryid`,`percentage`,`value`) values (2,926,1,'\0','5'),(3,552,2,'\0','100');

/*Table structure for table `customerreceiptdetails` */

DROP TABLE IF EXISTS `customerreceiptdetails`;

CREATE TABLE `customerreceiptdetails` (
  `id` int(11) NOT NULL AUTO_INCREMENT,
  `receiptid` int(11) DEFAULT NULL,
  `possaleid` int(11) DEFAULT NULL,
  `amount` decimal(10,0) DEFAULT NULL,
  PRIMARY KEY (`id`)
) ENGINE=InnoDB AUTO_INCREMENT=35 DEFAULT CHARSET=latin1;

/*Data for the table `customerreceiptdetails` */

insert  into `customerreceiptdetails`(`id`,`receiptid`,`possaleid`,`amount`) values (3,3,41,'975'),(4,4,49,'3400'),(5,5,49,'300'),(6,6,73,'1500'),(7,7,50,'10000'),(8,8,73,'655'),(9,10,101,NULL),(10,11,102,'4500'),(11,12,49,'100'),(12,12,95,'250'),(13,12,96,'250'),(14,12,97,'750'),(15,12,98,'1750'),(16,12,99,'2800'),(17,12,100,'6900'),(18,12,101,'4750'),(19,13,105,NULL),(20,14,105,'4410'),(21,15,123,'1000'),(22,16,132,'4550'),(23,17,135,'910'),(24,18,136,'0'),(25,19,136,'1000'),(26,20,167,'570'),(27,21,168,'3000'),(28,22,169,'570'),(29,23,170,'6080'),(30,24,171,'730'),(31,25,172,NULL),(32,26,173,'0'),(33,27,174,'2100'),(34,28,175,'0');

/*Table structure for table `customerreceipts` */

DROP TABLE IF EXISTS `customerreceipts`;

CREATE TABLE `customerreceipts` (
  `id` int(11) NOT NULL AUTO_INCREMENT,
  `receiptno` varchar(50) DEFAULT NULL,
  `customerid` int(11) DEFAULT NULL,
  `receiptdate` datetime DEFAULT NULL,
  `addedby` int(11) DEFAULT NULL,
  `modeofpayment` int(11) DEFAULT NULL,
  `referenceno` varchar(50) DEFAULT NULL,
  `deleted` tinyint(1) DEFAULT NULL,
  `reasondeleted` varchar(500) DEFAULT NULL,
  `deletedby` int(11) DEFAULT NULL,
  `lastmodifieddate` datetime DEFAULT NULL,
  `banked` tinyint(1) DEFAULT NULL,
  `bankingrefno` varchar(50) DEFAULT NULL,
  PRIMARY KEY (`id`),
  KEY `addedby` (`addedby`),
  KEY `modeofpayment` (`modeofpayment`),
  KEY `deletedby` (`deletedby`),
  KEY `customerid` (`customerid`),
  CONSTRAINT `customerreceipts_ibfk_1` FOREIGN KEY (`addedby`) REFERENCES `user` (`id`),
  CONSTRAINT `customerreceipts_ibfk_2` FOREIGN KEY (`modeofpayment`) REFERENCES `paymentmethods` (`id`),
  CONSTRAINT `customerreceipts_ibfk_3` FOREIGN KEY (`deletedby`) REFERENCES `user` (`id`),
  CONSTRAINT `customerreceipts_ibfk_4` FOREIGN KEY (`customerid`) REFERENCES `customers` (`customerid`)
) ENGINE=InnoDB AUTO_INCREMENT=29 DEFAULT CHARSET=latin1;

/*Data for the table `customerreceipts` */

insert  into `customerreceipts`(`id`,`receiptno`,`customerid`,`receiptdate`,`addedby`,`modeofpayment`,`referenceno`,`deleted`,`reasondeleted`,`deletedby`,`lastmodifieddate`,`banked`,`bankingrefno`) values (3,'CRP00003',14,'2020-03-25 17:59:51',5,1,'-',0,NULL,NULL,NULL,1,'NX123456'),(4,'CRP00004',11,'2020-05-27 16:28:05',5,2,'ODM34785J',0,NULL,NULL,NULL,1,'347897'),(5,'CRP00005',11,'2020-05-27 16:28:58',5,2,'ODM28798J',0,NULL,NULL,NULL,1,'OA2EXWAKO'),(6,'CRP00006',15,'2020-07-08 15:21:04',5,3,'58479',0,NULL,NULL,NULL,NULL,NULL),(7,'CRP00007',23,'2020-07-08 17:34:38',5,3,'001234',0,NULL,NULL,NULL,1,'57894'),(8,'CRP00008',15,'2020-12-16 14:03:35',5,3,'7786',0,NULL,NULL,NULL,NULL,NULL),(9,'CRP00009',20,'2021-08-08 19:26:08',5,3,'347385',0,NULL,NULL,NULL,NULL,NULL),(10,'CRP00010',11,'2021-08-18 05:42:33',5,6,'CRS00019',NULL,NULL,NULL,NULL,NULL,NULL),(11,'CRP00010',11,'2021-08-18 06:18:17',5,6,'CRS00020',NULL,NULL,NULL,NULL,NULL,NULL),(12,'CRP00010',11,'2021-08-19 10:08:29',5,1,'-',0,NULL,NULL,NULL,NULL,NULL),(13,'CRP00011',30,'2022-10-07 13:20:26',9,6,'CRS00021',NULL,NULL,NULL,NULL,NULL,NULL),(14,'CRP00011',30,'2022-10-07 13:21:55',9,3,'57634',0,NULL,NULL,NULL,NULL,NULL),(15,'CRP00012',11,'2022-11-08 11:29:29',5,6,'CRS00022',NULL,NULL,NULL,NULL,NULL,NULL),(16,'CRP00012',25,'2023-01-13 19:51:15',5,4,'CRS00023',NULL,NULL,NULL,NULL,NULL,NULL),(17,'CRP00012',25,'2023-01-16 11:32:05',5,4,'CRS00024',NULL,NULL,NULL,NULL,NULL,NULL),(18,'CRP00012',30,'2023-01-16 11:34:41',5,4,'CRS00025',NULL,NULL,NULL,NULL,NULL,NULL),(19,'CRP00012',30,'2023-01-16 11:36:06',5,2,'5687456',0,NULL,NULL,NULL,NULL,NULL),(20,'CRP00013',11,'2023-02-13 14:45:36',5,4,'CRS00026',NULL,NULL,NULL,NULL,NULL,NULL),(21,'CRP00013',25,'2023-02-22 08:19:40',5,4,'CRS00027',NULL,NULL,NULL,NULL,NULL,NULL),(22,'CRP00013',25,'2023-02-22 08:27:02',5,4,'CRS00028',NULL,NULL,NULL,NULL,NULL,NULL),(23,'CRP00013',11,'2023-02-22 09:14:28',5,4,'CRS00029',NULL,NULL,NULL,NULL,NULL,NULL),(24,'CRP00013',11,'2023-02-22 13:07:44',5,4,'CRS00030',NULL,NULL,NULL,NULL,NULL,NULL),(25,'CRP00013',31,'2023-02-22 13:17:03',5,4,'CRS00031',NULL,NULL,NULL,NULL,NULL,NULL),(26,'CRP00013',30,'2023-02-23 11:10:47',5,4,'CRS00032',NULL,NULL,NULL,NULL,NULL,NULL),(27,'CRP00013',25,'2023-02-23 11:33:37',5,4,'CRS00033',NULL,NULL,NULL,NULL,NULL,NULL),(28,'CRP00013',30,'2023-02-23 11:35:02',5,4,'CRS00034',NULL,NULL,NULL,NULL,NULL,NULL);

/*Table structure for table `customers` */

DROP TABLE IF EXISTS `customers`;

CREATE TABLE `customers` (
  `customerid` int(11) NOT NULL AUTO_INCREMENT,
  `customername` varchar(50) DEFAULT NULL,
  `tradingname` varchar(50) DEFAULT NULL,
  `physicaladdress` varchar(50) DEFAULT NULL,
  `postaladdress` varchar(50) DEFAULT NULL,
  `mobile` varchar(50) DEFAULT NULL,
  `email` varchar(50) DEFAULT NULL,
  `creditlimit` decimal(10,0) DEFAULT NULL,
  `creditterm` int(11) DEFAULT NULL,
  `dateadded` datetime DEFAULT NULL,
  `addedby` decimal(10,0) DEFAULT NULL,
  `deleted` tinyint(1) DEFAULT 0,
  `lastdatemodified` datetime DEFAULT NULL,
  `lastmodifiedby` decimal(10,0) DEFAULT NULL,
  `catid` int(11) DEFAULT NULL,
  `posid` int(11) DEFAULT NULL,
  `onetimecustomer` tinyint(1) DEFAULT NULL,
  `pinno` varchar(50) DEFAULT NULL,
  `idno` varchar(50) DEFAULT NULL,
  `subzoneid` int(11) DEFAULT NULL,
  `town` varchar(50) DEFAULT '',
  `postalcode` varchar(50) DEFAULT '',
  PRIMARY KEY (`customerid`),
  KEY `catid` (`catid`),
  KEY `posid` (`posid`),
  CONSTRAINT `customers_ibfk_1` FOREIGN KEY (`catid`) REFERENCES `customercategories` (`id`),
  CONSTRAINT `customers_ibfk_2` FOREIGN KEY (`posid`) REFERENCES `pointsofsale` (`id`)
) ENGINE=InnoDB AUTO_INCREMENT=35 DEFAULT CHARSET=latin1;

/*Data for the table `customers` */

insert  into `customers`(`customerid`,`customername`,`tradingname`,`physicaladdress`,`postaladdress`,`mobile`,`email`,`creditlimit`,`creditterm`,`dateadded`,`addedby`,`deleted`,`lastdatemodified`,`lastmodifiedby`,`catid`,`posid`,`onetimecustomer`,`pinno`,`idno`,`subzoneid`,`town`,`postalcode`) values (1,'Richard Onyango',NULL,'Motorworld Center, Opp City Stadium','52428 00200 Nairobi','+254727709772','akellorich@yahoo.com','0',NULL,'2018-11-18 01:34:58','1',1,'2019-02-09 07:00:59','5',1,NULL,0,NULL,NULL,NULL,'',''),(2,'Dalmas O. Owira',NULL,'Motorworld Center, Opp City Stadium','52428 00200 Nairobi','+254727709772','akellorich@yahoo.com','0',NULL,'2018-11-18 01:36:38','1',1,'2019-02-09 07:01:13','5',2,NULL,0,NULL,NULL,NULL,'',''),(3,'Leonard W. Wakoli',NULL,'Motoworld Center, Opp City Stadium','52428 00200 Nairobi','+254727709772','akellorich@yahoo.com','0',NULL,'2018-11-18 01:47:46','1',1,'2019-02-09 07:01:07','5',3,NULL,0,NULL,NULL,NULL,'',''),(4,'Tunda Old',NULL,'Motoworld Center, Opp City Stadium','52428 00200 Nairobi','+254727709772','akellorich@yahoo.com','0',NULL,'2018-11-18 01:49:05','1',1,'2019-02-09 07:00:57','5',1,5,0,NULL,NULL,NULL,'',''),(5,'Cash Sale',NULL,'Bondo','-','-','-','0',NULL,'2018-11-18 02:32:09','1',1,'2019-02-09 07:01:10','5',2,NULL,0,NULL,NULL,NULL,'',''),(6,'Joyce Nyamonye',NULL,'Nyamonye','-','-','-','0',NULL,'2018-11-20 05:17:35','6',1,'2019-02-09 07:01:05','5',3,NULL,0,NULL,NULL,NULL,'',''),(7,'Sip and Wine Shop',NULL,'Rabai Road Buru Buru Kenya','52428 00200 Nairobi','0727709772','sipandshop@gmail.com','0',NULL,'2018-12-31 05:07:01','5',1,'2019-02-09 07:01:15','5',2,NULL,0,NULL,NULL,NULL,'',''),(8,'Juniors Supermarket',NULL,'The Point Buru Buru','78459 00100 Nairobi','0722 xxx xxx','pondsplate@gmail.com','0',NULL,'2018-12-31 05:12:06','5',1,'2019-02-09 00:32:21','5',1,NULL,0,NULL,NULL,NULL,'',''),(9,'Vimba Club Bondo',NULL,'Bondo Usenge Highway','-','0720000111','vimbaclub@gmail.com','0',NULL,'2019-02-08 23:40:09','5',1,'2019-02-09 07:01:01','5',1,5,0,NULL,NULL,NULL,'',''),(10,'Annex Club Bondo',NULL,'Nyawita - Siaya Road','-','0730567123','annexclub@yahoo.com','0',NULL,'2019-02-08 23:48:13','5',1,'2019-02-09 07:01:03','5',3,5,0,NULL,NULL,NULL,'',''),(11,'WALKIN CUSTOMER',NULL,'-','-','-','-','0',NULL,'2019-02-09 07:01:58','5',0,'2022-11-01 12:55:27','5',4,18,0,'--','--',NULL,'',''),(12,'NUSRA SUPERMARKET A',NULL,'-','-','-','-','0',NULL,'2019-02-09 07:02:14','5',0,NULL,NULL,4,9,0,NULL,NULL,NULL,'',''),(13,'NUSRA SUPERMARKET B',NULL,'-','-','-','-','0',NULL,'2019-02-09 07:02:24','5',0,NULL,NULL,4,9,0,NULL,NULL,NULL,'',''),(14,'CAJO SUPERMARKET',NULL,'-','-','-','-','0',NULL,'2019-02-09 07:02:33','5',0,'2021-07-12 17:35:21','5',4,9,1,'A004789754W','69850487659',NULL,'',''),(15,'BONDO DISCOUNT SUPERMARKET',NULL,'-','-','-','-','0',NULL,'2019-02-09 07:02:46','5',0,'2020-03-25 17:41:26','5',4,9,0,NULL,NULL,NULL,'',''),(16,'SHOPPERS SUPERMARKET A',NULL,'-','-','-','-','0',NULL,'2019-02-09 07:03:03','5',0,NULL,NULL,4,9,0,NULL,NULL,NULL,'',''),(17,'SHOPPERS SUPERMARKET B',NULL,'-','-','-','-','0',NULL,'2019-02-09 07:03:07','5',0,NULL,NULL,4,9,0,NULL,NULL,NULL,'',''),(18,'MILAMBA SUPERMARKET B',NULL,'-','-','-','-','0',NULL,'2019-02-09 07:03:15','5',0,NULL,NULL,4,9,0,NULL,NULL,NULL,'',''),(19,'PAMELA OSIEKO',NULL,'-','-','-','-','0',NULL,'2019-02-09 07:03:36','5',0,NULL,NULL,4,9,0,NULL,NULL,NULL,'',''),(20,'GEORGE UHANYA',NULL,'-','-','-','-','0',NULL,'2019-02-09 07:03:45','5',0,'2022-11-01 12:55:14','5',4,18,0,'-','-',NULL,'',''),(21,'STEVE OYUCHO UYAWI',NULL,'-','-','-','-','0',NULL,'2019-02-09 07:03:57','5',0,NULL,NULL,4,9,0,NULL,NULL,NULL,'',''),(22,'MWALIMU MARANDA',NULL,'-','-','-','-','0',NULL,'2019-02-09 07:04:10','5',0,NULL,NULL,4,9,0,NULL,NULL,NULL,'',''),(23,'MADAM EUNICE',NULL,'-','-','-','-','0',NULL,'2019-02-09 07:04:20','5',0,NULL,NULL,4,9,0,NULL,NULL,NULL,'',''),(24,'CAMPARI WINES AND SPIRITS',NULL,'-','-','-','-','0',NULL,'2019-02-09 07:04:36','5',0,NULL,NULL,2,9,0,NULL,NULL,NULL,'',''),(25,'Richard Onyango Akelo',NULL,'Haile Sellasie','52428','0796611373','akellorich@yahoo.com','0',NULL,'2021-07-12 16:56:49','5',0,'2023-02-12 16:05:25','5',1,14,0,'A00387949876Q','23657524',5,'',''),(26,'Naivas Supermarket',NULL,'Nairobi','038983','0917993','info@naivas.co.ke','0',NULL,'2021-07-19 12:02:17','5',0,'2021-07-19 12:02:41','5',4,14,0,'A002937283M','328098023',NULL,'',''),(28,'Martin Obwaka',NULL,'','','0727709772','','0',NULL,'2021-07-20 08:05:01','5',0,NULL,NULL,6,14,1,'A0019389Q','23652765',NULL,'',''),(29,'John Paul',NULL,'','','0712334556','','0',NULL,'2021-07-20 08:26:49','5',0,NULL,NULL,6,14,1,'A2867654W','2576235',NULL,'',''),(30,'Eva',NULL,'0','0','0723 xxx xxx','eva@gmail.com','0',NULL,'2022-10-07 12:50:25','5',0,'2023-01-14 12:00:19','5',1,14,0,'4568764578','36576534',NULL,'',''),(31,'Test Customer 1',NULL,'Haile Sellasie','52428','0796611373','akellorich@yahoo.com','0',NULL,'2023-01-16 08:33:22','5',0,NULL,NULL,6,18,0,'A00387949876J','23657525',NULL,'',''),(32,'New Test Customer',NULL,'Nairobi','00200','0727709772','akellorich@yahoo.com','0',NULL,'2023-02-14 04:29:10','5',0,NULL,NULL,1,18,0,'456876','8476',5,'',''),(33,'1824 Whisky Bar','1824 Whisky Bar','Langata Road','-','0727709772','akellorich@gmail.com','1000000',0,'2023-03-04 13:11:39','5',0,'2023-04-03 09:20:00','5',1,18,0,'A00387949876J','236575980',5,'',''),(34,'Test  Customer 2','Test  Customer 2','','','07277709772','','0',15,'2023-04-22 13:44:27','5',0,NULL,NULL,1,18,0,'','',5,'','');

/*Table structure for table `customersuspenseaccount` */

DROP TABLE IF EXISTS `customersuspenseaccount`;

CREATE TABLE `customersuspenseaccount` (
  `id` int(11) NOT NULL AUTO_INCREMENT,
  `customerid` int(11) DEFAULT NULL,
  `transactiondate` datetime DEFAULT NULL,
  `referenceno` varchar(50) DEFAULT NULL,
  `debit` decimal(10,0) DEFAULT NULL,
  `credit` int(11) DEFAULT NULL,
  `addedby` int(11) DEFAULT NULL,
  `narration` varchar(500) DEFAULT NULL,
  PRIMARY KEY (`id`),
  KEY `customerid` (`customerid`),
  KEY `addedby` (`addedby`),
  CONSTRAINT `customersuspenseaccount_ibfk_1` FOREIGN KEY (`customerid`) REFERENCES `customers` (`customerid`),
  CONSTRAINT `customersuspenseaccount_ibfk_2` FOREIGN KEY (`addedby`) REFERENCES `user` (`id`)
) ENGINE=InnoDB AUTO_INCREMENT=21 DEFAULT CHARSET=latin1;

/*Data for the table `customersuspenseaccount` */

insert  into `customersuspenseaccount`(`id`,`customerid`,`transactiondate`,`referenceno`,`debit`,`credit`,`addedby`,`narration`) values (2,15,'2020-12-16 14:03:35','CRP00008',NULL,99345,5,'Customer amount overpaid'),(3,25,'2021-08-08 19:26:08','CRP00009',NULL,5600000,5,'Customer amount overpaid'),(5,25,'2021-08-18 06:18:17','RT00080','4500',NULL,5,'Credit sale advanced to WALKIN CUSTOMER account id: 11 invoice ref: CRS00020'),(6,11,'2021-08-19 10:08:29','CRP00010',NULL,33650,5,'Customer amount overpaid'),(7,30,'2022-10-07 13:20:26','RT00083',NULL,NULL,9,'Credit sale advanced to Eva account id: 30 invoice ref: CRS00021'),(8,11,'2022-11-08 11:29:29','RT00101','1000',NULL,5,'Credit sale advanced to WALKIN CUSTOMER account id: 11 invoice ref: CRS00022'),(9,25,'2023-01-13 19:51:15','RT00110','4550',NULL,5,'Credit sale advanced to Richard Onyango Akelo account id: 25 invoice ref: CRS00023'),(10,25,'2023-01-16 11:32:05','RT00113','910',NULL,5,'Credit sale advanced to Richard Onyango Akelo account id: 25 invoice ref: CRS00024'),(11,30,'2023-01-16 11:34:41','RT00114','0',NULL,5,'Credit sale advanced to Eva account id: 30 invoice ref: CRS00025'),(12,11,'2023-02-13 14:45:36','RT00145','570',NULL,5,'Credit sale advanced to WALKIN CUSTOMER account id: 11 invoice ref: CRS00026'),(13,25,'2023-02-22 08:19:40','RT00146','3000',NULL,5,'Credit sale advanced to Richard Onyango Akelo account id: 25 invoice ref: CRS00027'),(14,25,'2023-02-22 08:27:02','RT00147','570',NULL,5,'Credit sale advanced to Richard Onyango Akelo account id: 25 invoice ref: CRS00028'),(15,11,'2023-02-22 09:14:28','RT00148','6080',NULL,5,'Credit sale advanced to WALKIN CUSTOMER account id: 11 invoice ref: CRS00029'),(16,11,'2023-02-22 13:07:44','RT00149','730',NULL,5,'Credit sale advanced to WALKIN CUSTOMER account id: 11 invoice ref: CRS00030'),(17,31,'2023-02-22 13:17:03','RT00150',NULL,NULL,5,'Credit sale advanced to Test Customer 1 account id: 31 invoice ref: CRS00031'),(18,30,'2023-02-23 11:10:47','RT00151','0',NULL,5,'Credit sale advanced to Eva account id: 30 invoice ref: CRS00032'),(19,25,'2023-02-23 11:33:37','RT00152','2100',NULL,5,'Credit sale advanced to Richard Onyango Akelo account id: 25 invoice ref: CRS00033'),(20,30,'2023-02-23 11:35:02','RT00153','0',NULL,5,'Credit sale advanced to Eva account id: 30 invoice ref: CRS00034');

/*Table structure for table `defaultterms` */

DROP TABLE IF EXISTS `defaultterms`;

CREATE TABLE `defaultterms` (
  `purchaseorder` varchar(5000) DEFAULT NULL,
  `quotation` varchar(5000) DEFAULT NULL
) ENGINE=InnoDB DEFAULT CHARSET=latin1;

/*Data for the table `defaultterms` */

insert  into `defaultterms`(`purchaseorder`,`quotation`) values ('1) Items are paid on delivery\r\n2) Only items meeting specification will be accepted\r\n3) Invoices are due on demand\r\n4) Include a copy of the quotation on order\r\n5) This quotation is valid for 7 days','1) Above prices are subject to 16% VAT\r\n2) Payment terms: Cash Payment\r\n3) Quotation validity 14 Days\r\n4) Size tolerance :+/- 3mm\r\n5) Quality tolerance: +/- 10%\r\n6) Closure: Stitching\r\n7) Lead time One week\r\n\r\nIMPORTANT: issuance of LPO  for the above cartons will be considered as an acceptance  of this quotation and  terms and conditions stated herein\r\n\r\nAwaiting for your favorable response and assuring you of the best quality and efficient service');

/*Table structure for table `departments` */

DROP TABLE IF EXISTS `departments`;

CREATE TABLE `departments` (
  `id` int(11) NOT NULL AUTO_INCREMENT,
  `departmentname` varchar(50) DEFAULT NULL,
  `dateadded` datetime DEFAULT NULL,
  `addedby` int(11) DEFAULT NULL,
  `deleted` tinyint(1) DEFAULT 0,
  `hodid` int(11) DEFAULT NULL,
  PRIMARY KEY (`id`),
  KEY `hodid` (`hodid`),
  KEY `addedby` (`addedby`),
  CONSTRAINT `departments_ibfk_1` FOREIGN KEY (`hodid`) REFERENCES `user` (`id`),
  CONSTRAINT `departments_ibfk_2` FOREIGN KEY (`addedby`) REFERENCES `user` (`id`)
) ENGINE=InnoDB AUTO_INCREMENT=9 DEFAULT CHARSET=latin1;

/*Data for the table `departments` */

insert  into `departments`(`id`,`departmentname`,`dateadded`,`addedby`,`deleted`,`hodid`) values (1,'Finance','2021-08-20 16:13:39',5,0,5),(2,'Human Resource','2021-08-20 16:13:44',5,0,5),(3,'Production','2021-08-20 16:15:13',5,1,5),(4,'Administration','2021-08-20 16:17:02',5,0,5),(5,'Stores and Warehouse','2021-08-20 16:17:10',5,0,5),(6,'Managed Services','2021-08-20 16:17:19',5,0,5),(7,'Supply Chain','2021-08-20 17:26:43',5,0,5),(8,'Commercial','2021-08-20 17:26:49',5,0,5);

/*Table structure for table `emailconfiguration` */

DROP TABLE IF EXISTS `emailconfiguration`;

CREATE TABLE `emailconfiguration` (
  `emailaddress` varchar(100) DEFAULT NULL,
  `password` varchar(100) DEFAULT NULL,
  `smtpserver` varchar(100) DEFAULT NULL,
  `usessl` tinyint(4) DEFAULT NULL,
  `smtpport` int(11) DEFAULT NULL
) ENGINE=InnoDB DEFAULT CHARSET=latin1;

/*Data for the table `emailconfiguration` */

insert  into `emailconfiguration`(`emailaddress`,`password`,`smtpserver`,`usessl`,`smtpport`) values ('no-reply@saccosoft.com','K@r1bun1kenya','mail.saccosoft.com',1,465);

/*Table structure for table `fleetbodytypes` */

DROP TABLE IF EXISTS `fleetbodytypes`;

CREATE TABLE `fleetbodytypes` (
  `id` int(11) NOT NULL,
  `description` varchar(50) DEFAULT NULL,
  `dateadded` datetime DEFAULT NULL,
  `addedby` int(11) DEFAULT NULL,
  `deleted` tinyint(1) DEFAULT NULL,
  `deletedby` int(11) DEFAULT NULL,
  `deleteddate` datetime DEFAULT NULL,
  `deletedreason` varchar(100) DEFAULT NULL
) ENGINE=InnoDB DEFAULT CHARSET=utf8mb4;

/*Data for the table `fleetbodytypes` */

insert  into `fleetbodytypes`(`id`,`description`,`dateadded`,`addedby`,`deleted`,`deletedby`,`deleteddate`,`deletedreason`) values (1,'TUK TUK',NULL,NULL,0,NULL,NULL,NULL),(2,'Pick-up',NULL,NULL,0,NULL,NULL,NULL),(3,'Lorry',NULL,NULL,0,NULL,NULL,NULL);

/*Table structure for table `fleetfuelrequisition` */

DROP TABLE IF EXISTS `fleetfuelrequisition`;

CREATE TABLE `fleetfuelrequisition` (
  `id` int(11) NOT NULL,
  `requisitionno` varchar(50) DEFAULT NULL,
  `vehicleid` int(11) DEFAULT NULL,
  `odoreading` int(11) DEFAULT NULL,
  `costcenterid` int(11) DEFAULT NULL,
  `supplierid` int(11) DEFAULT NULL,
  `quantity` decimal(18,2) DEFAULT NULL,
  `unitprice` decimal(18,2) DEFAULT NULL,
  `dateadded` datetime DEFAULT NULL,
  `addedby` int(11) DEFAULT NULL,
  `dateapproved` datetime DEFAULT NULL,
  `approvedby` int(11) DEFAULT NULL,
  `requestedby` int(11) DEFAULT NULL
) ENGINE=InnoDB DEFAULT CHARSET=utf8mb4;

/*Data for the table `fleetfuelrequisition` */

insert  into `fleetfuelrequisition`(`id`,`requisitionno`,`vehicleid`,`odoreading`,`costcenterid`,`supplierid`,`quantity`,`unitprice`,`dateadded`,`addedby`,`dateapproved`,`approvedby`,`requestedby`) values (4,NULL,1,7899,14,2,'1.00','110.00','2022-02-02 15:46:12',5,'2022-02-02 15:49:05',5,5),(5,'RQN00001',1,7899,14,2,'1.00','110.00','2022-02-02 15:48:52',5,'2022-02-02 15:49:17',5,5),(6,'RQN00002',5,1,14,17,'10.00','137.00','2022-05-13 19:13:42',9,'2022-05-13 19:13:59',9,17),(7,'RQN00003',2,176,14,17,'70.96','140.92','2022-06-17 12:31:17',40,'2022-06-17 12:32:47',9,42),(8,'RQN00004',4,2,14,17,'84.00','119.05','2022-06-17 14:50:03',9,'2022-06-17 14:50:58',9,34),(9,'RQN00005',10,186,14,17,'31.25','160.00','2022-06-18 08:43:30',40,'2022-06-18 08:44:19',40,44),(10,'RQN00006',4,186,14,17,'70.96','140.92','2022-06-18 08:52:22',40,'2022-06-18 08:53:18',9,34),(11,'RQN00007',4,186,14,17,'70.96','140.92','2022-06-18 08:52:22',40,NULL,9,34),(12,'RQN00008',6,186,14,17,'7.21','140.92','2022-06-18 09:01:12',40,'2022-06-18 09:01:24',9,30),(13,'RQN00009',11,186,14,17,'10.65','140.91','2022-06-18 13:09:56',40,'2022-06-18 13:18:48',9,45),(14,'RQN00010',6,26,14,17,'7.52','132.98','2022-06-18 15:25:59',40,NULL,9,30),(15,'RQN00011',3,26,14,17,'30.00','133.00','2022-06-18 15:27:52',40,NULL,9,16),(16,'RQN00012',5,66,14,17,'7.51','133.15','2022-06-18 15:30:17',40,NULL,9,17),(17,'RQN00013',10,66,14,17,'33.12','150.96','2022-06-18 15:39:14',40,NULL,9,44),(18,'RQN00014',10,66,14,17,'33.12','150.96','2022-06-18 15:39:14',40,NULL,9,44),(19,'RQN00015',4,76,14,17,'75.11','133.13','2022-06-18 15:40:34',40,NULL,9,40),(20,'RQN00016',6,76,14,17,'7.52','133.00','2022-06-18 15:42:19',40,NULL,9,30),(21,'RQN00017',2,136,14,17,'75.11','133.14','2022-06-18 15:44:29',40,NULL,9,42),(22,'RQN00018',5,136,14,17,'7.52','133.00','2022-06-18 15:49:00',40,NULL,9,17),(23,'RQN00019',3,136,14,17,'30.08','132.95','2022-06-18 15:51:00',40,NULL,9,25),(24,'RQN00020',7,136,14,17,'7.52','132.95','2022-06-18 15:53:59',40,NULL,9,26),(25,'RQN00021',9,136,14,17,'4.48','133.90','2022-06-18 15:55:59',40,NULL,9,24),(26,'RQN00022',10,136,13,8,'31.31','159.69','2022-06-18 15:57:20',40,'2022-11-09 10:40:57',5,44),(27,'RQN00023',4,146,14,17,'75.11','133.20','2022-06-18 15:58:37',40,NULL,9,34),(28,'RQN00024',9,167,14,17,'4.51','133.00','2022-06-18 16:18:39',40,NULL,9,24),(29,'RQN00025',1,176,13,17,'35.48','140.92','2022-06-18 16:22:22',40,NULL,9,43),(30,'RQN00026',7,206,14,59,'7.21','140.23','2022-06-20 11:30:42',40,'2022-06-20 11:33:03',40,26),(31,'RQN00027',9,216,14,59,'4.00','150.00','2022-06-21 09:08:37',40,'2022-06-21 09:09:01',40,24),(32,'RQN00028',2,236,14,17,'70.96','141.00','2022-06-23 08:00:54',40,'2022-06-23 08:01:13',40,42),(33,'RQN00029',1,236,14,17,'35.48','141.91','2022-06-23 08:03:45',40,'2022-06-23 08:11:46',40,43),(34,'RQN00030',9,246,14,17,'4.00','159.00','2022-06-24 08:21:36',40,'2022-06-24 08:22:05',40,24),(35,'RQN00031',6,246,14,17,'7.52','140.91','2022-06-24 09:39:35',40,'2022-06-24 09:40:06',40,30),(36,'RQN00032',3,256,14,17,'28.39','140.91','2022-06-25 08:40:45',40,'2022-06-25 08:41:02',40,25),(37,'RQN00033',4,256,14,17,'70.96','140.91','2022-06-25 09:27:42',40,'2022-06-25 09:28:15',40,34),(38,'RQN00034',6,256,14,17,'7.52','140.91','2022-06-25 12:26:23',40,'2022-06-25 12:26:45',40,17),(39,'RQN00035',10,276,14,17,'31.31','159.70','2022-06-27 08:30:25',40,'2022-06-27 08:31:02',40,44),(40,'RQN00036',12,276,14,17,'7.52','140.91','2022-06-27 11:19:17',40,'2022-06-27 11:19:39',40,26),(41,'RQN00037',9,276,14,17,'4.00','159.00','2022-06-27 13:42:19',40,'2022-06-27 13:43:13',40,24),(42,'RQN00038',13,246,14,17,'21.92','159.70','2022-06-27 14:24:19',40,'2022-06-27 14:27:37',40,14),(43,'RQN00039',13,186,14,17,'15.65','159.70','2022-06-27 14:25:36',40,'2022-06-27 14:27:34',40,14),(44,'RQN00040',13,106,14,17,'19.87','159.70','2022-06-27 14:26:40',40,'2022-06-27 14:27:29',40,14),(45,'RQN00041',1,286,14,17,'35.73','140.91','2022-06-28 09:03:09',40,'2022-06-28 09:03:25',40,43),(46,'RQN00042',2,296,14,17,'70.96','140.91','2022-06-29 08:33:47',40,'2022-06-29 08:34:27',40,42),(47,'RQN00043',9,296,14,17,'3.95','159.90','2022-06-30 13:45:30',40,'2022-06-30 13:47:24',40,24),(48,'RQN00044',6,296,14,17,'7.10','140.91','2022-06-30 13:46:44',40,'2022-06-30 13:47:06',40,30),(49,'RQN00045',4,1007,14,17,'70.95','14.91','2022-07-01 07:44:42',40,NULL,40,34),(50,'RQN00046',4,1007,14,17,'70.95','14.91','2022-07-01 07:44:42',40,'2022-07-01 07:45:13',40,34),(51,'RQN00047',4,1007,14,17,'63.40','141.91','2022-07-01 08:04:04',40,'2022-07-01 08:04:27',40,34),(52,'RQN00048',7,47,14,17,'7.10','149.91','2022-07-04 10:04:38',40,'2022-07-04 10:05:01',40,26),(53,'RQN00049',3,57,14,17,'28.39','140.91','2022-07-05 09:30:43',40,'2022-07-05 09:31:09',40,40),(54,'RQN00050',12,57,14,17,'7.10','140.92','2022-07-05 12:00:57',40,'2022-07-05 12:02:56',40,44),(55,'RQN00051',2,67,14,17,'70.95','140.91','2022-07-06 07:43:00',40,'2022-07-06 08:13:37',9,42),(56,'RQN00052',6,67,14,17,'7.10','140.91','2022-07-06 08:11:50',40,'2022-07-06 08:13:32',9,30),(57,'RQN00053',10,67,14,17,'31.31','159.70','2022-07-06 08:52:10',40,'2022-07-06 08:52:43',40,44),(58,'RQN00054',4,67,14,17,'70.95','140.91','2022-07-06 09:03:47',40,'2022-07-06 09:04:26',40,34),(59,'RQN00055',1,77,14,17,'35.70','140.91','2022-07-07 07:58:57',40,'2022-07-07 07:59:28',40,43),(60,'RQN00056',9,87,14,17,'3.98','141.91','2022-07-09 12:24:34',40,'2022-07-09 12:24:53',40,40),(61,'RQN00057',7,116,14,17,'7.10','149.91','2022-07-11 09:46:16',40,'2022-07-11 09:46:35',40,26),(62,'RQN00058',6,907,14,17,'6.98','141.91','2022-07-11 16:24:07',40,'2022-07-11 16:27:18',9,30),(63,'RQN00059',2,127,14,17,'71.10','149.91','2022-07-12 08:24:04',40,'2022-07-12 08:25:47',9,42),(64,'RQN00060',4,127,14,17,'71.00','141.90','2022-07-12 09:25:03',40,'2022-07-12 09:27:40',9,34),(65,'RQN00061',9,126,14,17,'3.76','159.57','2022-07-12 13:04:43',40,'2022-07-12 13:55:55',9,24),(66,'RQN00062',14,87,14,17,'18.78','159.65','2022-07-12 13:10:23',40,'2022-07-12 13:56:13',9,14),(67,'RQN00063',10,127,14,17,'31.45','159.00','2022-07-12 13:55:03',40,'2022-07-12 13:56:13',9,44),(68,'RQN00064',1,137,14,17,'34.59','143.50','2022-07-13 10:58:50',40,'2022-07-13 10:59:37',40,43),(69,'RQN00065',12,137,14,17,'6.95','143.50','2022-07-13 12:21:24',40,'2022-07-13 12:26:49',40,44),(70,'RQN00066',11,157,14,17,'10.45','143.50','2022-07-15 10:09:59',40,'2022-07-15 10:19:30',9,45),(71,'RQN00067',6,187,14,17,'6.95','143.50','2022-07-18 08:15:49',40,'2022-07-18 08:16:03',40,30),(72,'RQN00068',3,187,14,17,'27.87','143.50','2022-07-18 09:20:26',40,'2022-07-18 09:20:44',40,25),(73,'RQN00069',4,187,14,17,'71.00','143.50','2022-07-18 10:06:08',40,'2022-07-18 10:06:30',40,34),(74,'RQN00070',2,197,14,17,'70.00','143.50','2022-07-19 08:18:31',40,'2022-07-19 08:19:16',40,42),(75,'RQN00071',9,197,14,17,'2.51','159.00','2022-07-19 09:11:31',40,'2022-07-19 09:12:01',40,24),(76,'RQN00072',1,197,14,17,'34.84','143.50','2022-07-19 09:35:31',40,'2022-07-19 09:35:59',40,43),(77,'RQN00073',10,197,14,17,'31.44','159.00','2022-07-19 10:02:05',40,'2022-07-19 10:02:25',40,45),(78,'RQN00074',7,197,14,17,'7.00','143.50','2022-07-19 10:48:17',40,'2022-07-19 11:04:29',40,26),(79,'RQN00075',13,197,14,17,'18.78','159.00','2022-07-19 11:32:20',40,NULL,40,14),(80,'RQN00076',13,167,14,17,'18.78','159.00','2022-07-19 11:33:03',40,NULL,40,14),(81,'RQN00077',9,207,14,17,'3.70','159.00','2022-07-20 08:26:40',40,'2022-07-20 08:27:03',40,24),(82,'RQN00078',12,217,14,17,'6.95','143.50','2022-07-21 11:08:49',40,'2022-07-21 11:09:14',40,44),(83,'RQN00079',6,227,14,17,'6.95','143.50','2022-07-22 07:42:34',40,'2022-07-22 07:43:08',40,30),(84,'RQN00080',10,237,14,17,'32.10','159.00','2022-07-23 07:27:41',40,NULL,40,44),(85,'RQN00081',10,237,14,17,'32.10','159.00','2022-07-23 07:27:41',40,'2022-07-23 07:28:08',40,44),(86,'RQN00082',4,237,14,17,'69.60','143.50','2022-07-23 15:49:27',40,'2022-07-23 17:49:56',40,34),(87,'RQN00083',1,257,14,17,'34.84','143.50','2022-07-25 10:26:56',40,'2022-07-25 10:27:11',9,42),(88,'RQN00084',2,267,14,17,'70.00','143.50','2022-07-26 08:11:03',40,NULL,9,42),(89,'RQN00085',2,267,14,17,'70.00','143.50','2022-07-26 08:12:48',40,'2022-07-26 08:18:15',40,42),(90,'RQN00086',5,267200,14,17,'7.00','143.50','2022-07-26 09:07:03',40,NULL,9,17),(91,'RQN00087',5,27700,14,17,'7.00','143.50','2022-07-26 09:08:25',40,NULL,38,17),(92,'RQN00088',6,277,14,17,'7.00','143.50','2022-07-27 08:54:38',40,NULL,38,30),(93,'RQN00089',6,277,14,17,'7.00','143.50','2022-07-27 08:55:36',40,NULL,38,30),(94,'RQN00090',6,277,14,17,'7.00','143.50','2022-07-27 08:57:21',40,'2022-07-27 09:13:46',40,30),(95,'RQN00091',3,2872022,14,17,'27.87','143.50','2022-07-28 16:10:27',40,'2022-07-28 16:11:24',40,25),(96,'RQN00092',4,277,14,17,'70.00','143.50','2022-07-29 08:09:52',40,'2022-07-29 08:10:12',40,43),(97,'RQN00093',10,277,14,17,'31.44','164.50','2022-07-29 08:17:34',40,'2022-07-29 08:20:13',40,44),(98,'RQN00094',10,277,14,17,'31.44','164.50','2022-07-29 08:19:57',40,NULL,38,44),(99,'RQN00095',1,297,14,17,'34.84','143.50','2022-07-29 09:00:46',40,'2022-07-29 09:01:02',40,43),(100,'RQN00096',7,18,14,17,'7.00','143.50','2022-08-01 09:17:35',40,'2022-08-01 09:17:50',40,30),(101,'RQN00097',12,18,14,17,'7.00','143.50','2022-08-01 10:39:02',40,'2022-08-01 10:39:25',40,44),(102,'RQN00098',2,28,14,17,'70.00','143.00','2022-08-02 08:04:25',40,'2022-08-02 08:04:47',40,42),(103,'RQN00099',7,28,14,17,'7.00','143.50','2022-08-02 08:50:25',38,'2022-08-02 08:50:56',38,17),(104,'RQN00100',10,138,14,17,'31.30','159.00','2022-08-03 08:35:43',40,'2022-08-03 08:36:11',40,44),(105,'RQN00101',9,38,14,17,'3.50','164.50','2022-08-03 16:45:18',38,'2022-08-03 16:45:41',38,24),(106,'RQN00102',4,48,14,17,'70.00','143.50','2022-08-04 09:04:28',40,'2022-08-04 09:05:05',40,34),(107,'RQN00103',3,48,14,17,'27.87','143.50','2022-08-04 10:16:53',38,'2022-08-04 10:17:10',38,43),(108,'RQN00104',6,58,14,17,'7.00','143.50','2022-08-05 08:42:05',38,'2022-08-05 08:42:31',38,30),(109,'RQN00105',1,78,14,17,'34.70','143.50','2022-08-07 10:35:02',40,'2022-08-07 10:35:27',40,43),(110,'RQN00106',2,78,14,17,'70.00','143.50','2022-08-07 12:17:19',38,'2022-08-07 12:17:38',41,42),(111,'RQN00107',2,78,14,17,'70.00','143.50','2022-08-07 12:19:17',38,NULL,41,42),(112,'RQN00108',2,78,14,17,'70.00','143.50','2022-08-07 12:23:09',38,'2022-08-07 12:23:32',38,42),(113,'RQN00109',3,87,14,17,'27.87','143.50','2022-08-08 09:34:14',40,'2022-08-08 09:34:41',40,43),(114,'RQN00110',14,78,14,17,'21.00','143.50','2022-08-08 15:54:43',40,'2022-08-08 15:55:03',40,14),(115,'RQN00111',14,10,14,17,'21.00','143.50','2022-08-10 14:38:13',38,'2022-08-10 14:38:54',38,14),(116,'RQN00112',10,128,14,17,'31.40','159.00','2022-08-12 08:30:14',40,'2022-08-12 08:30:38',40,44),(117,'RQN00113',4,128,14,17,'70.00','143.50','2022-08-12 12:14:12',40,'2022-08-12 12:14:52',40,34),(118,'RQN00114',6,138,14,17,'7.00','143.50','2022-08-13 07:54:26',40,'2022-08-13 07:54:48',40,30),(119,'RQN00115',5,138,14,17,'7.00','143.50','2022-08-13 09:19:28',40,'2022-08-13 09:19:45',40,17),(120,'RQN00116',12,138,14,17,'7.00','143.50','2022-08-13 09:52:43',40,'2022-08-13 09:52:57',40,44),(121,'RQN00117',13,118,14,17,'15.20','164.50','2022-08-13 10:55:28',40,'2022-08-13 10:57:32',40,14),(122,'RQN00118',13,88,14,17,'15.20','164.50','2022-08-13 10:56:27',40,'2022-08-13 10:57:28',40,14),(123,'RQN00119',13,88,14,17,'15.20','164.50','2022-08-13 10:56:27',40,NULL,40,14),(124,'RQN00120',2,158,14,17,'67.50','146.50','2022-08-15 09:31:49',40,'2022-08-15 09:32:01',40,42),(125,'RQN00121',3,188,14,17,'27.80','143.50','2022-08-18 10:47:49',40,'2022-08-18 10:48:08',40,25),(126,'RQN00122',4,198,14,17,'70.00','143.50','2022-08-19 07:50:20',40,'2022-08-19 07:50:36',40,34),(127,'RQN00123',15,198,14,17,'14.00','143.50','2022-08-19 10:56:01',40,'2022-08-19 10:56:46',40,9),(128,'RQN00124',6,208,14,17,'7.00','143.50','2022-08-20 10:11:22',40,'2022-08-20 10:11:34',40,30),(129,'RQN00125',1,208,14,17,'34.80','143.50','2022-08-20 10:37:58',40,'2022-08-20 10:38:16',40,43),(130,'RQN00126',10,208,14,17,'30.50','164.00','2022-08-20 16:45:56',40,'2022-08-20 16:46:16',40,44),(131,'RQN00127',2,228,14,17,'69.70','143.50','2022-08-22 08:22:12',40,'2022-08-22 08:22:35',40,42),(132,'RQN00128',3,238,14,17,'34.80','143.50','2022-08-23 09:10:11',40,'2022-08-23 09:10:39',40,25),(133,'RQN00129',4,258,14,8,'70.00','143.50','2022-08-25 08:15:29',40,'2022-08-25 08:15:48',40,34),(134,'RQN00130',1,258,13,17,'34.70','143.50','2022-08-25 09:16:38',40,'2022-08-25 09:17:02',40,43),(135,'RQN00131',7,258,13,17,'7.00','143.50','2022-08-25 10:14:45',40,'2022-08-25 10:15:01',40,28),(136,'RQN00132',7,248,14,17,'7.00','143.50','2022-08-25 10:46:00',40,'2022-08-25 10:46:20',40,30),(137,'RQN00133',10,268,14,17,'30.50','164.00','2022-08-26 10:57:00',40,'2022-08-26 10:57:16',40,44),(138,'RQN00134',3,278,14,17,'34.90','143.50','2022-08-27 10:10:28',40,'2022-08-27 10:10:54',40,25),(139,'RQN00135',2,288,14,17,'70.00','143.50','2022-08-28 17:14:48',40,'2022-08-28 17:15:03',40,42),(140,'RQN00136',9,298,14,1,'3.60','164.50','2022-08-29 13:20:25',40,'2022-08-29 13:20:46',40,38),(141,'RQN00137',1,298,14,17,'34.70','143.50','2022-08-29 13:40:42',40,'2022-08-29 13:41:20',40,43),(142,'RQN00138',6,308,14,17,'7.00','143.50','2022-08-30 09:01:42',40,'2022-08-30 09:02:20',40,30),(143,'RQN00139',7,308,14,17,'7.00','143.50','2022-08-30 09:04:29',40,'2022-08-30 09:07:50',40,28),(144,'RQN00140',12,308,14,17,'7.00','143.50','2022-08-30 10:20:43',40,'2022-08-30 10:21:08',40,44),(145,'RQN00141',4,318,14,17,'70.00','143.50','2022-08-31 08:16:16',40,'2022-08-31 08:16:38',40,34),(146,'RQN00142',3,19,14,17,'35.00','143.50','2022-09-01 09:46:56',40,'2022-09-01 09:47:14',40,25),(147,'RQN00143',10,29,14,17,'30.50','164.00','2022-09-02 10:23:32',40,'2022-09-02 10:23:47',40,44),(148,'RQN00144',9,39,14,17,'6.10','164.00','2022-09-03 08:40:58',40,'2022-09-03 08:41:12',40,24),(149,'RQN00145',1,39,14,17,'34.70','143.50','2022-09-03 09:05:43',40,'2022-09-03 09:05:56',40,43),(150,'RQN00146',2,59,14,17,'70.00','143.50','2022-09-05 08:28:46',40,'2022-09-05 08:29:10',40,42),(151,'RQN00147',7,59,14,17,'7.00','143.50','2022-09-05 09:49:21',40,'2022-09-05 09:49:35',40,28),(152,'RQN00148',4,69,14,17,'70.00','143.50','2022-09-06 07:57:22',40,'2022-09-06 07:57:44',40,46),(153,'RQN00149',6,69,14,17,'7.00','143.50','2022-09-06 08:20:52',40,'2022-09-06 08:21:14',40,30),(154,'RQN00150',12,79,14,17,'7.00','143.50','2022-09-07 09:07:30',40,'2022-09-07 09:07:50',40,44),(155,'RQN00151',9,79,14,17,'3.65','164.00','2022-09-07 09:12:13',40,'2022-09-07 09:12:48',40,24),(156,'RQN00152',10,79,14,17,'30.50','164.00','2022-09-07 09:25:08',40,'2022-09-07 09:25:29',40,44),(157,'RQN00153',3,109,14,17,'27.90','143.50','2022-09-10 08:00:19',40,'2022-09-10 08:00:37',40,25),(158,'RQN00154',6,109,14,17,'7.00','143.40','2022-09-10 08:25:52',40,'2022-09-10 08:26:15',40,30),(159,'RQN00155',1,109,14,17,'34.80','143.50','2022-09-10 10:10:34',40,'2022-09-10 10:10:47',40,43),(160,'RQN00156',2,129,14,17,'70.00','143.50','2022-09-12 09:07:39',40,'2022-09-12 09:07:55',40,42),(161,'RQN00157',4,129,14,17,'71.30','140.91','2022-09-12 10:10:08',40,'2022-09-12 10:10:25',40,46),(162,'RQN00158',6,169,14,17,'7.00','143.50','2022-09-16 07:49:37',40,'2022-09-16 07:49:51',40,30),(163,'RQN00159',3,169,14,17,'21.10','143.50','2022-09-16 09:47:58',40,'2022-09-16 09:48:21',40,25),(164,'RQN00160',11,169,14,17,'6.10','165.90','2022-09-16 12:14:42',40,'2022-09-16 12:14:57',40,44),(165,'RQN00161',2,179,14,17,'61.00','165.90','2022-09-17 08:22:03',40,'2022-09-17 08:22:25',40,42),(166,'RQN00162',10,179,14,17,'27.20','184.00','2022-09-17 12:16:00',40,'2022-09-17 12:16:16',40,44),(167,'RQN00163',1,199,14,17,'30.20','165.90','2022-09-19 09:18:39',40,'2022-09-19 09:44:22',40,43),(168,'RQN00164',4,199,14,17,'61.00','165.90','2022-09-19 09:56:18',40,'2022-09-19 09:56:47',40,46),(169,'RQN00165',6,219,14,17,'6.30','165.90','2022-09-21 08:28:58',40,'2022-09-21 08:29:18',40,30),(170,'RQN00166',3,229,14,17,'24.12','165.90','2022-09-22 09:34:13',40,'2022-09-22 09:34:36',40,25),(171,'RQN00167',2,239,14,17,'61.00','165.90','2022-09-23 08:19:02',40,'2022-09-23 08:19:22',40,42),(172,'RQN00168',10,239,14,17,'28.00','182.00','2022-09-23 09:35:38',40,'2022-09-23 09:36:00',40,44),(173,'RQN00169',13,139,13,17,'18.78','160.00','2022-09-23 09:43:42',40,'2022-09-23 09:47:17',40,14),(174,'RQN00170',13,39,14,17,'9.25','162.50','2022-09-23 09:45:13',40,'2022-09-23 09:47:13',40,14),(175,'RQN00171',13,268,14,17,'18.79','160.00','2022-09-23 09:46:48',40,'2022-09-23 09:47:09',40,14),(176,'RQN00172',4,249,14,17,'60.40','165.90','2022-09-24 07:49:53',40,'2022-09-24 07:50:22',40,34),(177,'RQN00173',4,249,14,17,'60.40','165.90','2022-09-24 07:49:54',40,NULL,40,34),(178,'RQN00174',12,249,14,17,'6.10','165.90','2022-09-24 10:00:59',40,'2022-09-24 10:01:14',40,44),(179,'RQN00175',1,249,14,17,'30.20','165.90','2022-09-24 10:50:37',38,'2022-09-24 10:51:13',38,43),(180,'RQN00176',6,269,14,17,'6.50','165.90','2022-09-26 12:40:06',40,'2022-09-26 12:41:05',40,30),(181,'RQN00177',1,289,14,1,'30.20','165.90','2022-09-28 17:28:49',40,'2022-09-28 17:29:17',40,43),(182,'RQN00178',3,299,14,17,'24.20','165.90','2022-09-29 07:48:20',40,'2022-09-29 07:48:32',40,25),(183,'RQN00179',10,299,14,17,'27.50','185.00','2022-09-29 07:58:25',40,'2022-09-29 07:58:58',40,44),(184,'RQN00180',2,299,14,17,'60.30','165.90','2022-09-29 08:04:32',40,'2022-09-29 08:04:50',40,42),(185,'RQN00181',4,299,14,17,'603.00','165.90','2022-09-29 18:04:58',40,'2022-09-29 18:06:29',40,46),(186,'RQN00182',9,299,14,17,'1.70','185.00','2022-09-29 18:06:06',40,'2022-09-29 18:06:26',40,38),(187,'RQN00183',4,299,14,17,'60.30','165.90','2022-09-29 18:23:33',40,'2022-09-29 18:23:52',40,34),(188,'RQN00184',6,309,14,17,'6.50','165.90','2022-09-30 08:08:29',38,'2022-09-30 08:08:49',38,30),(189,'RQN00185',7,309,14,17,'6.50','165.90','2022-09-30 08:11:29',38,'2022-09-30 08:11:48',38,17),(190,'RQN00186',12,310,14,17,'6.10','165.90','2022-10-03 08:44:26',40,'2022-10-03 08:44:45',40,44),(191,'RQN00187',6,410,14,17,'6.10','165.90','2022-10-04 09:45:14',40,'2022-10-04 09:45:31',40,30),(192,'RQN00188',2,410,14,17,'60.30','165.90','2022-10-04 11:46:54',40,'2022-10-04 11:47:12',40,42),(193,'RQN00189',3,510,14,17,'24.20','165.90','2022-10-05 08:54:27',40,'2022-10-05 08:54:51',40,25),(194,'RQN00190',4,610,14,17,'61.00','165.90','2022-10-06 08:38:39',40,'2022-10-06 08:39:05',40,46),(195,'RQN00191',10,610,14,17,'27.00','187.00','2022-10-06 11:11:58',40,'2022-10-06 11:12:19',40,44),(196,'RQN00192',5,710,14,17,'6.10','165.90','2022-10-07 12:12:06',40,'2022-10-07 12:12:25',40,47),(197,'RQN00193',6,810,14,17,'6.10','165.90','2022-10-08 08:10:42',40,'2022-10-08 08:11:00',40,30),(198,'RQN00194',2,810,14,17,'61.00','165.90','2022-10-08 15:09:16',40,'2022-10-08 15:09:35',40,42),(199,'RQN00195',12,109,14,17,'6.10','165.90','2022-10-10 12:12:44',40,'2022-10-10 12:13:06',40,44),(200,'RQN00196',1,1110,14,1,'30.20','165.90','2022-10-11 09:20:52',40,'2022-10-11 09:21:15',40,43),(201,'RQN00197',10,1110,14,17,'28.50','180.00','2022-10-11 16:27:13',40,'2022-10-11 16:27:48',40,44),(202,'RQN00198',9,1110,14,17,'1.80','181.00','2022-10-11 18:57:54',40,NULL,40,24),(203,'RQN00199',9,1110,14,17,'1.80','181.00','2022-10-11 18:57:54',40,'2022-10-11 18:58:20',40,24),(204,'RQN00200',3,1210,14,17,'24.20','165.90','2022-10-12 07:22:43',40,'2022-10-12 07:23:02',40,25),(205,'RQN00201',4,1210,14,17,'61.00','165.90','2022-10-12 07:48:00',40,'2022-10-12 07:48:15',40,46),(206,'RQN00202',6,1310,14,17,'6.10','165.90','2022-10-13 08:39:27',40,'2022-10-13 08:39:48',40,30),(207,'RQN00203',2,1510,14,17,'60.30','165.90','2022-10-15 08:48:23',40,'2022-10-15 08:48:37',40,42),(208,'RQN00204',1,1510,14,17,'31.00','165.90','2022-10-15 09:55:05',40,'2022-10-15 09:55:30',40,43),(209,'RQN00205',12,1510,13,17,'6.10','165.90','2022-10-15 12:30:53',40,'2022-10-15 12:31:05',40,44),(210,'RQN00206',6,1710,14,17,'9.10','165.90','2022-10-17 09:04:29',40,NULL,40,30),(211,'RQN00207',6,1710,14,17,'9.10','165.90','2022-10-17 09:04:29',40,'2022-10-17 09:04:49',40,30),(212,'RQN00208',10,1710,13,17,'27.70','180.50','2022-10-17 16:06:41',40,'2022-10-17 16:06:59',40,44),(213,'RQN00209',4,1810,14,17,'61.00','165.90','2022-10-18 07:55:02',40,'2022-10-18 07:55:16',40,46),(214,'RQN00210',9,1810,14,17,'3.30','180.50','2022-10-18 10:26:40',40,'2022-10-18 10:27:08',40,24),(215,'RQN00211',3,1910,14,17,'24.20','165.90','2022-10-19 08:11:42',40,'2022-10-19 08:11:57',40,25),(216,'RQN00212',12,2010,14,17,'6.10','165.90','2022-10-20 08:52:14',40,'2022-10-20 08:52:28',40,44),(217,'RQN00213',1,2110,14,17,'31.00','165.90','2022-10-21 08:32:32',40,'2022-10-21 08:32:45',40,43),(218,'RQN00214',2,2110,14,17,'61.00','165.90','2022-10-21 08:53:47',40,'2022-10-21 08:54:03',40,42),(219,'RQN00215',10,2210,14,17,'28.00','180.50','2022-10-22 08:20:03',40,'2022-10-22 08:20:26',40,44),(220,'RQN00216',4,2210,14,17,'30.10','165.90','2022-10-22 08:41:26',40,'2022-10-22 08:41:41',40,46),(221,'RQN00217',7,2210,14,17,'6.10','165.90','2022-10-22 15:28:33',40,'2022-10-22 15:28:49',40,44),(222,'RQN00218',12,2210,14,17,'6.10','165.90','2022-10-22 15:30:29',40,'2022-10-22 15:30:42',40,44),(223,'RQN00219',4,2410,14,17,'30.10','165.90','2022-10-24 09:01:26',40,'2022-10-24 09:01:52',40,46),(224,'RQN00220',3,2510,14,17,'24.49','165.90','2022-10-25 07:51:02',40,'2022-10-25 07:51:18',40,25),(225,'RQN00221',10,2710,14,17,'28.00','180.50','2022-10-27 10:02:01',40,'2022-10-27 10:02:20',40,44),(226,'RQN00222',2,2710,14,17,'60.30','165.90','2022-10-27 12:11:32',40,'2022-10-27 12:11:57',40,42),(227,'RQN00223',9,2810,14,17,'3.40','180.50','2022-10-28 12:43:23',40,'2022-10-28 12:43:39',40,24),(228,'RQN00224',4,2810,14,17,'61.30','163.90','2022-10-28 16:05:07',38,'2022-10-28 16:05:54',38,40),(229,'RQN00225',12,2910,14,17,'6.10','165.90','2022-10-29 08:56:01',40,'2022-10-29 08:56:46',40,30),(230,'RQN00226',2,3110,14,17,'61.00','165.90','2022-10-31 14:35:03',40,'2022-10-31 14:35:16',40,42),(231,'RQN00227',3,111,14,17,'24.78','165.90','2022-11-01 09:22:55',40,'2022-11-01 09:23:19',40,25),(232,'RQN00228',1,111,14,17,'27.80','180.50','2022-11-01 11:49:24',38,'2022-11-01 11:49:50',38,43),(233,'RQN00229',10,111,14,17,'28.00','180.50','2022-11-01 17:03:49',40,'2022-11-01 17:04:11',40,44),(234,'RQN00230',4,311,14,17,'60.40','165.90','2022-11-03 10:01:06',40,'2022-11-03 10:03:24',40,46),(235,'RQN00231',9,311,14,17,'3.30','180.50','2022-11-03 13:09:52',40,'2022-11-03 13:10:13',40,24),(236,'RQN00232',16,311,14,17,'11.10','180.50','2022-11-03 16:57:30',40,'2022-11-03 16:57:45',40,24),(237,'RQN00233',2,411,14,17,'61.00','165.90','2022-11-04 09:49:36',40,'2022-11-04 09:49:57',40,42),(238,'RQN00234',7,411,14,17,'6.10','165.90','2022-11-04 10:14:21',40,'2022-11-04 10:14:44',40,44),(239,'RQN00235',10,711,14,17,'27.70','180.50','2022-11-07 07:51:27',40,'2022-11-07 07:51:44',40,44),(240,'RQN00236',1,711,14,17,'30.10','165.90','2022-11-07 08:10:39',40,'2022-11-07 08:10:56',40,43),(241,'RQN00237',3,711,14,17,'25.08','165.90','2022-11-07 11:28:44',40,'2022-11-07 11:29:24',40,25),(242,'RQN00238',4,811,14,17,'60.40','165.90','2022-11-08 08:51:51',40,'2022-11-08 08:52:01',40,46),(0,'RQN00239',0,4653543,18,2,'40.00','178.50','2022-11-09 10:46:26',5,'2022-11-09 10:46:38',5,5),(0,'RQN00240',0,7645357,18,2,'10.00','178.90','2022-11-09 10:55:20',5,NULL,6,5),(0,'RQN00241',0,765368,18,2,'45.00','180.00','2022-11-09 10:56:55',5,NULL,5,5),(0,'RQN00242',3,27563,11,1,'20.00','165.80','2022-11-09 11:08:49',5,NULL,6,5),(0,'RQN00243',0,4653543,18,2,'40.00','178.50','2022-11-09 11:42:43',5,NULL,5,5),(0,'RQN00244',3,867678,11,10,'110.00','177.00','2023-01-30 09:32:22',5,NULL,8,5);

/*Table structure for table `fleetfueltypes` */

DROP TABLE IF EXISTS `fleetfueltypes`;

CREATE TABLE `fleetfueltypes` (
  `id` int(11) NOT NULL,
  `description` varchar(50) DEFAULT NULL,
  `dateadded` datetime DEFAULT NULL,
  `addedby` int(11) DEFAULT NULL,
  `deleted` tinyint(1) DEFAULT NULL,
  `deletedby` int(11) DEFAULT NULL,
  `deleteddate` datetime DEFAULT NULL,
  `deletedreason` varchar(100) DEFAULT NULL
) ENGINE=InnoDB DEFAULT CHARSET=utf8mb4;

/*Data for the table `fleetfueltypes` */

insert  into `fleetfueltypes`(`id`,`description`,`dateadded`,`addedby`,`deleted`,`deletedby`,`deleteddate`,`deletedreason`) values (1,'Petrol',NULL,NULL,0,NULL,NULL,NULL),(2,'Diesel',NULL,NULL,0,NULL,NULL,NULL);

/*Table structure for table `fleetvehicles` */

DROP TABLE IF EXISTS `fleetvehicles`;

CREATE TABLE `fleetvehicles` (
  `vehicleid` int(11) NOT NULL,
  `bodytypeid` int(11) DEFAULT NULL,
  `fueltypeid` int(11) DEFAULT NULL,
  `regno` varchar(50) DEFAULT NULL,
  `enginerating` int(11) DEFAULT NULL,
  `dateadded` datetime DEFAULT NULL,
  `addedby` int(11) DEFAULT NULL,
  `deleted` tinyint(1) DEFAULT NULL,
  `deleteddate` datetime DEFAULT NULL,
  `deletedreason` varchar(100) DEFAULT NULL,
  `deletedby` int(11) DEFAULT NULL
) ENGINE=InnoDB DEFAULT CHARSET=utf8mb4;

/*Data for the table `fleetvehicles` */

insert  into `fleetvehicles`(`vehicleid`,`bodytypeid`,`fueltypeid`,`regno`,`enginerating`,`dateadded`,`addedby`,`deleted`,`deleteddate`,`deletedreason`,`deletedby`) values (1,2,2,'KCS 931L',1500,'2022-01-23 16:59:49',5,0,NULL,NULL,NULL),(2,3,2,'KCU 922S',1500,'2022-01-23 17:00:57',5,0,NULL,NULL,NULL),(3,3,2,'KAS 802D',3500,'2022-01-23 17:24:24',5,0,NULL,NULL,NULL),(4,3,2,'KCZ 287P',3500,'2022-05-13 19:00:08',9,0,NULL,NULL,NULL),(5,1,2,'KTWB 714G',300,'2022-05-13 19:00:52',9,0,NULL,NULL,NULL),(6,1,2,'KTWB 090',300,'2022-05-13 19:01:46',9,0,NULL,NULL,NULL),(7,1,2,'KTWB 088',300,'2022-05-13 19:02:14',9,0,NULL,NULL,NULL),(8,1,1,'KMEG 552H',100,'2022-06-17 12:11:49',40,0,NULL,NULL,NULL),(9,1,1,'KMEZ 315N',100,'2022-06-17 12:12:28',40,0,NULL,NULL,NULL),(10,2,1,'FORK 5',300,'2022-06-18 08:25:04',40,0,NULL,NULL,NULL),(11,2,2,'KAX 705U',400,'2022-06-18 12:58:41',40,0,NULL,NULL,NULL),(12,1,2,'KTWA 783X',100,'2022-06-27 11:16:52',40,0,NULL,NULL,NULL),(13,2,1,'KBZ 456B',500,'2022-06-27 14:22:58',40,0,NULL,NULL,NULL),(14,2,1,'KBR 543Q',500,'2022-07-12 13:07:27',40,0,NULL,NULL,NULL),(15,2,2,'KBU 434C',400,'2022-08-19 10:54:43',40,0,NULL,NULL,NULL),(16,2,1,'GENERATOR',100,'2022-11-03 16:55:19',40,0,NULL,NULL,NULL),(0,3,1,'KAT420K',1500,'2022-11-09 10:44:43',5,0,NULL,NULL,NULL);

/*Table structure for table `glaccountclasses` */

DROP TABLE IF EXISTS `glaccountclasses`;

CREATE TABLE `glaccountclasses` (
  `id` int(11) NOT NULL AUTO_INCREMENT,
  `classname` varchar(50) DEFAULT NULL,
  PRIMARY KEY (`id`)
) ENGINE=InnoDB AUTO_INCREMENT=6 DEFAULT CHARSET=latin1;

/*Data for the table `glaccountclasses` */

insert  into `glaccountclasses`(`id`,`classname`) values (1,'Asset'),(2,'Liability'),(3,'Equity'),(4,'Income'),(5,'Expense');

/*Table structure for table `glaccountgroups` */

DROP TABLE IF EXISTS `glaccountgroups`;

CREATE TABLE `glaccountgroups` (
  `id` int(11) NOT NULL AUTO_INCREMENT,
  `groupname` varchar(50) DEFAULT NULL,
  `subactegoryof` int(11) DEFAULT NULL,
  `dateadded` datetime DEFAULT NULL,
  `addedby` int(11) DEFAULT NULL,
  `deleted` int(11) DEFAULT 0,
  `lastupdatedby` int(11) DEFAULT NULL,
  `lastdateupdated` datetime DEFAULT NULL,
  `cashbookaccount` bit(1) DEFAULT NULL,
  `glaccountclass` int(11) DEFAULT NULL,
  PRIMARY KEY (`id`),
  KEY `glaccountclass` (`glaccountclass`),
  KEY `addedby` (`addedby`),
  KEY `lastupdatedby` (`lastupdatedby`),
  CONSTRAINT `glaccountgroups_ibfk_1` FOREIGN KEY (`glaccountclass`) REFERENCES `glaccountclasses` (`id`),
  CONSTRAINT `glaccountgroups_ibfk_2` FOREIGN KEY (`addedby`) REFERENCES `user` (`id`),
  CONSTRAINT `glaccountgroups_ibfk_3` FOREIGN KEY (`lastupdatedby`) REFERENCES `user` (`id`)
) ENGINE=InnoDB AUTO_INCREMENT=17 DEFAULT CHARSET=latin1;

/*Data for the table `glaccountgroups` */

insert  into `glaccountgroups`(`id`,`groupname`,`subactegoryof`,`dateadded`,`addedby`,`deleted`,`lastupdatedby`,`lastdateupdated`,`cashbookaccount`,`glaccountclass`) values (1,'Non-Current Assets',0,'2019-05-18 08:07:02',5,0,NULL,NULL,'\0',1),(2,'Current Assets',0,'2019-05-18 08:07:44',5,0,NULL,NULL,'\0',1),(3,'Cash and Cash Equivalent',2,'2019-05-18 08:08:42',5,0,NULL,NULL,'',1),(4,'Administrative Expenses',0,'2019-05-28 05:45:47',5,0,NULL,NULL,'\0',5),(5,'General Office Expenses',4,'2019-05-28 05:46:09',5,0,NULL,NULL,'\0',5),(6,'Sales',0,'2019-05-31 02:21:44',5,0,NULL,NULL,'\0',4),(7,'Global Sales',6,'2019-05-31 02:22:16',5,0,NULL,NULL,'\0',4),(8,'Motor Vehicles',1,'2019-06-05 03:55:47',5,0,NULL,NULL,'\0',1),(9,'Lands and Buildings',1,'2019-06-05 03:56:03',5,0,NULL,NULL,'\0',1),(10,'Long Term Liabilities',0,'2019-06-16 05:53:42',5,0,NULL,NULL,'\0',2),(11,'Loans  and Payables',10,'2019-06-16 05:56:53',5,0,NULL,NULL,'\0',2),(12,'Short Term Liabilities',0,'2019-06-16 05:58:01',5,0,NULL,NULL,'\0',2),(13,'Stock',2,'2020-01-15 19:14:11',5,0,NULL,NULL,'\0',1),(14,'Accounts Receivable',2,'2020-07-08 15:09:33',5,0,NULL,NULL,'\0',1),(15,'Capital',0,'2023-02-14 13:07:05',5,0,NULL,NULL,'\0',3),(16,'Director Share Holders',15,'2023-02-14 13:07:27',5,0,NULL,NULL,'\0',3);

/*Table structure for table `glaccounts` */

DROP TABLE IF EXISTS `glaccounts`;

CREATE TABLE `glaccounts` (
  `id` int(11) NOT NULL AUTO_INCREMENT,
  `groupid` int(11) DEFAULT NULL,
  `accountcode` varchar(50) DEFAULT NULL,
  `accountname` varchar(100) DEFAULT NULL,
  `dateadded` datetime DEFAULT NULL,
  `addedby` int(11) DEFAULT NULL,
  `deleted` bit(1) DEFAULT NULL,
  `lastdateupdated` datetime DEFAULT NULL,
  `lastupdatedby` int(11) DEFAULT NULL,
  PRIMARY KEY (`id`),
  KEY `groupid` (`groupid`),
  KEY `addedby` (`addedby`),
  KEY `lastupdatedby` (`lastupdatedby`),
  CONSTRAINT `glaccounts_ibfk_1` FOREIGN KEY (`groupid`) REFERENCES `glaccountgroups` (`id`),
  CONSTRAINT `glaccounts_ibfk_2` FOREIGN KEY (`addedby`) REFERENCES `user` (`id`),
  CONSTRAINT `glaccounts_ibfk_3` FOREIGN KEY (`lastupdatedby`) REFERENCES `user` (`id`)
) ENGINE=InnoDB AUTO_INCREMENT=17 DEFAULT CHARSET=latin1;

/*Data for the table `glaccounts` */

insert  into `glaccounts`(`id`,`groupid`,`accountcode`,`accountname`,`dateadded`,`addedby`,`deleted`,`lastdateupdated`,`lastupdatedby`) values (1,3,'1001','Cash In Hand','2019-05-21 09:29:53',5,'\0',NULL,NULL),(2,3,'1002','Cash In Bank','2019-05-21 09:34:47',5,'\0',NULL,NULL),(3,5,'2000','Vehicle Fueling','2019-05-28 05:46:35',5,'\0',NULL,NULL),(4,7,'3001','Sales of Sodas','2019-05-31 02:22:57',5,'\0','2019-06-05 03:49:14',5),(5,7,'3002','Rebates from Factory','2019-05-31 02:24:21',5,'\0',NULL,NULL),(6,3,'1003','Petty Cash','2019-05-31 02:26:49',5,'\0',NULL,NULL),(7,5,'4001','Vehicle Repairs','2019-05-31 02:40:16',5,'\0',NULL,NULL),(8,5,'2002','Vehicle Insurance','2019-05-31 02:40:45',5,'\0',NULL,NULL),(9,9,'1005','Office Premises','2019-06-05 03:57:09',5,'\0','2019-06-05 05:28:32',5),(10,8,'1004','TUK TUK and Lorries','2019-06-05 05:29:15',5,'\0',NULL,NULL),(11,5,'2003','Cost of Goods Sold','2019-06-16 05:53:08',5,'\0',NULL,NULL),(12,11,'5001','Accounts Payable','2019-06-16 05:57:18',5,'\0',NULL,NULL),(13,13,'1006','Soft Drinks','2020-01-15 19:14:53',5,'\0',NULL,NULL),(14,14,'1007','Debtors','2020-07-08 15:09:56',5,'\0',NULL,NULL),(15,9,'1008','Crates','2021-01-16 10:46:15',5,'\0',NULL,NULL),(16,16,'20000','Director Share Holders','2023-02-14 13:09:42',5,'\0',NULL,NULL);

/*Table structure for table `glaccountsettings` */

DROP TABLE IF EXISTS `glaccountsettings`;

CREATE TABLE `glaccountsettings` (
  `id` int(11) NOT NULL AUTO_INCREMENT,
  `description` varchar(50) DEFAULT NULL,
  `account` int(11) DEFAULT NULL,
  PRIMARY KEY (`id`)
) ENGINE=InnoDB AUTO_INCREMENT=7 DEFAULT CHARSET=latin1;

/*Data for the table `glaccountsettings` */

insert  into `glaccountsettings`(`id`,`description`,`account`) values (1,'Sales',3001),(2,'Cost of Goods Sold',2003),(3,'Suppliers Control Account',5001),(4,'Stock Account',1006),(5,'Credit Note Liability Account',5001),(6,'Debtors Control Account',1007);

/*Table structure for table `gltransactions` */

DROP TABLE IF EXISTS `gltransactions`;

CREATE TABLE `gltransactions` (
  `id` int(11) NOT NULL AUTO_INCREMENT,
  `referenceno` varchar(50) NOT NULL,
  `transactiondate` datetime DEFAULT NULL,
  `glaccount` int(11) DEFAULT NULL,
  `glcontraaccount` int(11) DEFAULT NULL,
  `narration` varchar(500) DEFAULT NULL,
  `debit` float DEFAULT NULL,
  `credit` float DEFAULT NULL,
  `addedby` int(11) DEFAULT NULL,
  PRIMARY KEY (`id`),
  KEY `id` (`id`),
  KEY `glaccount` (`glaccount`),
  KEY `addedby` (`addedby`),
  CONSTRAINT `gltransactions_ibfk_1` FOREIGN KEY (`glaccount`) REFERENCES `glaccounts` (`id`),
  CONSTRAINT `gltransactions_ibfk_2` FOREIGN KEY (`addedby`) REFERENCES `user` (`id`)
) ENGINE=InnoDB AUTO_INCREMENT=259 DEFAULT CHARSET=latin1;

/*Data for the table `gltransactions` */

insert  into `gltransactions`(`id`,`referenceno`,`transactiondate`,`glaccount`,`glcontraaccount`,`narration`,`debit`,`credit`,`addedby`) values (11,'378948','2019-09-13 15:58:10',2,NULL,'opening balance',23460,0,5),(12,'378948','2019-09-13 15:58:10',4,NULL,'opening balance',0,23460,5),(14,'378942','2019-09-13 15:59:08',2,NULL,'opening balance',23460,0,5),(15,'378942','2019-09-13 15:59:08',4,NULL,'opening balance',0,23460,5),(17,'378941','2019-09-13 15:59:40',2,NULL,'opening balance',23460,0,5),(18,'378941','2019-09-13 15:59:40',4,NULL,'opening balance',0,23460,5),(20,'26374','2019-09-13 16:00:50',1,NULL,'opening balance as at 01-sep-2019',6500,0,5),(21,'26374','2019-09-13 16:00:50',3,NULL,'opening balance as at 01-sep-2019',0,6500,5),(23,'4687578','2019-09-13 20:50:45',9,NULL,'Test entry',0,34599,5),(24,'4687578','2019-09-13 20:50:45',6,NULL,'Test entry',34599,0,5),(25,'TEST-INV-001','2019-12-29 15:04:24',12,11,'Invoice #TEST-INV-001 received from Equator Bottlers Limited',0,37600,5),(26,'TEST-INV-001','2019-12-29 15:04:24',11,12,'Invoice #TEST-INV-001 received from Equator Bottlers Limited',37600,0,5),(27,'CHQ-001','2019-12-29 15:06:45',2,0,'Payment of voucher #VN00002',0,37600,5),(28,'CHQ-001','2019-12-29 15:06:45',12,2,'RGB 200ML',6700,0,5),(29,'CHQ-001','2019-12-29 15:06:45',12,2,'RGB 300ML',15600,0,5),(30,'CHQ-001','2019-12-29 15:06:45',12,2,'RGB 500ML',8500,0,5),(31,'CHQ-001','2019-12-29 15:06:45',12,2,'RGB 1000ML',6800,0,5),(35,'INV001','2020-01-04 15:24:37',12,11,'Invoice #INV001 received from Equator Bottlers Limited',0,16360,5),(36,'INV001','2020-01-04 15:24:37',11,12,'Invoice #INV001 received from Equator Bottlers Limited',16360,0,5),(37,'001506','2020-01-04 15:33:17',2,0,'Payment of voucher #VN00003',0,430800,5),(38,'001506','2020-01-04 15:33:17',12,2,'RGB 1000ML',430800,0,5),(39,'IN-001-TEST','2020-01-08 11:58:43',12,11,'Invoice #IN-001-TEST received from Equator Bottlers Limited',0,19250,5),(40,'IN-001-TEST','2020-01-08 11:58:43',11,12,'Invoice #IN-001-TEST received from Equator Bottlers Limited',19250,0,5),(41,'0001-TEST','2020-01-09 09:44:43',12,11,'Invoice #0001-TEST received from Equator Bottlers Limited',0,3400,5),(42,'0001-TEST','2020-01-09 09:44:43',11,12,'Invoice #0001-TEST received from Equator Bottlers Limited',3400,0,5),(43,'237928e4','2020-01-10 13:58:23',12,11,'Invoice #237928e4 received from Equator Bottlers Limited',0,3400,5),(44,'237928e4','2020-01-10 13:58:23',11,12,'Invoice #237928e4 received from Equator Bottlers Limited',3400,0,5),(45,'8767','2020-02-29 17:22:39',12,11,'Invoice #8767 received from Equator Bottlers Limited',0,4300,5),(46,'8767','2020-02-29 17:22:39',11,12,'Invoice #8767 received from Equator Bottlers Limited',4300,0,5),(47,'TEST001','2020-04-07 09:45:43',12,11,'Invoice #TEST001 received from Equator Bottlers Limited',0,1815,5),(48,'TEST001','2020-04-07 09:45:43',11,12,'Invoice #TEST001 received from Equator Bottlers Limited',1815,0,5),(49,'5489796','2020-04-18 11:05:22',4,2,'Banking of receipt # RT00043 of reference #- issued to WALKIN CUSTOMER (Banking)',0,3575,5),(50,'5489796','2020-04-18 11:05:22',4,2,'Banking of receipt # RT00035 of reference #- issued to CAMPARI WINES AND SPIRITS (Banking)',0,1710,5),(51,'5489796','2020-04-18 11:05:22',4,2,'Banking of receipt # RT00019 of reference #- issued to WALKIN CUSTOMER (Banking)',0,5700,5),(52,'5489796','2020-04-18 11:05:22',4,2,'Banking of receipt # RT00017 of reference #- issued to WALKIN CUSTOMER (Banking)',0,1640,5),(53,'5489796','2020-04-18 11:05:22',4,2,'Banking of receipt # RT00018 of reference #- issued to WALKIN CUSTOMER (Banking)',0,15155,5),(54,'5489796','2020-04-18 11:05:22',4,2,'Banking of receipt # RT00020 of reference #- issued to CAJO SUPERMARKET (Banking)',0,24000,5),(55,'5489796','2020-04-18 11:05:22',4,2,'Banking of receipt # RT00020 of reference #OA2EXWAKO issued to CAJO SUPERMARKET (Banking)',0,1450,5),(56,'5489796','2020-04-18 11:05:22',4,2,'Banking of receipt # RT00021 of reference #- issued to CAMPARI WINES AND SPIRITS (Banking)',0,20000,5),(57,'5489796','2020-04-18 11:05:22',4,2,'Banking of receipt # RT00022 of reference #- issued to CAMPARI WINES AND SPIRITS (Banking)',0,5000,5),(58,'5489796','2020-04-18 11:05:22',4,2,'Banking of receipt # RT00023 of reference #- issued to CAJO SUPERMARKET (Banking)',0,10000,5),(59,'5489796','2020-04-18 11:05:22',4,2,'Banking of receipt # RT00023 of reference #OA2EXWAKI issued to CAJO SUPERMARKET (Banking)',0,2050,5),(60,'5489796','2020-04-18 11:05:22',4,2,'Banking of receipt # RT00009 of reference #- issued to BONDO DISCOUNT SUPERMARKET (Banking)',0,540,5),(61,'5489796','2020-04-18 11:05:22',4,2,'Banking of receipt # RT00010 of reference #- issued to BONDO DISCOUNT SUPERMARKET (Banking)',0,3385,5),(62,'5489796','2020-04-18 11:05:22',4,2,'Banking of receipt # RT00011 of reference #- issued to NUSRA SUPERMARKET A (Banking)',0,11735,5),(63,'5489796','2020-04-18 11:05:22',4,2,'Banking of receipt # RT00012 of reference #- issued to BONDO DISCOUNT SUPERMARKET (Banking)',0,3670,5),(64,'5489796','2020-04-18 11:05:22',4,2,'Banking of receipt # RT00024 of reference #- issued to CAJO SUPERMARKET (Banking)',0,6000,5),(65,'5489796','2020-04-18 11:05:22',4,2,'Banking of receipt # RT00025 of reference #- issued to GEORGE UHANYA (Banking)',0,2000,5),(66,'5489796','2020-04-18 11:05:22',4,2,'Banking of receipt # RT00026 of reference #- issued to GEORGE UHANYA (Banking)',0,1500,5),(67,'5489796','2020-04-18 11:05:22',4,2,'Banking of receipt # RT00026 of reference #Test001 issued to GEORGE UHANYA (Banking)',0,2300,5),(68,'5489796','2020-04-18 11:05:22',4,2,'Banking of receipt # RT00027 of reference #- issued to CAJO SUPERMARKET (Banking)',0,6000,5),(69,'5489796','2020-04-18 11:05:22',4,2,'Banking of receipt # RT00027 of reference #Testu364 issued to CAJO SUPERMARKET (Banking)',0,3350,5),(70,'5489796','2020-04-18 11:05:22',4,2,'Banking of receipt # RT00028 of reference #- issued to STEVE OYUCHO UYAWI (Banking)',0,14000,5),(71,'5489796','2020-04-18 11:05:22',4,2,'Banking of receipt # RT00029 of reference #- issued to CAMPARI WINES AND SPIRITS (Banking)',0,3000,5),(72,'5489796','2020-04-18 11:05:22',4,2,'Banking of receipt # RT00030 of reference #- issued to CAJO SUPERMARKET (Banking)',0,2000,5),(73,'5489796','2020-04-18 11:05:22',4,2,'Banking of receipt # RT00031 of reference #- issued to MWALIMU MARANDA (Banking)',0,900,5),(74,'5489796','2020-04-18 11:05:22',4,2,'Banking of receipt # RT00032 of reference #- issued to CAJO SUPERMARKET (Banking)',0,3000,5),(75,'5489796','2020-04-18 11:05:22',4,2,'Banking of receipt # RT00033 of reference #- issued to MADAM EUNICE (Banking)',0,1500,5),(76,'5489796','2020-04-18 11:05:22',4,2,'Banking of receipt # RT00036 of reference #0001 issued to CAJO SUPERMARKET (Banking)',0,975,5),(77,'5489796','2020-04-18 11:05:22',4,2,'Banking of receipt # RT00013 of reference #- issued to BONDO DISCOUNT SUPERMARKET (Banking)',0,1930,5),(78,'5489796','2020-04-18 11:05:22',4,2,'Banking of receipt # RT00014 of reference #- issued to BONDO DISCOUNT SUPERMARKET (Banking)',0,18700,5),(79,'5489796','2020-04-18 11:05:22',4,2,'Banking of receipt # RT00015 of reference #- issued to GEORGE UHANYA (Banking)',0,15675,5),(80,'5489796','2020-04-18 11:05:22',4,2,'Banking of receipt # RT00016 of reference #TEST12345 issued to WALKIN CUSTOMER (Banking)',0,8425,5),(81,'5489796','2020-04-18 11:05:22',4,2,'Banking of receipt # RT00034 of reference #- issued to CAMPARI WINES AND SPIRITS (Banking)',0,7000,5),(82,'5489796','2020-04-18 11:05:22',4,2,'Banking of receipt # RT00039 of reference #- issued to PAMELA OSIEKO (Banking)',0,0,5),(83,'5489796','2020-04-18 11:05:22',4,2,'Banking of receipt # RT00042 of reference #CRS00006 issued to CAJO SUPERMARKET (Banking)',0,9195,5),(112,'5489796','2020-04-18 11:05:22',2,4,'Banking',217060,0,5),(113,'12345','2020-04-21 15:37:54',12,11,'Invoice #12345 received from Equator Bottlers Limited',0,21885,5),(114,'12345','2020-04-21 15:37:54',11,12,'Invoice #12345 received from Equator Bottlers Limited',21885,0,5),(115,'NX123456','2020-07-08 15:11:54',4,2,'Banking of receipt # CRP00003 of reference #- issued to CAJO SUPERMARKET (Cash collected banked)',0,14025,5),(116,'NX123456','2020-07-08 15:11:54',2,4,'Banking of receipt # CRP00003 of reference #- issued to CAJO SUPERMARKET (Cash collected banked)',14025,0,5),(117,'OA2EXWAKO','2020-07-08 16:36:30',14,2,'Banking of receipt # CRP00005 of reference #ODM28798J issued to WALKIN CUSTOMER (MPESA banked)',0,300,5),(118,'OA2EXWAKO','2020-07-08 16:36:30',2,14,'Banking of receipt # CRP00005 of reference #ODM28798J issued to WALKIN CUSTOMER (MPESA banked)',300,0,5),(119,'RT00053','2020-07-08 17:32:11',14,4,'Credit sale advanced to MADAM EUNICE account id: 23 invoice ref: RT00053',15600,0,5),(120,'RT00053','2020-07-08 17:32:11',4,14,'Credit sale advanced to MADAM EUNICE account id: 23 invoice ref: RT00053',0,15600,5),(121,'57894','2020-07-08 17:35:35',14,2,'Banking of receipt # CRP00007 of reference #001234 issued to MADAM EUNICE (-)',0,10000,5),(122,'57894','2020-07-08 17:35:35',2,14,'Banking of receipt # CRP00007 of reference #001234 issued to MADAM EUNICE (-)',10000,0,5),(123,'347897','2020-07-08 17:50:08',14,2,'Banking of receipt # CRP00004 of reference #ODM34785J issued to WALKIN CUSTOMER (-)',0,3400,5),(124,'347897','2020-07-08 17:50:08',2,14,'Banking of receipt # CRP00004 of reference #ODM34785J issued to WALKIN CUSTOMER (-)',3400,0,5),(125,'TESTRICHARD','2020-07-23 16:54:03',14,2,'Banking of receipt # RT00052 of reference #CRS00008 issued to BONDO DISCOUNT SUPERMARKET (TESTRICHARD)',0,2155,5),(126,'TESTRICHARD','2020-07-23 16:54:03',2,14,'TESTRICHARD',2155,0,5),(127,'TESTRICHARD','2020-07-23 16:55:39',14,2,'Banking of receipt # RT00052 of reference #CRS00008 issued to BONDO DISCOUNT SUPERMARKET (TESTRICHARD)',0,2155,5),(128,'TESTRICHARD','2020-07-23 16:55:39',2,14,'TESTRICHARD',2155,0,5),(129,'TESTRICHARD','2020-07-23 16:56:50',4,2,'Banking of receipt # RT00052 of reference #CRS00008 issued to BONDO DISCOUNT SUPERMARKET (TESTRICHARD)',0,2155,5),(130,'TESTRICHARD','2020-07-23 16:56:50',2,4,'TESTRICHARD',2155,0,5),(131,'12345','2020-08-14 10:35:18',1,NULL,'Funds transferred to Cash In Bank',0,500,5),(132,'12345','2020-08-14 10:35:18',2,NULL,'Funds transferred from Cash In Hand',500,0,5),(134,'1234','2020-08-14 10:35:46',2,NULL,'Funds transferred to Cash In Hand',0,500,5),(135,'1234','2020-08-14 10:35:46',1,NULL,'Funds transferred from Cash In Bank',500,0,5),(136,'45897H','2020-08-15 18:29:46',1,NULL,'Funds transferred to Cash In Bank',0,3490,5),(137,'45897H','2020-08-15 18:29:46',2,NULL,'Funds transferred from Cash In Hand',3490,0,5),(139,'4343','2020-08-16 10:39:29',2,NULL,'Funds transferred to Cash In Hand',0,5690,5),(140,'4343','2020-08-16 10:39:29',1,NULL,'Funds transferred from Cash In Bank',5690,0,5),(142,'TEST0003','2020-08-16 12:17:44',12,11,'Invoice #TEST0003 received from Equator Bottlers Limited',0,10029,5),(143,'TEST0003','2020-08-16 12:17:44',11,12,'Invoice #TEST0003 received from Equator Bottlers Limited',10029,0,5),(144,'RT00055','2020-12-16 14:05:44',14,4,'Credit sale advanced to MADAM EUNICE account id: 23 invoice ref: RT00055',7550,0,5),(145,'RT00055','2020-12-16 14:05:44',4,14,'Credit sale advanced to MADAM EUNICE account id: 23 invoice ref: RT00055',0,7550,5),(146,'376654','2021-01-13 16:04:35',2,NULL,'Funds transferred to Cash In Hand',0,3100,5),(147,'376654','2021-01-13 16:04:35',1,NULL,'Funds transferred from Cash In Bank',3100,0,5),(148,'18-Jan-2021','2021-01-19 21:55:03',4,1,'Banking of receipt # RT00054 of reference #- issued to GEORGE UHANYA (Daily Cash Banking)',0,3670,5),(149,'18-Jan-2021','2021-01-19 21:55:03',4,1,'Banking of receipt # RT00056 of reference #- issued to WALKIN CUSTOMER (Daily Cash Banking)',0,650,5),(151,'18-Jan-2021','2021-01-19 21:55:03',1,4,'Daily Cash Banking',4320,0,5),(152,'OA2EXWAKO','2021-01-19 21:56:32',4,2,'Banking of receipt # RT00057 of reference #- issued to STEVE OYUCHO UYAWI (Daily MPESA banking)',0,3280,5),(153,'OA2EXWAKO','2021-01-19 21:56:32',2,4,'Banking of receipt # RT00057 of reference #- issued to STEVE OYUCHO UYAWI (Daily MPESA banking)',3280,0,5),(154,'TST001','2021-01-19 22:02:08',12,11,'Invoice #TST001 received from KWAL',0,15652,5),(155,'TST001','2021-01-19 22:02:08',11,12,'Invoice #TST001 received from KWAL',15652,0,5),(156,'2504','2021-01-19 22:15:14',2,NULL,'Funds transferred to Petty Cash',0,20000,5),(157,'2504','2021-01-19 22:15:14',6,NULL,'Funds transferred from Cash In Bank',20000,0,5),(158,'12345','2021-06-10 11:07:45',12,11,'Invoice #12345 received from Equator Bottlers Limited',0,5410,5),(159,'12345','2021-06-10 11:07:45',11,12,'Invoice #12345 received from Equator Bottlers Limited',5410,0,5),(160,'78565','2021-07-12 17:51:52',2,NULL,'Funds transferred to Cash In Hand',0,55000,5),(161,'78565','2021-07-12 17:51:52',1,NULL,'Funds transferred from Cash In Bank',55000,0,5),(162,'RIC001','2021-07-14 10:04:46',12,11,'Invoice #RIC001 received from Richard Onyango',0,532500,5),(163,'RIC001','2021-07-14 10:04:46',11,12,'Invoice #RIC001 received from Richard Onyango',532500,0,5),(164,'RIC001','2021-07-14 10:07:20',12,11,'Invoice #RIC001 received from Richard Onyango',0,532500,5),(165,'RIC001','2021-07-14 10:07:20',11,12,'Invoice #RIC001 received from Richard Onyango',532500,0,5),(166,'T0001','2021-07-19 12:32:59',12,11,'Invoice #T0001 received from London Distillers Limited',0,92631,5),(167,'T0001','2021-07-19 12:32:59',11,12,'Invoice #T0001 received from London Distillers Limited',92631,0,5),(168,'68763','2021-07-19 12:58:16',4,2,'Banking of receipt # RT00058 of reference #- issued to WALKIN CUSTOMER (Daily Banking)',0,6320,5),(169,'68763','2021-07-19 12:58:16',4,2,'Banking of receipt # RT00059 of reference #- issued to WALKIN CUSTOMER (Daily Banking)',0,141800,5),(170,'68763','2021-07-19 12:58:16',4,2,'Banking of receipt # RT00060 of reference #- issued to WALKIN CUSTOMER (Daily Banking)',0,141800,5),(171,'68763','2021-07-19 12:58:16',4,2,'Banking of receipt # RT00061 of reference #- issued to WALKIN CUSTOMER (Daily Banking)',0,141800,5),(172,'68763','2021-07-19 12:58:16',4,2,'Banking of receipt # RT00062 of reference #- issued to WALKIN CUSTOMER (Daily Banking)',0,141800,5),(173,'68763','2021-07-19 12:58:16',4,2,'Banking of receipt # RT00063 of reference #- issued to WALKIN CUSTOMER (Daily Banking)',0,141800,5),(174,'68763','2021-07-19 12:58:16',4,2,'Banking of receipt # RT00064 of reference #- issued to WALKIN CUSTOMER (Daily Banking)',0,141800,5),(175,'68763','2021-07-19 12:58:16',4,2,'Banking of receipt # RT00065 of reference #- issued to WALKIN CUSTOMER (Daily Banking)',0,145900,5),(176,'68763','2021-07-19 12:58:16',4,2,'Banking of receipt # RT00066 of reference #- issued to WALKIN CUSTOMER (Daily Banking)',0,4210,5),(183,'68763','2021-07-19 12:58:16',2,4,'Daily Banking',1007230,0,5),(184,'-','2021-07-19 13:14:49',12,NULL,'Opening balances as at 01-Jan-2021',7800,0,5),(185,'-','2021-07-19 13:14:49',15,NULL,'Opening balances as at 01-Jan-2021',4800,0,5),(186,'-','2021-07-19 13:14:49',14,NULL,'Opening balances as at 01-Jan-2021',0,8900,5),(187,'-','2021-07-19 13:14:49',13,NULL,'Opening balances as at 01-Jan-2021',0,3700,5),(191,'5789765','2021-07-19 13:15:45',1,NULL,'Funds transferred to Cash In Bank',0,5600,5),(192,'5789765','2021-07-19 13:15:45',2,NULL,'Funds transferred from Cash In Hand',5600,0,5),(194,'590098605689','2021-07-21 14:22:30',1,NULL,'Funds transferred to Cash In Bank',0,78900,5),(195,'590098605689','2021-07-21 14:22:30',2,NULL,'Funds transferred from Cash In Hand',78900,0,5),(197,'FRAncIS001','2021-07-21 14:26:03',12,11,'Invoice #FRAncIS001 received from KWAL',0,37550,5),(198,'FRAncIS001','2021-07-21 14:26:03',11,12,'Invoice #FRAncIS001 received from KWAL',37550,0,5),(199,'RIC0001','2021-08-08 17:15:38',12,11,'Invoice #RIC0001 received from Richard Onyango',0,470000,5),(200,'RIC0001','2021-08-08 17:15:38',11,12,'Invoice #RIC0001 received from Richard Onyango',470000,0,5),(201,'RT00072','2021-08-08 19:29:38',14,4,'Credit sale advanced to GEORGE UHANYA account id: 20 invoice ref: RT00072',125000,0,5),(202,'RT00072','2021-08-08 19:29:38',4,14,'Credit sale advanced to GEORGE UHANYA account id: 20 invoice ref: RT00072',0,125000,5),(203,'RICINV001','2021-08-11 11:46:03',12,11,'Invoice #RICINV001 received from Richard Onyango',0,2005000,5),(204,'RICINV001','2021-08-11 11:46:03',11,12,'Invoice #RICINV001 received from Richard Onyango',2005000,0,5),(205,'RT00073','2021-08-17 12:59:57',14,4,NULL,250,0,5),(206,'RT00073','2021-08-17 12:59:57',4,14,NULL,0,250,5),(207,'RT00074','2021-08-17 13:01:33',14,4,NULL,250,0,5),(208,'RT00074','2021-08-17 13:01:33',4,14,NULL,0,250,5),(209,'RT00075','2021-08-17 13:17:31',14,4,NULL,750,0,5),(210,'RT00075','2021-08-17 13:17:31',4,14,NULL,0,750,5),(211,'RT00076','2021-08-17 13:45:55',14,4,NULL,1750,0,5),(212,'RT00076','2021-08-17 13:45:55',4,14,NULL,0,1750,5),(213,'RT00077','2021-08-17 13:56:14',14,4,NULL,2800,0,5),(214,'RT00077','2021-08-17 13:56:14',4,14,NULL,0,2800,5),(215,'RT00078','2021-08-17 13:58:09',14,4,'Credit sale advanced to Richard Onyango Akelo account id: 25 invoice ref: RT00078',6900,0,5),(216,'RT00078','2021-08-17 13:58:09',4,14,'Credit sale advanced to Richard Onyango Akelo account id: 25 invoice ref: RT00078',0,6900,5),(217,'68736','2022-10-07 13:08:55',12,11,'Invoice #68736 received from Test Supplier 3',0,140000,9),(218,'68736','2022-10-07 13:08:55',11,12,'Invoice #68736 received from Test Supplier 3',140000,0,9),(219,'243234234','2022-10-07 13:42:57',4,2,'Banking of receipt # RT00082 of reference #- issued to WALKIN CUSTOMER (Daily banking)',0,5000,9),(220,'243234234','2022-10-07 13:42:57',2,4,'Daily banking',5000,0,9),(221,'347857654','2022-10-07 13:45:58',2,NULL,'Payment of voucher #VN00036',0,100000,9),(222,'347857654','2022-10-07 13:45:58',12,2,'Payment towards invoice #68736',100000,0,9),(223,'-','2022-10-07 13:53:38',2,NULL,'Payment of voucher #VN00037',0,1370,9),(224,'-','2022-10-07 13:53:38',9,2,'Transport to and From Usenge',200,0,9),(225,'-','2022-10-07 13:53:38',8,2,'Lunch for Staff',500,0,9),(226,'-','2022-10-07 13:53:38',8,2,'Purchase of office cleaning equipment',670,0,9),(227,'TEST00183','2022-11-06 19:12:30',12,11,'Invoice #TEST00183 received from Richard Onyango',0,850,5),(228,'TEST00183','2022-11-06 19:12:30',11,12,'Invoice #TEST00183 received from Richard Onyango',850,0,5),(229,'TEST001','2022-11-10 17:11:17',12,11,'Invoice #TEST001 received from KWAL',0,1705,5),(230,'TEST001','2022-11-10 17:11:17',11,12,'Invoice #TEST001 received from KWAL',1705,0,5),(231,'TESt002','2022-11-10 17:25:58',12,11,'Invoice #TESt002 received from Equator Bottlers Limited',0,9800,5),(232,'TESt002','2022-11-10 17:25:58',11,12,'Invoice #TESt002 received from Equator Bottlers Limited',9800,0,5),(233,'-','2022-11-10 17:32:45',2,NULL,'Payment of voucher #VN00043',0,1000,5),(234,'-','2022-11-10 17:32:45',9,2,'Test expense',1000,0,5),(235,'-','2022-11-10 17:37:45',2,NULL,'Payment of voucher #VN00044',0,1500,5),(236,'-','2022-11-10 17:37:45',3,2,'Vehicle Fuelling',1500,0,5),(237,'TEST001','2023-01-12 14:41:01',12,11,'Invoice #TEST001 received from Walkin Customer Refund',0,18400,5),(238,'TEST001','2023-01-12 14:41:01',11,12,'Invoice #TEST001 received from Walkin Customer Refund',18400,0,5),(239,'PO00039','2023-01-13 17:09:49',12,11,'Invoice #PO00039 received from Equator Bottlers Limited',0,42500,5),(240,'PO00039','2023-01-13 17:09:49',11,12,'Invoice #PO00039 received from Equator Bottlers Limited',42500,0,5),(241,'78675','2023-01-14 12:02:26',12,11,'Invoice #78675 received from Richard Onyango',0,1000,5),(242,'78675','2023-01-14 12:02:26',11,12,'Invoice #78675 received from Richard Onyango',1000,0,5),(243,'457574','2023-01-16 11:14:35',12,11,'Invoice #457574 received from Richard Onyango',0,341460,5),(244,'457574','2023-01-16 11:14:35',11,12,'Invoice #457574 received from Richard Onyango',341460,0,5),(245,'4634545','2023-01-16 11:19:24',2,NULL,'Payment of voucher #VN00047',0,300000,5),(246,'4634545','2023-01-16 11:19:24',12,2,'Payment towards invoice #RIC001',300000,0,5),(247,'RT00114','2023-01-16 11:34:41',14,4,'Credit sale advanced to Eva account id: 30 invoice ref: CRS00025',4550,0,5),(248,'RT00114','2023-01-16 11:34:41',4,14,'Credit sale advanced to Eva account id: 30 invoice ref: CRS00025',0,4550,5),(249,'342432342','2023-01-16 11:47:08',4,2,'Banking of receipt # RT00111 of reference #- issued to MILAMBA SUPERMARKET B (Daily Banking)',0,5000,5),(250,'342432342','2023-01-16 11:47:08',2,4,'Daily Banking',5000,0,5),(251,'38698765','2023-01-30 08:25:35',12,11,'Invoice #38698765 received from Richard Onyango',0,8500,5),(252,'38698765','2023-01-30 08:25:35',11,12,'Invoice #38698765 received from Richard Onyango',8500,0,5),(253,'INV_RIC_0001','2023-02-20 06:46:12',12,11,'Invoice #INV_RIC_0001 received from Richard Onyango',0,5562.93,5),(254,'INV_RIC_0001','2023-02-20 06:46:12',11,12,'Invoice #INV_RIC_0001 received from Richard Onyango',5562.93,0,5),(255,'RT00151','2023-02-23 11:10:47',14,4,'Credit sale advanced to Eva account id: 30 invoice ref: CRS00032',1480,0,5),(256,'RT00151','2023-02-23 11:10:47',4,14,'Credit sale advanced to Eva account id: 30 invoice ref: CRS00032',0,1480,5),(257,'RT00153','2023-02-23 11:35:02',14,4,'Credit sale advanced to Eva account id: 30 invoice ref: CRS00034',2100,0,5),(258,'RT00153','2023-02-23 11:35:02',4,14,'Credit sale advanced to Eva account id: 30 invoice ref: CRS00034',0,2100,5);

/*Table structure for table `goodsreceived` */

DROP TABLE IF EXISTS `goodsreceived`;

CREATE TABLE `goodsreceived` (
  `id` int(11) NOT NULL AUTO_INCREMENT,
  `warehouseid` int(11) DEFAULT NULL,
  `grnno` varchar(50) DEFAULT NULL,
  `datereceived` datetime DEFAULT NULL,
  `supplierid` int(11) DEFAULT NULL,
  `deliverynono` varchar(50) DEFAULT NULL,
  `receivedby` int(11) DEFAULT NULL,
  `status` varchar(50) DEFAULT NULL,
  `lastmodifiedon` datetime DEFAULT NULL,
  `lastmodifiedby` int(11) DEFAULT NULL,
  `invoiced` tinyint(1) DEFAULT 0,
  `invoiceno` varchar(50) DEFAULT NULL,
  `inspectedby` int(11) DEFAULT NULL,
  `narration` varchar(1000) DEFAULT NULL,
  `deliveredby` varchar(100) DEFAULT NULL,
  KEY `id` (`id`),
  KEY `warehouseid` (`warehouseid`),
  KEY `supplierid` (`supplierid`),
  KEY `receivedby` (`receivedby`),
  KEY `lastmodifiedby` (`lastmodifiedby`),
  CONSTRAINT `goodsreceived_ibfk_1` FOREIGN KEY (`warehouseid`) REFERENCES `warehouses` (`id`),
  CONSTRAINT `goodsreceived_ibfk_2` FOREIGN KEY (`supplierid`) REFERENCES `suppliers` (`supplierid`),
  CONSTRAINT `goodsreceived_ibfk_3` FOREIGN KEY (`receivedby`) REFERENCES `user` (`id`),
  CONSTRAINT `goodsreceived_ibfk_4` FOREIGN KEY (`lastmodifiedby`) REFERENCES `user` (`id`)
) ENGINE=InnoDB AUTO_INCREMENT=50 DEFAULT CHARSET=latin1;

/*Data for the table `goodsreceived` */

insert  into `goodsreceived`(`id`,`warehouseid`,`grnno`,`datereceived`,`supplierid`,`deliverynono`,`receivedby`,`status`,`lastmodifiedon`,`lastmodifiedby`,`invoiced`,`invoiceno`,`inspectedby`,`narration`,`deliveredby`) values (3,1,'GR00003','2019-12-29 15:03:56',1,'TEST-001',5,'Invoiced',NULL,NULL,1,'3',5,NULL,NULL),(4,1,'GR00004','2020-01-04 15:22:34',1,'TEST001',5,'Invoiced',NULL,NULL,1,'4',5,NULL,NULL),(5,1,'GR00005','2020-01-08 11:58:18',1,'TEST-D-001',5,'Invoiced',NULL,NULL,1,'5',5,NULL,NULL),(6,1,'GR00006','2020-01-09 09:44:20',1,'TEST00001',5,'Invoiced',NULL,NULL,1,'6',5,NULL,NULL),(7,1,'GR00007','2020-01-10 13:58:09',1,'36487364y',5,'Invoiced',NULL,NULL,1,'7',5,NULL,NULL),(8,1,'GR00008','2020-02-29 17:22:20',1,'TESt10720',5,'Invoiced',NULL,NULL,1,'8',5,NULL,NULL),(9,1,'GR00009','2020-03-30 14:54:12',1,'459875',5,'Confirmed',NULL,NULL,0,NULL,5,NULL,NULL),(10,1,'GR00010','2020-04-02 14:39:09',1,'',5,'Confirmed',NULL,NULL,0,NULL,5,NULL,NULL),(11,1,'GR00011','2020-04-02 14:57:18',1,'DN001920',5,'Invoiced',NULL,NULL,1,'10',5,NULL,NULL),(12,1,'GR00012','2020-04-07 09:24:09',1,'TST0001DEL',5,'Invoiced',NULL,NULL,1,'9',5,NULL,NULL),(13,1,'GR00013','2020-04-21 15:37:22',1,'56980967',5,'Invoiced',NULL,NULL,1,'10',5,NULL,NULL),(15,1,'GR00014','2020-06-01 00:00:00',3,'GR00014',NULL,NULL,NULL,NULL,0,NULL,5,NULL,NULL),(16,1,'GR00014','2020-06-01 00:00:00',3,'GR00014',NULL,NULL,NULL,NULL,0,NULL,5,NULL,NULL),(17,1,'GR00014','2020-06-01 00:00:00',3,'GR00014',NULL,NULL,NULL,NULL,0,NULL,5,NULL,NULL),(18,1,'GR00014','2020-06-01 00:00:00',3,'GR00014',NULL,NULL,NULL,NULL,0,NULL,5,NULL,NULL),(19,1,'GR00015','2020-06-01 00:00:00',1,'GR00015',NULL,NULL,NULL,NULL,0,NULL,5,NULL,NULL),(20,1,'GR00016','2020-06-01 00:00:00',4,'GR00016',NULL,NULL,NULL,NULL,0,NULL,5,NULL,NULL),(21,1,'GR00017','2020-06-01 00:00:00',5,'GR00017',NULL,NULL,NULL,NULL,0,NULL,5,NULL,NULL),(22,1,'GR00018','2020-06-01 00:00:00',6,'GR00018',NULL,NULL,NULL,NULL,0,NULL,5,NULL,NULL),(23,1,'GR00019','2020-06-01 00:00:00',6,'GR00019',NULL,NULL,NULL,NULL,0,NULL,5,NULL,NULL),(24,1,'GR00020','2020-08-16 12:17:18',1,'TEST003',5,'Invoiced',NULL,NULL,1,'18',5,NULL,NULL),(25,1,'GR00021','2020-11-10 12:27:57',1,'37846734',5,'Confirmed',NULL,NULL,0,NULL,5,NULL,NULL),(26,1,'GR00022','2021-01-16 15:48:37',1,'TEST0002',5,'Confirmed',NULL,NULL,0,NULL,5,NULL,NULL),(27,1,'GR00023','2021-01-19 22:01:22',8,'TEST001',5,'Invoiced',NULL,NULL,1,'19',5,NULL,NULL),(28,1,'GR00024','2021-05-31 12:52:24',1,'PO00023',5,'Confirmed',NULL,NULL,0,NULL,5,NULL,NULL),(29,1,'GR00025','2021-06-10 11:06:44',1,'564',5,'Invoiced',NULL,NULL,1,'20',5,NULL,NULL),(31,1,'GR00026','2021-07-14 10:04:46',2,'',5,'Invoiced',NULL,NULL,1,'21',5,NULL,NULL),(32,1,'GR00027','2021-07-14 10:07:20',2,'RIC001',5,'Invoiced',NULL,NULL,1,'22',5,NULL,NULL),(33,1,'GR00028','2021-07-19 12:32:59',9,'384876345',5,'Invoiced',NULL,NULL,1,'23',5,NULL,NULL),(34,1,'GR00029','2021-07-21 14:26:03',8,'8664374',5,'Invoiced',NULL,NULL,1,'24',5,NULL,NULL),(35,1,'GR00030','2021-08-08 17:15:38',2,'RIC0001',5,'Invoiced',NULL,NULL,1,'25',5,NULL,NULL),(36,1,'GR00031','2021-08-11 11:46:03',2,'RIC00001',5,'Invoiced',NULL,NULL,1,'26',5,NULL,NULL),(37,1,'GR00032','2022-10-07 13:08:55',10,'68736',9,'Invoiced',NULL,NULL,1,'27',5,NULL,NULL),(38,1,'GR00033','2022-11-06 18:26:26',7,'VN00039',5,'Invoiced',NULL,NULL,1,'31',5,NULL,NULL),(39,1,'GR00034','2022-11-06 18:34:56',7,'VN00040',5,'Invoiced',NULL,NULL,1,'31',5,NULL,NULL),(40,1,'GR00035','2022-11-06 18:39:50',7,'VN00041',5,'Invoiced',NULL,NULL,1,'31',5,NULL,NULL),(41,1,'GR00036','2022-11-06 19:12:30',2,'TEST00183',5,'Invoiced',NULL,NULL,1,'28',5,NULL,NULL),(42,1,'GR00037','2022-11-10 17:11:17',8,'TEST',5,'Invoiced',NULL,NULL,1,'29',5,NULL,NULL),(43,1,'GR00038','2022-11-10 17:25:58',1,'TESt002',5,'Invoiced',NULL,NULL,1,'30',5,NULL,NULL),(44,1,'GR00039','2022-11-10 17:27:36',7,'VN00042',5,'Invoiced',NULL,NULL,1,'31',5,NULL,NULL),(45,1,'GR00040','2023-01-13 17:09:49',1,'PO00039',5,'Invoiced',NULL,NULL,1,'32',5,NULL,NULL),(46,1,'GR00041','2023-01-14 12:02:26',2,'78675',5,'Invoiced',NULL,NULL,1,'33',5,NULL,NULL),(47,1,'GR00042','2023-01-16 11:14:35',2,'7653745',5,'Invoiced',NULL,NULL,1,'34',5,NULL,NULL),(48,1,'GR00043','2023-01-30 08:25:35',2,'386674',5,'Invoiced',NULL,NULL,1,'35',5,NULL,NULL),(49,1,'GR00044','2023-02-20 06:46:12',2,'DN_RIC_0001',5,'Invoiced',NULL,NULL,1,'36',5,NULL,NULL);

/*Table structure for table `goodsreceiveddetails` */

DROP TABLE IF EXISTS `goodsreceiveddetails`;

CREATE TABLE `goodsreceiveddetails` (
  `id` int(11) NOT NULL AUTO_INCREMENT,
  `grnno` varchar(50) DEFAULT NULL,
  `itemcode` int(11) DEFAULT NULL,
  `purchaseorderno` varchar(50) DEFAULT NULL,
  `quantity` decimal(10,2) DEFAULT NULL,
  `serialno` varchar(100) DEFAULT NULL,
  PRIMARY KEY (`id`),
  KEY `itemcode` (`itemcode`),
  CONSTRAINT `goodsreceiveddetails_ibfk_1` FOREIGN KEY (`itemcode`) REFERENCES `products` (`productid`)
) ENGINE=InnoDB AUTO_INCREMENT=138 DEFAULT CHARSET=latin1;

/*Data for the table `goodsreceiveddetails` */

insert  into `goodsreceiveddetails`(`id`,`grnno`,`itemcode`,`purchaseorderno`,`quantity`,`serialno`) values (4,'GR00003',525,'PO00003','10.00',NULL),(5,'GR00003',522,'PO00003','20.00',NULL),(6,'GR00003',523,'PO00003','30.00',NULL),(7,'GR00003',524,'PO00003','10.00',NULL),(11,'GR00004',525,'PO00004','5.00',NULL),(12,'GR00004',522,'PO00004','4.00',NULL),(13,'GR00004',523,'PO00004','6.00',NULL),(14,'GR00004',524,'PO00004','10.00',NULL),(15,'GR00005',525,'PO00005','20.00',NULL),(16,'GR00005',545,'PO00005','10.00',NULL),(17,'GR00005',541,'PO00005','5.00',NULL),(18,'GR00006',525,'PO00006','5.00',NULL),(19,'GR00007',525,'PO00007','5.00',NULL),(20,'GR00008',525,'PO00008','5.00',NULL),(21,'GR00008',545,'PO00008','10.00',NULL),(22,'GR00009',525,'PO00010','1.00',NULL),(24,'GR00011',546,'PO00009','1.00',NULL),(25,'GR00012',525,'PO00011','1.00',NULL),(26,'GR00012',546,'PO00011','1.00',NULL),(27,'GR00012',541,'PO00011','1.00',NULL),(28,'GR00013',545,'PO00012','30.00',NULL),(29,'GR00013',541,'PO00012','20.00',NULL),(38,'GR00020',525,'PO00019','5.00',NULL),(39,'GR00020',546,'PO00019','6.00',NULL),(40,'GR00020',541,'PO00019','2.00',NULL),(43,'GR00021',523,'PO00020','1.00',NULL),(44,'GR00021',541,'PO00020','1.00',NULL),(46,'GR00022',523,'PO00021','40.00',NULL),(47,'GR00022',522,'PO00021','70.00',NULL),(48,'GR00022',524,'PO00021','20.00',NULL),(49,'GR00023',525,'PO00022','20.00',NULL),(50,'GR00023',523,'PO00022','1.00',NULL),(51,'GR00023',526,'PO00022','1.00',NULL),(52,'GR00023',541,'PO00022','1.00',NULL),(53,'GR00024',525,'PO00023','30.00',NULL),(54,'GR00024',522,'PO00023','21.00',NULL),(55,'GR00024',523,'PO00023','74.00',NULL),(56,'GR00024',524,'PO00023','16.00',NULL),(60,'GR00025',525,'PO00024','5.00',NULL),(61,'GR00025',522,'PO00024','6.00',NULL),(83,'GR00028',523,'PO00027','16.00',''),(115,'GR00032',924,'PO00031','100.00',''),(116,'GR00033',925,'PO00032','10.00',''),(117,'GR00034',925,'PO00033','5.00',''),(118,'GR00035',925,'PO00034','20.00',''),(119,'GR00036',524,'PO00035','1.00',''),(120,'GR00037',524,'PO00036','1.00',''),(121,'GR00037',523,'PO00036','1.00',''),(122,'GR00037',522,'PO00036','1.00',''),(123,'GR00038',523,'PO00037','10.00',''),(124,'GR00038',925,'PO00037','10.00',''),(126,'GR00039',925,'PO00038','5.00',''),(127,'GR00040',524,'PO00039','50.00',''),(128,'GR00041',926,'PO00040','10.00',''),(129,'GR00042',634,'PO00041','100.00',''),(130,'GR00042',650,'PO00041','10.00',''),(131,'GR00042',523,'PO00041','50.00',''),(132,'GR00043',524,'PO00042','10.00',''),(133,'GR00044',525,'PO00043','1.00',''),(134,'GR00044',522,'PO00043','1.00',''),(135,'GR00044',652,'PO00043','1.00',''),(136,'GR00044',668,'PO00043','1.00',''),(137,'GR00044',561,'PO00043','1.00','');

/*Table structure for table `heldsales` */

DROP TABLE IF EXISTS `heldsales`;

CREATE TABLE `heldsales` (
  `id` int(11) NOT NULL AUTO_INCREMENT,
  `customerid` int(11) DEFAULT NULL,
  `posid` int(11) DEFAULT NULL,
  `paymentmethod` int(11) DEFAULT NULL,
  `dateheld` datetime DEFAULT NULL,
  `amount` decimal(10,0) DEFAULT NULL,
  `reference` varchar(50) DEFAULT NULL,
  `addedby` int(11) DEFAULT NULL,
  PRIMARY KEY (`id`),
  KEY `customerid` (`customerid`),
  KEY `posid` (`posid`),
  KEY `paymentmethod` (`paymentmethod`),
  KEY `addedby` (`addedby`),
  CONSTRAINT `heldsales_ibfk_1` FOREIGN KEY (`customerid`) REFERENCES `customers` (`customerid`),
  CONSTRAINT `heldsales_ibfk_2` FOREIGN KEY (`posid`) REFERENCES `pointsofsale` (`id`),
  CONSTRAINT `heldsales_ibfk_3` FOREIGN KEY (`paymentmethod`) REFERENCES `paymentmethods` (`id`),
  CONSTRAINT `heldsales_ibfk_4` FOREIGN KEY (`addedby`) REFERENCES `user` (`id`)
) ENGINE=InnoDB AUTO_INCREMENT=27 DEFAULT CHARSET=latin1;

/*Data for the table `heldsales` */

insert  into `heldsales`(`id`,`customerid`,`posid`,`paymentmethod`,`dateheld`,`amount`,`reference`,`addedby`) values (26,31,18,NULL,'2023-02-12 14:17:17',NULL,NULL,5);

/*Table structure for table `heldsalesdetails` */

DROP TABLE IF EXISTS `heldsalesdetails`;

CREATE TABLE `heldsalesdetails` (
  `id` int(11) NOT NULL AUTO_INCREMENT,
  `heldsaleid` int(11) DEFAULT NULL,
  `productid` int(11) DEFAULT NULL,
  `quantity` decimal(10,0) DEFAULT NULL,
  `unitprice` decimal(10,0) DEFAULT NULL,
  `discount` decimal(10,0) DEFAULT NULL,
  `serialno` varchar(50) DEFAULT NULL,
  `description` varchar(500) DEFAULT NULL,
  PRIMARY KEY (`id`),
  KEY `heldsaleid` (`heldsaleid`),
  CONSTRAINT `heldsalesdetails_ibfk_1` FOREIGN KEY (`heldsaleid`) REFERENCES `heldsales` (`id`)
) ENGINE=InnoDB AUTO_INCREMENT=67 DEFAULT CHARSET=latin1;

/*Data for the table `heldsalesdetails` */

insert  into `heldsalesdetails`(`id`,`heldsaleid`,`productid`,`quantity`,`unitprice`,`discount`,`serialno`,`description`) values (66,26,523,'4','570','0',NULL,NULL);

/*Table structure for table `institution` */

DROP TABLE IF EXISTS `institution`;

CREATE TABLE `institution` (
  `id` int(11) NOT NULL AUTO_INCREMENT,
  `name` varchar(50) DEFAULT NULL,
  `physicaladdress` varchar(100) DEFAULT NULL,
  `postaladdress` varchar(100) DEFAULT NULL,
  `landline` varchar(50) DEFAULT NULL,
  `email` varchar(50) DEFAULT NULL,
  `mobile` varchar(50) DEFAULT NULL,
  `pinno` varchar(50) DEFAULT NULL,
  `autoaddinvoiceduringgrn` tinyint(1) DEFAULT NULL,
  `postalcode` varchar(50) DEFAULT NULL,
  `quotationvalidity` int(11) DEFAULT 30,
  `tagline` varchar(1000) DEFAULT NULL,
  `website` varchar(100) DEFAULT NULL,
  KEY `id` (`id`)
) ENGINE=InnoDB AUTO_INCREMENT=2 DEFAULT CHARSET=latin1;

/*Data for the table `institution` */

insert  into `institution`(`id`,`name`,`physicaladdress`,`postaladdress`,`landline`,`email`,`mobile`,`pinno`,`autoaddinvoiceduringgrn`,`postalcode`,`quotationvalidity`,`tagline`,`website`) values (1,'Pak Corrugated Limited','Graylands Business Park III Mombasa Road, Nairobi','68461 Nairobi, Kenya','0706108504','info@pakcorrugated.co.ke','0795806025 / 07969297014','P051585292U',1,NULL,30,'Manufacturers of cardboards','www.pakcorrugated.co.ke');

/*Table structure for table `journaldetails` */

DROP TABLE IF EXISTS `journaldetails`;

CREATE TABLE `journaldetails` (
  `id` int(11) NOT NULL AUTO_INCREMENT,
  `journalid` int(11) DEFAULT NULL,
  `glaccount` int(11) DEFAULT NULL,
  `narration` varchar(500) DEFAULT NULL,
  `debit` float DEFAULT NULL,
  `credit` float DEFAULT NULL,
  PRIMARY KEY (`id`),
  KEY `journalid` (`journalid`),
  KEY `glaccount` (`glaccount`),
  CONSTRAINT `journaldetails_ibfk_1` FOREIGN KEY (`journalid`) REFERENCES `journals` (`id`),
  CONSTRAINT `journaldetails_ibfk_2` FOREIGN KEY (`glaccount`) REFERENCES `glaccounts` (`id`)
) ENGINE=InnoDB AUTO_INCREMENT=43 DEFAULT CHARSET=latin1;

/*Data for the table `journaldetails` */

insert  into `journaldetails`(`id`,`journalid`,`glaccount`,`narration`,`debit`,`credit`) values (1,3,2,'opening balance',23460,0),(2,3,4,'opening balance',0,23460),(4,4,2,'opening balance',23460,0),(5,4,4,'opening balance',0,23460),(7,5,2,'opening balance',23460,0),(8,5,4,'opening balance',0,23460),(10,6,1,'opening balance as at 01-sep-2019',6500,0),(11,6,3,'opening balance as at 01-sep-2019',0,6500),(13,7,9,'Test entry',0,34599),(14,7,6,'Test entry',34599,0),(15,8,1,'Funds transferred to Cash In Bank',0,500),(16,8,2,'Funds transferred from Cash In Hand',500,0),(18,9,2,'Funds transferred to Cash In Hand',0,500),(19,9,1,'Funds transferred from Cash In Bank',500,0),(20,10,1,'Funds transferred to Cash In Bank',0,3490),(21,10,2,'Funds transferred from Cash In Hand',3490,0),(23,11,2,'Funds transferred to Cash In Hand',0,5690),(24,11,1,'Funds transferred from Cash In Bank',5690,0),(25,12,2,'Funds transferred to Cash In Hand',0,3100),(26,12,1,'Funds transferred from Cash In Bank',3100,0),(27,13,2,'Funds transferred to Petty Cash',0,20000),(28,13,6,'Funds transferred from Cash In Bank',20000,0),(29,14,2,'Funds transferred to Cash In Hand',0,55000),(30,14,1,'Funds transferred from Cash In Bank',55000,0),(31,15,12,'Opening balances as at 01-Jan-2021',7800,0),(32,15,15,'Opening balances as at 01-Jan-2021',4800,0),(33,15,14,'Opening balances as at 01-Jan-2021',0,8900),(34,15,13,'Opening balances as at 01-Jan-2021',0,3700),(38,16,1,'Funds transferred to Cash In Bank',0,5600),(39,16,2,'Funds transferred from Cash In Hand',5600,0),(41,17,1,'Funds transferred to Cash In Bank',0,78900),(42,17,2,'Funds transferred from Cash In Hand',78900,0);

/*Table structure for table `journals` */

DROP TABLE IF EXISTS `journals`;

CREATE TABLE `journals` (
  `id` int(11) NOT NULL AUTO_INCREMENT,
  `referenceno` varchar(50) DEFAULT NULL,
  `date` datetime DEFAULT NULL,
  `description` varchar(100) DEFAULT NULL,
  `addedby` int(11) DEFAULT NULL,
  `addedtoledger` tinyint(1) DEFAULT 0,
  PRIMARY KEY (`id`),
  KEY `addedby` (`addedby`),
  CONSTRAINT `journals_ibfk_1` FOREIGN KEY (`addedby`) REFERENCES `user` (`id`)
) ENGINE=InnoDB AUTO_INCREMENT=18 DEFAULT CHARSET=latin1;

/*Data for the table `journals` */

insert  into `journals`(`id`,`referenceno`,`date`,`description`,`addedby`,`addedtoledger`) values (3,'378948','2019-09-13 15:58:10','opening balance',5,1),(4,'378942','2019-09-13 15:59:08','opening balance',5,1),(5,'378941','2019-09-13 15:59:40','opening balance',5,1),(6,'26374','2019-09-13 16:00:49','opening balance as at 01-sep-2019',5,1),(7,'4687578','2019-09-13 20:50:45','This is a test entry',5,1),(8,'12345','2020-08-14 10:35:18','Funds transferred from Cash In Hand to Cash In Bank',5,1),(9,'1234','2020-08-14 10:35:46','Funds transferred from Cash In Bank to Cash In Hand',5,1),(10,'45897H','2020-08-15 18:29:46','Funds transferred from Cash In Hand to Cash In Bank',5,1),(11,'4343','2020-08-16 10:39:29','Funds transferred from Cash In Bank to Cash In Hand',5,1),(12,'376654','2021-01-13 16:04:35','Funds transferred from Cash In Bank to Cash In Hand',5,1),(13,'2504','2021-01-19 22:15:14','Funds transferred from Cash In Bank to Petty Cash',5,1),(14,'78565','2021-07-12 17:51:52','Funds transferred from Cash In Bank to Cash In Hand',5,1),(15,'-','2021-07-19 13:14:49','Opening balances as at 01-Jan-2021',5,1),(16,'5789765','2021-07-19 13:15:45','Funds transferred from Cash In Hand to Cash In Bank',5,1),(17,'590098605689','2021-07-21 14:22:30','Funds transferred from Cash In Hand to Cash In Bank',5,1);

/*Table structure for table `materialdetails` */

DROP TABLE IF EXISTS `materialdetails`;

CREATE TABLE `materialdetails` (
  `id` int(11) NOT NULL AUTO_INCREMENT,
  `categoryid` int(11) DEFAULT NULL,
  `itemcode` varchar(50) DEFAULT NULL,
  `description` varchar(50) DEFAULT NULL,
  `dateadded` datetime DEFAULT NULL,
  `addedby` int(11) DEFAULT NULL,
  `unitofmeasureid` int(11) DEFAULT NULL,
  `indexed` tinyint(1) DEFAULT NULL,
  `deleted` tinyint(1) NOT NULL DEFAULT 0,
  `datedeleted` datetime DEFAULT NULL,
  `deletedby` int(11) DEFAULT NULL,
  `buyingprice` decimal(18,2) DEFAULT NULL,
  `sellingprice` decimal(18,2) DEFAULT NULL,
  `narration` varchar(1000) DEFAULT NULL,
  `inventoryitem` tinyint(1) DEFAULT NULL,
  `reorderlevel` decimal(18,2) DEFAULT NULL,
  PRIMARY KEY (`id`,`deleted`),
  UNIQUE KEY `itemcode` (`itemcode`),
  KEY `categoryid` (`categoryid`),
  KEY `unitofmeasureid` (`unitofmeasureid`),
  KEY `materialdetails_ibfk_2` (`addedby`),
  KEY `deletedby` (`deletedby`),
  CONSTRAINT `materialdetails_ibfk_1` FOREIGN KEY (`categoryid`) REFERENCES `materialcategory` (`id`),
  CONSTRAINT `materialdetails_ibfk_2` FOREIGN KEY (`addedby`) REFERENCES `user` (`id`),
  CONSTRAINT `materialdetails_ibfk_3` FOREIGN KEY (`unitofmeasureid`) REFERENCES `materialunitsofmeasure` (`id`),
  CONSTRAINT `materialdetails_ibfk_4` FOREIGN KEY (`deletedby`) REFERENCES `user` (`id`)
) ENGINE=InnoDB AUTO_INCREMENT=2883 DEFAULT CHARSET=latin1;

/*Data for the table `materialdetails` */

insert  into `materialdetails`(`id`,`categoryid`,`itemcode`,`description`,`dateadded`,`addedby`,`unitofmeasureid`,`indexed`,`deleted`,`datedeleted`,`deletedby`,`buyingprice`,`sellingprice`,`narration`,`inventoryitem`,`reorderlevel`) values (1,10,'AIR00323','AFRO SPECIAL ACETYLENE GAUGES','2021-10-17 21:16:45',5,7,0,0,NULL,NULL,'0.00','0.00',NULL,1,'7.00'),(2,10,'AIR00324','AFRO SPECIAL OXYGEN GAUGES','2021-10-17 21:16:45',5,7,0,0,NULL,NULL,'0.00','0.00',NULL,1,'1.00'),(3,10,'AIR00325','AIR CONDITIONER 12000BTU(HSU C1264SA6 )','2021-10-17 21:16:45',5,7,0,0,NULL,NULL,'0.00','0.00',NULL,1,'7.00'),(4,10,'AIR00326','AIR CONDITIONER 18000BTU (HSU C1865SA8 )','2021-10-17 21:16:45',5,7,0,0,NULL,NULL,'0.00','0.00',NULL,1,'10.00'),(5,10,'AIR00327','AIR CONDITIONER RELAY','2021-10-17 21:16:45',5,7,0,0,NULL,NULL,'0.00','0.00',NULL,1,'8.00'),(6,10,'AIR00328','AIRCON CONTROLLER','2021-10-17 21:16:45',5,7,0,0,NULL,NULL,'0.00','0.00',NULL,1,'2.00'),(7,10,'AIR00329','AIRCON PCB CARD (MAIN) 6871A10005K/49A','2021-10-17 21:16:45',5,7,0,0,NULL,NULL,'0.00','0.00',NULL,1,'4.00'),(8,10,'AIR00330','AIRCON POTENTIAL RELAY','2021-10-17 21:16:45',5,7,0,0,NULL,NULL,'0.00','0.00',NULL,1,'7.00'),(9,10,'AIR00331','AIRCON RELAY SWITCH','2021-10-17 21:16:45',5,7,0,0,NULL,NULL,'0.00','0.00',NULL,1,'0.00'),(10,10,'AIR00332','AIRCON THERMOSTAT','2021-10-17 21:16:45',5,7,0,0,NULL,NULL,'0.00','0.00',NULL,1,'2.00'),(11,10,'AIR00333','AIRWELL IDU FANMOTOR 18000BTU','2021-10-17 21:16:45',5,7,0,0,NULL,NULL,'0.00','0.00',NULL,1,'9.00'),(12,10,'AIR00334','AIRWELL MOTOR/LG MOTOR 18000BTU IDU/ODU','2021-10-17 21:16:45',5,7,0,0,NULL,NULL,'0.00','0.00',NULL,1,'7.00'),(13,10,'AIR00335','Analogue ACCU Temperature Sensor','2021-10-17 21:16:45',5,7,0,0,NULL,NULL,'0.00','0.00',NULL,1,'10.00'),(14,10,'AIR00336','ARMAFLEX 1/2','2021-10-17 21:16:45',5,7,0,0,NULL,NULL,'0.00','0.00',NULL,1,'8.00'),(15,10,'AIR00337','ARMAFLEX 3/4','2021-10-17 21:16:45',5,7,0,0,NULL,NULL,'0.00','0.00',NULL,1,'9.00'),(16,10,'AIR00338','ARMOUR FLEX 1/2','2021-10-17 21:16:45',5,7,0,0,NULL,NULL,'0.00','0.00',NULL,1,'2.00'),(17,10,'AIR00339','ARMOUR FLEX 1/4','2021-10-17 21:16:45',5,7,0,0,NULL,NULL,'0.00','0.00',NULL,1,'2.00'),(18,10,'AIR00340','ARMOUR FLEX 3/8 BY 1/4','2021-10-17 21:16:45',5,7,0,0,NULL,NULL,'0.00','0.00',NULL,1,'6.00'),(19,10,'AIR00341','ARMOUR FLEX 5/8','2021-10-17 21:16:45',5,7,0,0,NULL,NULL,'0.00','0.00',NULL,1,'3.00'),(20,10,'AIR00342','ARMOUR FLEX3/8','2021-10-17 21:16:45',5,7,0,0,NULL,NULL,'0.00','0.00',NULL,1,'6.00'),(21,10,'AIR00343','AVS 30Amps','2021-10-17 21:16:45',5,7,0,0,NULL,NULL,'0.00','0.00',NULL,1,'10.00'),(22,10,'AIR00344','BLADE ASSEMBLY FAN','2021-10-17 21:16:45',5,7,0,0,NULL,NULL,'0.00','0.00',NULL,1,'1.00'),(23,10,'AIR00345','BLAZING TORCH','2021-10-17 21:16:45',5,7,0,0,NULL,NULL,'0.00','0.00',NULL,1,'8.00'),(24,10,'AIR00346','BRAZING RODS','2021-10-17 21:16:45',5,7,0,0,NULL,NULL,'0.00','0.00',NULL,1,'8.00'),(25,10,'AIR00347','CAPACITOR 0.9UF','2021-10-17 21:16:45',5,7,0,0,NULL,NULL,'0.00','0.00',NULL,1,'5.00'),(26,10,'AIR00348','CAPACITOR 1.5UF','2021-10-17 21:16:45',5,7,0,0,NULL,NULL,'0.00','0.00',NULL,1,'0.00'),(27,10,'AIR00349','CAPACITOR 20UF','2021-10-17 21:16:45',5,7,0,0,NULL,NULL,'0.00','0.00',NULL,1,'6.00'),(28,10,'AIR00350','CAPACITOR 2UF','2021-10-17 21:16:45',5,7,0,0,NULL,NULL,'0.00','0.00',NULL,1,'1.00'),(29,10,'AIR00351','CAPACITOR 35 / 1.5 UF','2021-10-17 21:16:45',5,7,0,0,NULL,NULL,'0.00','0.00',NULL,1,'7.00'),(30,10,'AIR00352','CAPACITOR 45 / 5 UF','2021-10-17 21:16:45',5,7,0,0,NULL,NULL,'0.00','0.00',NULL,1,'1.00'),(31,10,'AIR00353','CAPACITOR 4UF','2021-10-17 21:16:45',5,7,0,0,NULL,NULL,'0.00','0.00',NULL,1,'5.00'),(32,10,'AIR00354','CAPACITOR 5 uf','2021-10-17 21:16:45',5,7,0,0,NULL,NULL,'0.00','0.00',NULL,1,'2.00'),(33,10,'AIR00355','CAPACITOR 50uf','2021-10-17 21:16:45',5,7,0,0,NULL,NULL,'0.00','0.00',NULL,1,'5.00'),(34,10,'AIR00356','CAPACITOR 60UF','2021-10-17 21:16:45',5,7,0,0,NULL,NULL,'0.00','0.00',NULL,1,'7.00'),(35,10,'AIR00357','CAPACITOR 80 UF','2021-10-17 21:16:45',5,7,0,0,NULL,NULL,'0.00','0.00',NULL,1,'1.00'),(36,10,'AIR00358','CAPACITORS 2.5UF','2021-10-17 21:16:45',5,7,0,0,NULL,NULL,'0.00','0.00',NULL,1,'4.00'),(37,10,'AIR00359','CAPACITORS 60UF','2021-10-17 21:16:45',5,7,0,0,NULL,NULL,'0.00','0.00',NULL,1,'5.00'),(38,10,'AIR00360','CAPILLARY TUBE','2021-10-17 21:16:45',5,7,0,0,NULL,NULL,'0.00','0.00',NULL,1,'6.00'),(39,10,'AIR00361','CHARGING LINE 410','2021-10-17 21:16:45',5,7,0,0,NULL,NULL,'0.00','0.00',NULL,1,'6.00'),(40,10,'AIR00362','CHARGING VALVE','2021-10-17 21:16:45',5,7,0,0,NULL,NULL,'0.00','0.00',NULL,1,'9.00'),(41,10,'AIR00363','charging valve key','2021-10-17 21:16:45',5,7,0,0,NULL,NULL,'0.00','0.00',NULL,1,'8.00'),(42,10,'AIR00364','COMPRESSOR (12000 BTU) R22','2021-10-17 21:16:45',5,7,0,0,NULL,NULL,'0.00','0.00',NULL,1,'2.00'),(43,10,'AIR00365','COMPRESSOR (12000 BTU) R410','2021-10-17 21:16:45',5,7,0,0,NULL,NULL,'0.00','0.00',NULL,1,'9.00'),(44,10,'AIR00366','COMPRESSOR (18000 BTU) R22','2021-10-17 21:16:45',5,7,0,0,NULL,NULL,'0.00','0.00',NULL,1,'6.00'),(45,10,'AIR00367','COMPRESSOR (18000 BTU) R407C','2021-10-17 21:16:45',5,7,0,0,NULL,NULL,'0.00','0.00',NULL,1,'6.00'),(46,10,'AIR00368','COMPRESSOR (18000 BTU) R410','2021-10-17 21:16:45',5,7,0,0,NULL,NULL,'0.00','0.00',NULL,1,'1.00'),(47,10,'AIR00369','COMPRESSOR (24000 BTU) R22','2021-10-17 21:16:45',5,7,0,0,NULL,NULL,'0.00','0.00',NULL,1,'7.00'),(48,10,'AIR00370','COMPRESSOR (26000BTU)','2021-10-17 21:16:45',5,7,0,0,NULL,NULL,'0.00','0.00',NULL,1,'0.00'),(49,10,'AIR00371','COMPRESSOR (SCROLL)','2021-10-17 21:16:45',5,7,0,0,NULL,NULL,'0.00','0.00',NULL,1,'2.00'),(50,10,'AIR00372','COMPRESSOR 12000BTU R134A','2021-10-17 21:16:45',5,7,0,0,NULL,NULL,'0.00','0.00',NULL,1,'8.00'),(51,10,'AIR00373','COMPRESSOR 18000 BTU R410','2021-10-17 21:16:45',5,7,0,0,NULL,NULL,'0.00','0.00',NULL,1,'3.00'),(52,10,'AIR00374','COMPRESSOR 18000BTU(Hermatic)','2021-10-17 21:16:45',5,7,0,0,NULL,NULL,'0.00','0.00',NULL,1,'1.00'),(53,10,'AIR00375','COMPRESSOR 24000BTU R410','2021-10-17 21:16:45',5,7,0,0,NULL,NULL,'0.00','0.00',NULL,1,'8.00'),(54,10,'AIR00376','COMPRESSOR 26000 BTU R22','2021-10-17 21:16:45',5,7,0,0,NULL,NULL,'0.00','0.00',NULL,1,'7.00'),(55,10,'AIR00377','COMPRESSOR LG 18000BTU','2021-10-17 21:16:45',5,7,0,0,NULL,NULL,'0.00','0.00',NULL,1,'9.00'),(56,10,'AIR00378','COMPRESSOR OVERLOAD SWITCH','2021-10-17 21:16:45',5,7,0,0,NULL,NULL,'0.00','0.00',NULL,1,'6.00'),(57,10,'AIR00379','CONDENSER UNIT','2021-10-17 21:16:45',5,7,0,0,NULL,NULL,'0.00','0.00',NULL,1,'1.00'),(58,10,'AIR00380','CONTACTOR 25A','2021-10-17 21:16:45',5,7,0,0,NULL,NULL,'0.00','0.00',NULL,1,'10.00'),(59,10,'AIR00381','COPPER PIPE 1/2\"','2021-10-17 21:16:45',5,7,0,0,NULL,NULL,'0.00','0.00',NULL,1,'4.00'),(60,10,'AIR00382','COPPER PIPE 1/4','2021-10-17 21:16:45',5,7,0,0,NULL,NULL,'0.00','0.00',NULL,1,'10.00'),(61,10,'AIR00383','COPPER PIPE 1/4\'\'','2021-10-17 21:16:45',5,7,0,0,NULL,NULL,'0.00','0.00',NULL,1,'8.00'),(62,10,'AIR00384','COPPER PIPE 3/8','2021-10-17 21:16:45',5,7,0,0,NULL,NULL,'0.00','0.00',NULL,1,'1.00'),(63,10,'AIR00385','COPPER PIPE 3/8\"','2021-10-17 21:16:45',5,7,0,0,NULL,NULL,'0.00','0.00',NULL,1,'1.00'),(64,10,'AIR00386','COPPER PIPE 5/8 BY3/8(Mtrs)','2021-10-17 21:16:45',5,7,0,0,NULL,NULL,'0.00','0.00',NULL,1,'3.00'),(65,10,'AIR00387','COPPER PIPE 5/8\"','2021-10-17 21:16:45',5,7,0,0,NULL,NULL,'0.00','0.00',NULL,1,'10.00'),(66,10,'AIR00388','COPPER PIPE3/8 BY 1/4(Mrts)','2021-10-17 21:16:45',5,7,0,0,NULL,NULL,'0.00','0.00',NULL,1,'1.00'),(67,10,'AIR00389','COPPER ROD','2021-10-17 21:16:45',5,7,0,0,NULL,NULL,'0.00','0.00',NULL,1,'4.00'),(68,10,'AIR00390','COPPER TUBE','2021-10-17 21:16:45',5,7,0,0,NULL,NULL,'0.00','0.00',NULL,1,'9.00'),(69,10,'AIR00391','COVERS','2021-10-17 21:16:45',5,7,0,0,NULL,NULL,'0.00','0.00',NULL,1,'1.00'),(70,10,'AIR00392','DAIKIN AIRCON UNIT 12000BTU','2021-10-17 21:16:45',5,7,0,0,NULL,NULL,'0.00','0.00',NULL,1,'10.00'),(71,10,'AIR00393','DANTHERM AIRCON WINDOW TYPE','2021-10-17 21:16:45',5,7,0,0,NULL,NULL,'0.00','0.00',NULL,1,'6.00'),(72,10,'AIR00394','DIGITAL TEMP DISPLAY','2021-10-17 21:16:45',5,7,0,0,NULL,NULL,'0.00','0.00',NULL,1,'1.00'),(73,10,'AIR00395','FAN BLADE','2021-10-17 21:16:45',5,7,0,0,NULL,NULL,'0.00','0.00',NULL,1,'5.00'),(74,10,'AIR00396','FAN BLADE - CONDENSER','2021-10-17 21:16:45',5,7,0,0,NULL,NULL,'0.00','0.00',NULL,1,'5.00'),(75,10,'AIR00397','FAN BLADE - EVAPORATOR','2021-10-17 21:16:45',5,7,0,0,NULL,NULL,'0.00','0.00',NULL,1,'6.00'),(76,10,'AIR00398','FAN MOTOR - EVAPORATOR','2021-10-17 21:16:46',5,7,0,0,NULL,NULL,'0.00','0.00',NULL,1,'9.00'),(77,10,'AIR00399','FAN MOTOR (12K 4681A20048A)','2021-10-17 21:16:46',5,7,0,0,NULL,NULL,'0.00','0.00',NULL,1,'5.00'),(78,10,'AIR00400','FAN MOTOR(AIRWELL)','2021-10-17 21:16:46',5,7,0,0,NULL,NULL,'0.00','0.00',NULL,1,'9.00'),(79,10,'AIR00401','FILLING FOAM','2021-10-17 21:16:46',5,7,0,0,NULL,NULL,'0.00','0.00',NULL,1,'8.00'),(80,10,'AIR00402','FILTER DRIER UNIT','2021-10-17 21:16:46',5,7,0,0,NULL,NULL,'0.00','0.00',NULL,1,'5.00'),(81,10,'AIR00403','FLARE NUT 1/2','2021-10-17 21:16:46',5,7,0,0,NULL,NULL,'0.00','0.00',NULL,1,'1.00'),(82,10,'AIR00404','FLARE NUT 1/4','2021-10-17 21:16:46',5,7,0,0,NULL,NULL,'0.00','0.00',NULL,1,'9.00'),(83,10,'AIR00405','FLARE NUT 3/8','2021-10-17 21:16:46',5,7,0,0,NULL,NULL,'0.00','0.00',NULL,1,'1.00'),(84,10,'AIR00406','FLAYERING KIT','2021-10-17 21:16:46',5,7,0,0,NULL,NULL,'0.00','0.00',NULL,1,'9.00'),(85,10,'AIR00407','FREON GAS CYLINDER R22','2021-10-17 21:16:46',5,7,0,0,NULL,NULL,'0.00','0.00',NULL,1,'3.00'),(86,10,'AIR00408','FREON GAS R134','2021-10-17 21:16:46',5,7,0,0,NULL,NULL,'0.00','0.00',NULL,1,'6.00'),(87,10,'AIR00409','FREON GAS R22','2021-10-17 21:16:46',5,7,0,0,NULL,NULL,'0.00','0.00',NULL,1,'4.00'),(88,10,'AIR00410','FREON GAS R407','2021-10-17 21:16:46',5,7,0,0,NULL,NULL,'0.00','0.00',NULL,1,'10.00'),(89,10,'AIR00411','FREON GAS R410','2021-10-17 21:16:46',5,7,0,0,NULL,NULL,'0.00','0.00',NULL,1,'7.00'),(90,10,'AIR00412','HIGH PRESSURE SWITCH','2021-10-17 21:16:46',5,7,0,0,NULL,NULL,'0.00','0.00',NULL,1,'7.00'),(91,10,'AIR00413','IDU 12000 DAIKIN','2021-10-17 21:16:46',5,7,0,0,NULL,NULL,'0.00','0.00',NULL,1,'2.00'),(92,10,'AIR00414','IDU 12000 LG R410','2021-10-17 21:16:46',5,7,0,0,NULL,NULL,'0.00','0.00',NULL,1,'9.00'),(93,10,'AIR00415','IDU 18000 LG','2021-10-17 21:16:46',5,7,0,0,NULL,NULL,'0.00','0.00',NULL,1,'9.00'),(94,10,'AIR00416','IDU 18000BTU SAMSUNG','2021-10-17 21:16:46',5,7,0,0,NULL,NULL,'0.00','0.00',NULL,1,'10.00'),(95,10,'AIR00417','IDU FAN BLOWER','2021-10-17 21:16:46',5,7,0,0,NULL,NULL,'0.00','0.00',NULL,1,'1.00'),(96,10,'AIR00418','IDU FAN BLOWER BEARING','2021-10-17 21:16:46',5,7,0,0,NULL,NULL,'0.00','0.00',NULL,1,'5.00'),(97,10,'AIR00419','IDU FAN MOTOR 12000BTU','2021-10-17 21:16:46',5,7,0,0,NULL,NULL,'0.00','0.00',NULL,1,'3.00'),(98,10,'AIR00420','INDUSTRIAL OXYGEN 8.5M3','2021-10-17 21:16:46',5,7,0,0,NULL,NULL,'0.00','0.00',NULL,1,'9.00'),(99,10,'AIR00421','LG  R410A 12000BTU/HR AIRCON(US-C126TNWO)','2021-10-17 21:16:46',5,7,0,0,NULL,NULL,'0.00','0.00',NULL,1,'6.00'),(100,10,'AIR00422','LG  R410A 18000BTU/HR AIRCON(US-H186TNWO)','2021-10-17 21:16:46',5,7,0,0,NULL,NULL,'0.00','0.00',NULL,1,'4.00'),(101,10,'AIR00423','LG AC CASE ASSY CONTROL (INDOOR) (complete) (91101','2021-10-17 21:16:46',5,7,0,0,NULL,NULL,'0.00','0.00',NULL,1,'0.00'),(102,10,'AIR00424','LG CONTROL CARD(PCB)-18000BTU','2021-10-17 21:16:46',5,7,0,0,NULL,NULL,'0.00','0.00',NULL,1,'10.00'),(103,10,'AIR00425','LG MOTOR IDU/ODU','2021-10-17 21:16:46',5,7,0,0,NULL,NULL,'0.00','0.00',NULL,1,'9.00'),(104,10,'AIR00426','LG WALL TYPE SPLIT AIR CONDITIONER R22; 12000BTU','2021-10-17 21:16:46',5,7,0,0,NULL,NULL,'0.00','0.00',NULL,1,'4.00'),(105,10,'AIR00427','LG WALL TYPE SPLIT AIR CONDITIONER R22; 18000BTU','2021-10-17 21:16:46',5,7,0,0,NULL,NULL,'0.00','0.00',NULL,1,'6.00'),(106,10,'AIR00428','LG WALL TYPE SPLIT AIR CONDITIONER R410; 12000BTU','2021-10-17 21:16:46',5,7,0,0,NULL,NULL,'0.00','0.00',NULL,1,'5.00'),(107,10,'AIR00429','MAP GAS','2021-10-17 21:16:46',5,7,0,0,NULL,NULL,'0.00','0.00',NULL,1,'8.00'),(108,10,'AIR00430','METHANOL','2021-10-17 21:16:46',5,7,0,0,NULL,NULL,'0.00','0.00',NULL,1,'4.00'),(109,10,'AIR00431','MICROPROCESSOR UNIT','2021-10-17 21:16:46',5,7,0,0,NULL,NULL,'0.00','0.00',NULL,1,'6.00'),(110,10,'AIR00432','MUFFLER','2021-10-17 21:16:46',5,7,0,0,NULL,NULL,'0.00','0.00',NULL,1,'6.00'),(111,10,'AIR00433','ODU 12000 DAIKIN','2021-10-17 21:16:46',5,7,0,0,NULL,NULL,'0.00','0.00',NULL,1,'6.00'),(112,10,'AIR00434','ODU 12000 LG R410','2021-10-17 21:16:46',5,7,0,0,NULL,NULL,'0.00','0.00',NULL,1,'8.00'),(113,10,'AIR00435','ODU 18000 LG','2021-10-17 21:16:46',5,7,0,0,NULL,NULL,'0.00','0.00',NULL,1,'5.00'),(114,10,'AIR00436','ODU 18000BTU SAMSUNG','2021-10-17 21:16:46',5,7,0,0,NULL,NULL,'0.00','0.00',NULL,1,'2.00'),(115,10,'AIR00437','ODU FAN BLADE (AIRWELL)','2021-10-17 21:16:46',5,7,0,0,NULL,NULL,'0.00','0.00',NULL,1,'2.00'),(116,10,'AIR00438','ODU FAN BLADE LG 18000BTU','2021-10-17 21:16:46',5,7,0,0,NULL,NULL,'0.00','0.00',NULL,1,'7.00'),(117,10,'AIR00439','ODU FAN MOTOR','2021-10-17 21:16:46',5,7,0,0,NULL,NULL,'0.00','0.00',NULL,1,'8.00'),(118,10,'AIR00440','ODU FAN MOTOR (AIRWELL)','2021-10-17 21:16:46',5,7,0,0,NULL,NULL,'0.00','0.00',NULL,1,'7.00'),(119,10,'AIR00441','ODU FAN MOTOR 12000BTU','2021-10-17 21:16:46',5,7,0,0,NULL,NULL,'0.00','0.00',NULL,1,'3.00'),(120,10,'AIR00442','ODU FAN MOTOR 18000BTU','2021-10-17 21:16:46',5,7,0,0,NULL,NULL,'0.00','0.00',NULL,1,'2.00'),(121,10,'AIR00443','ODU FAN MOTOR 4681A20013S (LG)','2021-10-17 21:16:46',5,7,0,0,NULL,NULL,'0.00','0.00',NULL,1,'1.00'),(122,10,'AIR00444','OVERLOAD RELAY','2021-10-17 21:16:46',5,7,0,0,NULL,NULL,'0.00','0.00',NULL,1,'10.00'),(123,10,'AIR00445','PCB 6871A10009A','2021-10-17 21:16:46',5,7,0,0,NULL,NULL,'0.00','0.00',NULL,1,'6.00'),(124,10,'AIR00446','PCB 6871A10020E','2021-10-17 21:16:46',5,7,0,0,NULL,NULL,'0.00','0.00',NULL,1,'9.00'),(125,10,'AIR00447','PCB 6871A20272B','2021-10-17 21:16:46',5,7,0,0,NULL,NULL,'0.00','0.00',NULL,1,'8.00'),(126,10,'AIR00448','PCB 6871A20294N','2021-10-17 21:16:46',5,7,0,0,NULL,NULL,'0.00','0.00',NULL,1,'4.00'),(127,10,'AIR00449','PCB 6871A20572G','2021-10-17 21:16:46',5,7,0,0,NULL,NULL,'0.00','0.00',NULL,1,'6.00'),(128,10,'AIR00450','PCB 6871A20572H','2021-10-17 21:16:46',5,7,0,0,NULL,NULL,'0.00','0.00',NULL,1,'6.00'),(129,10,'AIR00451','PCB 6871A20573D/B','2021-10-17 21:16:46',5,7,0,0,NULL,NULL,'0.00','0.00',NULL,1,'2.00'),(130,10,'AIR00452','PCB 6871A20926N','2021-10-17 21:16:46',5,7,0,0,NULL,NULL,'0.00','0.00',NULL,1,'3.00'),(131,10,'AIR00453','PCB 6871A90572E','2021-10-17 21:16:46',5,7,0,0,NULL,NULL,'0.00','0.00',NULL,1,'1.00'),(132,10,'AIR00454','PCB 6871A90573B','2021-10-17 21:16:46',5,7,0,0,NULL,NULL,'0.00','0.00',NULL,1,'3.00'),(133,10,'AIR00455','PCB ASSEMBLY 6871A20283B c. 91120826','2021-10-17 21:16:46',5,7,0,0,NULL,NULL,'0.00','0.00',NULL,1,'3.00'),(134,10,'AIR00456','PCB CARD 6871A20572M R410 12000BTU','2021-10-17 21:16:46',5,7,0,0,NULL,NULL,'0.00','0.00',NULL,1,'7.00'),(135,10,'AIR00457','PCB CARD 6871A20926X','2021-10-17 21:16:46',5,7,0,0,NULL,NULL,'0.00','0.00',NULL,1,'6.00'),(136,10,'AIR00458','PCB CARD 6871A90572E','2021-10-17 21:16:46',5,7,0,0,NULL,NULL,'0.00','0.00',NULL,1,'7.00'),(137,10,'AIR00459','PCB CARD 6871A90573B','2021-10-17 21:16:46',5,7,0,0,NULL,NULL,'0.00','0.00',NULL,1,'8.00'),(138,10,'AIR00460','PCB CONTROL CARD','2021-10-17 21:16:46',5,7,0,0,NULL,NULL,'0.00','0.00',NULL,1,'10.00'),(139,10,'AIR00461','PIPE-DISCHARGE','2021-10-17 21:16:46',5,7,0,0,NULL,NULL,'0.00','0.00',NULL,1,'4.00'),(140,10,'AIR00462','PIPE-SUNCTION','2021-10-17 21:16:46',5,7,0,0,NULL,NULL,'0.00','0.00',NULL,1,'0.00'),(141,10,'AIR00463','PORTPAK KIT ACCESSORIES','2021-10-17 21:16:46',5,7,0,0,NULL,NULL,'0.00','0.00',NULL,1,'9.00'),(142,10,'AIR00464','POWER CARD-FAN','2021-10-17 21:16:46',5,7,0,0,NULL,NULL,'0.00','0.00',NULL,1,'3.00'),(143,10,'AIR00465','POWER CONTROL BOARD','2021-10-17 21:16:46',5,7,0,0,NULL,NULL,'0.00','0.00',NULL,1,'0.00'),(144,10,'AIR00466','PRINTED CIRCUIT BOARD','2021-10-17 21:16:46',5,7,0,0,NULL,NULL,'0.00','0.00',NULL,1,'2.00'),(145,10,'AIR00467','PU FOAM 750ML','2021-10-17 21:16:46',5,7,0,0,NULL,NULL,'0.00','0.00',NULL,1,'8.00'),(146,10,'AIR00468','REAR GRILLE','2021-10-17 21:16:46',5,7,0,0,NULL,NULL,'0.00','0.00',NULL,1,'4.00'),(147,10,'AIR00469','RECOVERED AIRCON ODUs 18000/12000BTU','2021-10-17 21:16:46',5,7,0,0,NULL,NULL,'0.00','0.00',NULL,1,'7.00'),(148,10,'AIR00470','REMOTE CONTROL UNIT','2021-10-17 21:16:46',5,7,0,0,NULL,NULL,'0.00','0.00',NULL,1,'3.00'),(149,10,'AIR00471','REVERSING COIL','2021-10-17 21:16:46',5,7,0,0,NULL,NULL,'0.00','0.00',NULL,1,'2.00'),(150,10,'AIR00472','REVERSING VALVE','2021-10-17 21:16:46',5,7,0,0,NULL,NULL,'0.00','0.00',NULL,1,'1.00'),(151,10,'AIR00473','STORM CARD','2021-10-17 21:16:46',5,7,0,0,NULL,NULL,'0.00','0.00',NULL,1,'1.00'),(152,10,'AIR00474','SYSTEM ANALYZER R407,R22R134,R410','2021-10-17 21:16:46',5,7,0,0,NULL,NULL,'0.00','0.00',NULL,1,'1.00'),(153,10,'AIR00475','TEMPARUTE CONTROL','2021-10-17 21:16:46',5,7,0,0,NULL,NULL,'0.00','0.00',NULL,1,'2.00'),(154,10,'AIR00476','TEMPERATURE THERMOSTAT','2021-10-17 21:16:46',5,7,0,0,NULL,NULL,'0.00','0.00',NULL,1,'5.00'),(155,10,'AIR00477','TERMINAL BLOCK','2021-10-17 21:16:46',5,7,0,0,NULL,NULL,'0.00','0.00',NULL,1,'1.00'),(156,10,'AIR00478','THERM SENSOR','2021-10-17 21:16:46',5,7,0,0,NULL,NULL,'0.00','0.00',NULL,1,'8.00'),(157,10,'AIR00479','THERMOSTAT','2021-10-17 21:16:46',5,7,0,0,NULL,NULL,'0.00','0.00',NULL,1,'6.00'),(158,10,'AIR00480','UNIVERSAL AIRCON PCB CARD','2021-10-17 21:16:46',5,7,0,0,NULL,NULL,'0.00','0.00',NULL,1,'8.00'),(159,10,'AIR00481','VACUUM  PUMP OIL','2021-10-17 21:16:46',5,7,0,0,NULL,NULL,'0.00','0.00',NULL,1,'2.00'),(160,10,'AIR00482','VACUUM PUMP 1/2','2021-10-17 21:16:46',5,7,0,0,NULL,NULL,'0.00','0.00',NULL,1,'7.00'),(161,10,'AIR00483','VACUUM PUMP 1/4','2021-10-17 21:16:46',5,7,0,0,NULL,NULL,'0.00','0.00',NULL,1,'7.00'),(162,12,'BOL00031','Bolt M12 × 50 × 1.5 mm  + nut +flat +spring washer','2021-10-17 21:16:46',5,8,0,0,NULL,NULL,'0.00','0.00',NULL,1,'6.00'),(163,12,'BOL00032','Bolts M12X1000 Complete with 4 nuts+2 flat washers','2021-10-17 21:16:46',5,7,0,0,NULL,NULL,'0.00','0.00',NULL,1,'8.00'),(164,12,'BOL00033','Bolts M12X60X1.5MM+nuts+flats+spring washers- Full','2021-10-17 21:16:46',5,8,0,0,NULL,NULL,'0.00','0.00',NULL,1,'4.00'),(165,12,'BOL00034','Bolts M12X75','2021-10-17 21:16:46',5,8,0,0,NULL,NULL,'0.00','0.00',NULL,1,'3.00'),(166,12,'BOL00035','Bolts M16X300 - Full Thread','2021-10-17 21:16:46',5,7,0,0,NULL,NULL,'0.00','0.00',NULL,1,'2.00'),(167,12,'BOL00036','Bolts M16X50','2021-10-17 21:16:46',5,7,0,0,NULL,NULL,'0.00','0.00',NULL,1,'3.00'),(168,12,'BOL00037','Bolts M16X500X1.5MM Through Bolts+4nuts+2flats+2sp','2021-10-17 21:16:46',5,7,0,0,NULL,NULL,'0.00','0.00',NULL,1,'0.00'),(169,12,'BOL00038','Bolts M20X100','2021-10-17 21:16:46',5,7,0,0,NULL,NULL,'0.00','0.00',NULL,1,'2.00'),(170,12,'BOL00039','Bolts M20X1000 Complete with 4 nuts+2 flat washers','2021-10-17 21:16:46',5,7,0,0,NULL,NULL,'0.00','0.00',NULL,1,'8.00'),(171,12,'BOL00040','Bolts M30X100','2021-10-17 21:16:46',5,7,0,0,NULL,NULL,'0.00','0.00',NULL,1,'2.00'),(172,12,'BOL00041','Bolts M8X75','2021-10-17 21:16:46',5,8,0,0,NULL,NULL,'0.00','0.00',NULL,1,'10.00'),(173,12,'BOL00042','M10 × 100 × 1.5 mmThrough Bolt +4 nuts +2flat +2sp','2021-10-17 21:16:46',5,7,0,0,NULL,NULL,'0.00','0.00',NULL,1,'1.00'),(174,12,'BOL00043','M10 × 300 × 1.5 mmThrough Bolt +4 nuts +2flat +2sp','2021-10-17 21:16:46',5,7,0,0,NULL,NULL,'0.00','0.00',NULL,1,'7.00'),(175,12,'BOL00044','M16 × 300 × 1.5 mmThrough Bolt +4 nuts +2flat +2sp','2021-10-17 21:16:46',5,7,0,0,NULL,NULL,'0.00','0.00',NULL,1,'10.00'),(176,12,'BOL00045','Rawl  bolt M12x 90','2021-10-17 21:16:46',5,7,0,0,NULL,NULL,'0.00','0.00',NULL,1,'9.00'),(177,13,'BRA00039','AIRCON WORKSHEET BOOKS','2021-10-17 21:16:46',5,7,0,0,NULL,NULL,'0.00','0.00',NULL,1,'4.00'),(178,13,'BRA00040','Branded Lanyards','2021-10-17 21:16:46',5,7,0,0,NULL,NULL,'0.00','0.00',NULL,1,'5.00'),(179,13,'BRA00041','Branded pens','2021-10-17 21:16:46',5,7,0,0,NULL,NULL,'0.00','0.00',NULL,1,'0.00'),(180,13,'BRA00042','Caps','2021-10-17 21:16:46',5,7,0,0,NULL,NULL,'0.00','0.00',NULL,1,'8.00'),(181,13,'BRA00043','CHRISTMAS CARDS','2021-10-17 21:16:46',5,7,0,0,NULL,NULL,'0.00','0.00',NULL,1,'0.00'),(182,13,'BRA00044','CORPORATE SHIRTS & BLOUSES FOR MEN & WOMEN','2021-10-17 21:16:46',5,7,0,0,NULL,NULL,'0.00','0.00',NULL,1,'7.00'),(183,13,'BRA00045','DESK CALENDERS','2021-10-17 21:16:46',5,7,0,0,NULL,NULL,'0.00','0.00',NULL,1,'6.00'),(184,13,'BRA00046','Diaries','2021-10-17 21:16:46',5,7,0,0,NULL,NULL,'0.00','0.00',NULL,1,'7.00'),(185,13,'BRA00047','GENERATOR WORKSHEET BOOKS','2021-10-17 21:16:46',5,7,0,0,NULL,NULL,'0.00','0.00',NULL,1,'7.00'),(186,13,'BRA00048','Gift Bags','2021-10-17 21:16:46',5,7,0,0,NULL,NULL,'0.00','0.00',NULL,1,'5.00'),(187,13,'BRA00049','ID/ Card holder','2021-10-17 21:16:46',5,7,0,0,NULL,NULL,'0.00','0.00',NULL,1,'3.00'),(188,13,'BRA00050','Mouse pads','2021-10-17 21:16:46',5,7,0,0,NULL,NULL,'0.00','0.00',NULL,1,'2.00'),(189,13,'BRA00051','NOTE BOOKS','2021-10-17 21:16:46',5,7,0,0,NULL,NULL,'0.00','0.00',NULL,1,'9.00'),(190,13,'BRA00052','Pens','2021-10-17 21:16:46',5,7,0,0,NULL,NULL,'0.00','0.00',NULL,1,'0.00'),(191,13,'BRA00053','Polo shirts','2021-10-17 21:16:46',5,7,0,0,NULL,NULL,'0.00','0.00',NULL,1,'3.00'),(192,13,'BRA00054','Running Shorts','2021-10-17 21:16:46',5,7,0,0,NULL,NULL,'0.00','0.00',NULL,1,'4.00'),(193,13,'BRA00055','Running Vests','2021-10-17 21:16:46',5,7,0,0,NULL,NULL,'0.00','0.00',NULL,1,'3.00'),(194,13,'BRA00056','T-shirts','2021-10-17 21:16:46',5,7,0,0,NULL,NULL,'0.00','0.00',NULL,1,'3.00'),(195,13,'BRA00057','Uniforms','2021-10-17 21:16:46',5,7,0,0,NULL,NULL,'0.00','0.00',NULL,1,'3.00'),(196,14,'CBL00033','2`` Diameter Cable Guards 5ft long','2021-10-17 21:16:46',5,8,0,0,NULL,NULL,'0.00','0.00',NULL,1,'8.00'),(197,14,'CBL00034','2400mm KPLC Cable Guards ','2021-10-17 21:16:46',5,8,0,0,NULL,NULL,'0.00','0.00',NULL,1,'3.00'),(198,14,'CBL00035','25x25 PVC Trunking','2021-10-17 21:16:46',5,7,0,0,NULL,NULL,'0.00','0.00',NULL,1,'8.00'),(199,14,'CBL00036','2mX50mm2 KPLC poles cable cover','2021-10-17 21:16:46',5,7,0,0,NULL,NULL,'0.00','0.00',NULL,1,'10.00'),(200,14,'CBL00037','50x25 PVC Trunking','2021-10-17 21:16:46',5,7,0,0,NULL,NULL,'0.00','0.00',NULL,1,'7.00'),(201,14,'CBL00038','50x75 Trunking','2021-10-17 21:16:46',5,7,0,0,NULL,NULL,'0.00','0.00',NULL,1,'5.00'),(202,14,'CBL00039','6mm Hummer Plugs','2021-10-17 21:16:46',5,7,0,0,NULL,NULL,'0.00','0.00',NULL,1,'4.00'),(203,14,'CBL00040','6mm Wall Plugs','2021-10-17 21:16:46',5,9,0,0,NULL,NULL,'0.00','0.00',NULL,1,'6.00'),(204,14,'CBL00041','Cable ladder cover  100x400x100mm','2021-10-17 21:16:46',5,7,0,0,NULL,NULL,'0.00','0.00',NULL,1,'8.00'),(205,14,'CBL00042','Cable ladder cover  400x200mm','2021-10-17 21:16:46',5,7,0,0,NULL,NULL,'0.00','0.00',NULL,1,'3.00'),(206,14,'CBL00043','Mettalic Tranking - 100x50mm one chamber','2021-10-17 21:16:46',5,7,0,0,NULL,NULL,'0.00','0.00',NULL,1,'1.00'),(207,14,'CBL00044','PVC Trunking 50x50mm','2021-10-17 21:16:46',5,7,0,0,NULL,NULL,'0.00','0.00',NULL,1,'6.00'),(208,14,'CBL00045','Roofing bolts','2021-10-17 21:16:46',5,9,0,0,NULL,NULL,'0.00','0.00',NULL,1,'7.00'),(209,14,'CBL00046','Saddle','2021-10-17 21:16:46',5,7,0,0,NULL,NULL,'0.00','0.00',NULL,1,'7.00'),(210,14,'CBL00047','Self tapping screws','2021-10-17 21:16:46',5,9,0,0,NULL,NULL,'0.00','0.00',NULL,1,'4.00'),(211,14,'CBL00048','Wall Plug','2021-10-17 21:16:46',5,7,0,0,NULL,NULL,'0.00','0.00',NULL,1,'8.00'),(212,15,'CBT00021','Cable trays 100x50mm complete with covers and acce','2021-10-17 21:16:46',5,7,0,0,NULL,NULL,'0.00','0.00',NULL,1,'8.00'),(213,15,'CBT00022','Cable trays 150x25mm complete with covers and acce','2021-10-17 21:16:46',5,7,0,0,NULL,NULL,'0.00','0.00',NULL,1,'7.00'),(214,15,'CBT00023','Cable trays 150x50mm complete with covers and acce','2021-10-17 21:16:46',5,7,0,0,NULL,NULL,'0.00','0.00',NULL,1,'2.00'),(215,15,'CBT00024','Cable trays 200x50mm complete with covers and acce','2021-10-17 21:16:46',5,7,0,0,NULL,NULL,'0.00','0.00',NULL,1,'9.00'),(216,15,'CBT00025','Cable trays 300x50mm complete with covers and acce','2021-10-17 21:16:46',5,7,0,0,NULL,NULL,'0.00','0.00',NULL,1,'7.00'),(217,15,'CBT00026','Cable trays 400x50mm complete with covers and acce','2021-10-17 21:16:46',5,7,0,0,NULL,NULL,'0.00','0.00',NULL,1,'9.00'),(218,15,'CBT00027','Cable trays 50x25mm complete with covers and acces','2021-10-17 21:16:46',5,7,0,0,NULL,NULL,'0.00','0.00',NULL,1,'6.00'),(219,15,'CBT00028','Cable trays 50x50mm complete with covers and acces','2021-10-17 21:16:46',5,7,0,0,NULL,NULL,'0.00','0.00',NULL,1,'1.00'),(220,15,'CBT00029','Cable trays 75x50mm complete with covers and acces','2021-10-17 21:16:46',5,7,0,0,NULL,NULL,'0.00','0.00',NULL,1,'8.00'),(221,15,'CBT00030','Painted Cable trays complete with covers 50x200x50','2021-10-17 21:16:46',5,7,0,0,NULL,NULL,'0.00','0.00',NULL,1,'5.00'),(222,16,'CBC00009','Cable tray 100x50mm Stools','2021-10-17 21:16:46',5,7,0,0,NULL,NULL,'0.00','0.00',NULL,1,'2.00'),(223,16,'CBC00010','Cable tray 150x50  Connectors','2021-10-17 21:16:46',5,7,0,0,NULL,NULL,'0.00','0.00',NULL,1,'6.00'),(224,16,'CBC00011','Cable tray covers 150x50mm','2021-10-17 21:16:46',5,7,0,0,NULL,NULL,'0.00','0.00',NULL,1,'5.00'),(225,16,'CBC00012','Cable tray stools 50x100x50mm','2021-10-17 21:16:46',5,7,0,0,NULL,NULL,'0.00','0.00',NULL,1,'7.00'),(226,17,'CBS00007','Cable tray stools','2021-10-17 21:16:46',5,7,0,0,NULL,NULL,'0.00','0.00',NULL,1,'8.00'),(227,17,'CBS00008','Cable trays Stools300MM','2021-10-17 21:16:46',5,7,0,0,NULL,NULL,'0.00','0.00',NULL,1,'9.00'),(228,17,'CBS00009','Painted cable tray stools  50x150x50','2021-10-17 21:16:46',5,7,0,0,NULL,NULL,'0.00','0.00',NULL,1,'1.00'),(229,20,'ELF00047','ALUMINIUM WIRES (6KGS)','2021-10-17 21:16:46',5,7,0,0,NULL,NULL,'0.00','0.00',NULL,1,'7.00'),(230,20,'ELF00048','ENERGIZER (GALLAGHER MEDAL500)','2021-10-17 21:16:46',5,7,0,0,NULL,NULL,'0.00','0.00',NULL,1,'3.00'),(231,20,'ELF00049','ENERGIZER (GALLAGHER MEDAL501)','2021-10-17 21:16:46',5,7,0,0,NULL,NULL,'0.00','0.00',NULL,1,'5.00'),(232,20,'ELF00050','Energizer Adapter (15V)','2021-10-17 21:16:46',5,7,0,0,NULL,NULL,'0.00','0.00',NULL,1,'4.00'),(233,20,'ELF00051','ENERGIZER BATTERY (12V 7AH)','2021-10-17 21:16:46',5,7,0,0,NULL,NULL,'0.00','0.00',NULL,1,'6.00'),(234,20,'ELF00052','ENERGIZER BATTERY(12V 26AH)','2021-10-17 21:16:46',5,7,0,0,NULL,NULL,'0.00','0.00',NULL,1,'8.00'),(235,20,'ELF00053','ENERGIZER CARD (EZ630)','2021-10-17 21:16:46',5,7,0,0,NULL,NULL,'0.00','0.00',NULL,1,'2.00'),(236,20,'ELF00054','ENERGIZER CARD (EZ640)','2021-10-17 21:16:46',5,7,0,0,NULL,NULL,'0.00','0.00',NULL,1,'8.00'),(237,20,'ELF00055','ENERGIZER MEDAL501','2021-10-17 21:16:46',5,7,0,0,NULL,NULL,'0.00','0.00',NULL,1,'3.00'),(238,20,'ELF00056','ENERGIZER(GALLAGHER MEDAL 501)','2021-10-17 21:16:46',5,7,0,0,NULL,NULL,'0.00','0.00',NULL,1,'9.00'),(239,20,'ELF00057','HAMMER ENERGIZER EZ630','2021-10-17 21:16:46',5,7,0,0,NULL,NULL,'0.00','0.00',NULL,1,'7.00'),(240,20,'ELF00058','HAMMER ENERGIZER EZ640','2021-10-17 21:16:46',5,7,0,0,NULL,NULL,'0.00','0.00',NULL,1,'7.00'),(241,20,'ELF00059','HAMMER SURGESTOP','2021-10-17 21:16:46',5,7,0,0,NULL,NULL,'0.00','0.00',NULL,1,'7.00'),(242,20,'ELF00060','HT ALUMINIUM STRANDS','2021-10-17 21:16:46',5,7,0,0,NULL,NULL,'0.00','0.00',NULL,1,'1.00'),(243,20,'ELF00061','HT DOUBLE GALVANIZED','2021-10-17 21:16:46',5,7,0,0,NULL,NULL,'0.00','0.00',NULL,1,'5.00'),(244,20,'ELF00062','PLC BATTERY (12V 7AH)','2021-10-17 21:16:46',5,7,0,0,NULL,NULL,'0.00','0.00',NULL,1,'4.00'),(245,20,'ELF00063','RAZOR WIRE','2021-10-17 21:16:46',5,7,0,0,NULL,NULL,'0.00','0.00',NULL,1,'2.00'),(246,20,'ELF00064','ROLL SHUTTLE DOOR MAGNETIC','2021-10-17 21:16:46',5,7,0,0,NULL,NULL,'0.00','0.00',NULL,1,'9.00'),(247,20,'ELF00065','SIREN KIT SYSTEM','2021-10-17 21:16:46',5,7,0,0,NULL,NULL,'0.00','0.00',NULL,1,'9.00'),(248,20,'ELF00066','STRAINERS (HEAVY DUTY)','2021-10-17 21:16:46',5,7,0,0,NULL,NULL,'0.00','0.00',NULL,1,'8.00'),(249,20,'ELF00067','Ultrasonic Water Meter DN20','2021-10-17 21:16:46',5,7,0,0,NULL,NULL,'0.00','0.00',NULL,1,'5.00'),(250,20,'ELF00068','UNDERGATE CABLE','2021-10-17 21:16:46',5,7,0,0,NULL,NULL,'0.00','0.00',NULL,1,'9.00'),(251,20,'ELF00069','WS INSULATORS','2021-10-17 21:16:46',5,7,0,0,NULL,NULL,'0.00','0.00',NULL,1,'10.00'),(252,21,'ELE00001','1.5mm2 x 3-core flexible cable','2021-10-17 21:16:46',5,14,0,0,NULL,NULL,'0.00','0.00',NULL,1,'2.00'),(253,21,'ELE00002','10 Amp Circuit breaker- single pole ','2021-10-17 21:16:46',5,8,0,0,NULL,NULL,'0.00','0.00',NULL,1,'10.00'),(254,21,'ELE00003','10 Pair alarm cable','2021-10-17 21:16:46',5,14,0,0,NULL,NULL,'0.00','0.00',NULL,1,'4.00'),(255,21,'ELE00004','1000 x 800 x 250mm PDB','2021-10-17 21:16:46',5,11,0,0,NULL,NULL,'0.00','0.00',NULL,1,'10.00'),(256,21,'ELE00005','10MM SINGLE CORE','2021-10-17 21:16:46',5,7,0,0,NULL,NULL,'0.00','0.00',NULL,1,'8.00'),(257,21,'ELE00006','10mm2 x 4-core VG cable armored ','2021-10-17 21:16:46',5,14,0,0,NULL,NULL,'0.00','0.00',NULL,1,'9.00'),(258,21,'ELE00007','125A Meter Panel','2021-10-17 21:16:46',5,7,0,0,NULL,NULL,'0.00','0.00',NULL,1,'2.00'),(259,21,'ELE00008','12mm Self tapping screws ','2021-10-17 21:16:46',5,7,0,0,NULL,NULL,'0.00','0.00',NULL,1,'5.00'),(260,21,'ELE00009','13Amp Twin Socket Outlet (3 pin) + Top Plug + Patt','2021-10-17 21:16:46',5,8,0,0,NULL,NULL,'0.00','0.00',NULL,1,'6.00'),(261,21,'ELE00010','14\'\' Black Cable ties ','2021-10-17 21:16:46',5,9,0,0,NULL,NULL,'0.00','0.00',NULL,1,'6.00'),(262,21,'ELE00011','16 x 12mm Cable Shoe','2021-10-17 21:16:46',5,8,0,0,NULL,NULL,'0.00','0.00',NULL,1,'0.00'),(263,21,'ELE00012','16mm CONNECTERS','2021-10-17 21:16:46',5,7,0,0,NULL,NULL,'0.00','0.00',NULL,1,'4.00'),(264,21,'ELE00013','16MM SINGLE BROWN','2021-10-17 21:16:46',5,7,0,0,NULL,NULL,'0.00','0.00',NULL,1,'9.00'),(265,21,'ELE00014','19mm PG gland','2021-10-17 21:16:46',5,8,0,0,NULL,NULL,'0.00','0.00',NULL,1,'4.00'),(266,21,'ELE00015','2.5 MM 2 CORE CABLE FLEX','2021-10-17 21:16:46',5,7,0,0,NULL,NULL,'0.00','0.00',NULL,1,'4.00'),(267,21,'ELE00016','2.5mm² x 3 core flexible cable','2021-10-17 21:16:46',5,14,0,0,NULL,NULL,'0.00','0.00',NULL,1,'8.00'),(268,21,'ELE00017','2.5mm² x 4 core flexible cable ','2021-10-17 21:16:46',5,14,0,0,NULL,NULL,'0.00','0.00',NULL,1,'5.00'),(269,21,'ELE00018','20 Amp Circuit breaker - single pole','2021-10-17 21:16:46',5,8,0,0,NULL,NULL,'0.00','0.00',NULL,1,'4.00'),(270,21,'ELE00019','20mm saddle clips','2021-10-17 21:16:46',5,8,0,0,NULL,NULL,'0.00','0.00',NULL,1,'3.00'),(271,21,'ELE00020','20mm Self tapping screws ','2021-10-17 21:16:46',5,7,0,0,NULL,NULL,'0.00','0.00',NULL,1,'3.00'),(272,21,'ELE00021','20mm2 Flexible conduit - Black','2021-10-17 21:16:46',5,14,0,0,NULL,NULL,'0.00','0.00',NULL,1,'8.00'),(273,21,'ELE00022','24 HOUR TIMER','2021-10-17 21:16:46',5,7,0,0,NULL,NULL,'0.00','0.00',NULL,1,'10.00'),(274,21,'ELE00023','25 x 3mm Copper tape - Bare','2021-10-17 21:16:46',5,14,0,0,NULL,NULL,'0.00','0.00',NULL,1,'6.00'),(275,21,'ELE00024','25mm Large Cable Gland','2021-10-17 21:16:46',5,8,0,0,NULL,NULL,'0.00','0.00',NULL,1,'10.00'),(276,21,'ELE00025','25mm2 Flexible conduit - Black','2021-10-17 21:16:46',5,14,0,0,NULL,NULL,'0.00','0.00',NULL,1,'0.00'),(277,21,'ELE00026','3 Phase Control Unit Complete.','2021-10-17 21:16:46',5,7,0,0,NULL,NULL,'0.00','0.00',NULL,1,'3.00'),(278,21,'ELE00027','32 Amp Circuit breaker - single pole ','2021-10-17 21:16:46',5,8,0,0,NULL,NULL,'0.00','0.00',NULL,1,'3.00'),(279,21,'ELE00028','35mm  Neutral Connector','2021-10-17 21:16:46',5,8,0,0,NULL,NULL,'0.00','0.00',NULL,1,'7.00'),(280,21,'ELE00029','3RT 24VDC SIEMENS CONTACTOR','2021-10-17 21:16:46',5,7,0,0,NULL,NULL,'0.00','0.00',NULL,1,'5.00'),(281,21,'ELE00030','4FT TWIN ORDINARY FLOURSCENT FITTIN COMPLETE','2021-10-17 21:16:46',5,7,0,0,NULL,NULL,'0.00','0.00',NULL,1,'6.00'),(282,21,'ELE00031','50 x 12mm Cable Shoe','2021-10-17 21:16:46',5,8,0,0,NULL,NULL,'0.00','0.00',NULL,1,'6.00'),(283,21,'ELE00032','50 x 50mm Perforated Trunking (Plastic)','2021-10-17 21:16:46',5,12,0,0,NULL,NULL,'0.00','0.00',NULL,1,'9.00'),(284,21,'ELE00033','50mm Cable lugs','2021-10-17 21:16:46',5,7,0,0,NULL,NULL,'0.00','0.00',NULL,1,'8.00'),(285,21,'ELE00034','50mm x1core Y/Green','2021-10-17 21:16:46',5,14,0,0,NULL,NULL,'0.00','0.00',NULL,1,'4.00'),(286,21,'ELE00035','60A TELEMECHANIC LCI-D65 CONTACTOR','2021-10-17 21:16:46',5,7,0,0,NULL,NULL,'0.00','0.00',NULL,1,'4.00'),(287,21,'ELE00036','63 Amps circuit breaker- 3 pole','2021-10-17 21:16:46',5,8,0,0,NULL,NULL,'0.00','0.00',NULL,1,'9.00'),(288,21,'ELE00037','6MM 4CORE FLEX CABLE','2021-10-17 21:16:46',5,7,0,0,NULL,NULL,'0.00','0.00',NULL,1,'4.00'),(289,21,'ELE00038','6MM ARMOURED CABLE 4 CORE','2021-10-17 21:16:46',5,7,0,0,NULL,NULL,'0.00','0.00',NULL,1,'2.00'),(290,21,'ELE00039','8\'\' Black Cable ties ','2021-10-17 21:16:46',5,9,0,0,NULL,NULL,'0.00','0.00',NULL,1,'8.00'),(291,21,'ELE00040','8\'\' White Cable ties ','2021-10-17 21:16:46',5,9,0,0,NULL,NULL,'0.00','0.00',NULL,1,'4.00'),(292,21,'ELE00041','ABB 240 vac CONTACTOR','2021-10-17 21:16:46',5,7,0,0,NULL,NULL,'0.00','0.00',NULL,1,'6.00'),(293,21,'ELE00042','ABB CHANGE OVER SWITCH 63A','2021-10-17 21:16:46',5,7,0,0,NULL,NULL,'0.00','0.00',NULL,1,'10.00'),(294,21,'ELE00043','ABB CONTACTOR A63.30.22','2021-10-17 21:16:46',5,7,0,0,NULL,NULL,'0.00','0.00',NULL,1,'10.00'),(295,21,'ELE00044','ABB LOW VOLTAGE COMPARATORS','2021-10-17 21:16:46',5,7,0,0,NULL,NULL,'0.00','0.00',NULL,1,'9.00'),(296,21,'ELE00045','ABB VOLTAGE COMPARATORS-(LOW VOLTAGE)','2021-10-17 21:16:46',5,7,0,0,NULL,NULL,'0.00','0.00',NULL,1,'6.00'),(297,21,'ELE00046','ABB voltage monitoring relays (ABB CM-SFS.2)','2021-10-17 21:16:46',5,7,0,0,NULL,NULL,'0.00','0.00',NULL,1,'4.00'),(298,21,'ELE00047','Ac Board','2021-10-17 21:16:47',5,7,0,0,NULL,NULL,'0.00','0.00',NULL,1,'1.00'),(299,21,'ELE00048','Alarm Cable','2021-10-17 21:16:47',5,7,0,0,NULL,NULL,'0.00','0.00',NULL,1,'4.00'),(300,21,'ELE00049','ALARM CABLE 4 CORE -1ROLL','2021-10-17 21:16:47',5,7,0,0,NULL,NULL,'0.00','0.00',NULL,1,'7.00'),(301,21,'ELE00050','ALARM CABLE 6 CORE','2021-10-17 21:16:47',5,7,0,0,NULL,NULL,'0.00','0.00',NULL,1,'4.00'),(302,21,'ELE00051','ALARM CABLE(10 PAIR)','2021-10-17 21:16:47',5,7,0,0,NULL,NULL,'0.00','0.00',NULL,1,'9.00'),(303,21,'ELE00052','Aluminium Foil','2021-10-17 21:16:47',5,14,0,0,NULL,NULL,'0.00','0.00',NULL,1,'2.00'),(304,21,'ELE00053','ANGLE MC DOOR MAGNET','2021-10-17 21:16:47',5,7,0,0,NULL,NULL,'0.00','0.00',NULL,1,'5.00'),(305,21,'ELE00054','APS BOARD','2021-10-17 21:16:47',5,7,0,0,NULL,NULL,'0.00','0.00',NULL,1,'7.00'),(306,21,'ELE00055','Armored Cable 4core 10mm','2021-10-17 21:16:47',5,7,0,0,NULL,NULL,'0.00','0.00',NULL,1,'2.00'),(307,21,'ELE00056','Armored cable 4core 6mm','2021-10-17 21:16:47',5,7,0,0,NULL,NULL,'0.00','0.00',NULL,1,'7.00'),(308,21,'ELE00057','ARMOURED CABLE 4CORE 2.5 MM','2021-10-17 21:16:47',5,7,0,0,NULL,NULL,'0.00','0.00',NULL,1,'8.00'),(309,21,'ELE00058','ARMOURED CABLE 4CORE 6MM','2021-10-17 21:16:47',5,7,0,0,NULL,NULL,'0.00','0.00',NULL,1,'8.00'),(310,21,'ELE00059','AUXILLIARY CHINT','2021-10-17 21:16:47',5,7,0,0,NULL,NULL,'0.00','0.00',NULL,1,'10.00'),(311,21,'ELE00060','AUXILLIARY CONTACT (SIEMENS)','2021-10-17 21:16:47',5,7,0,0,NULL,NULL,'0.00','0.00',NULL,1,'2.00'),(312,21,'ELE00061','AUXILLIARY CONTACT (TELEMECHANIQUE)','2021-10-17 21:16:47',5,7,0,0,NULL,NULL,'0.00','0.00',NULL,1,'3.00'),(313,21,'ELE00062','AUXILLIARY CONTACT ABB','2021-10-17 21:16:47',5,7,0,0,NULL,NULL,'0.00','0.00',NULL,1,'7.00'),(314,21,'ELE00063','AUXILLIARY CONTACT BF25 LOVATO','2021-10-17 21:16:47',5,7,0,0,NULL,NULL,'0.00','0.00',NULL,1,'5.00'),(315,21,'ELE00064','AUXILLIARY CONTACT LOVATO','2021-10-17 21:16:47',5,7,0,0,NULL,NULL,'0.00','0.00',NULL,1,'4.00'),(316,21,'ELE00065','AVIATION WARNING LIGHT','2021-10-17 21:16:47',5,7,0,0,NULL,NULL,'0.00','0.00',NULL,1,'7.00'),(317,21,'ELE00066','AVS 30 AMPS','2021-10-17 21:16:47',5,7,0,0,NULL,NULL,'0.00','0.00',NULL,1,'1.00'),(318,21,'ELE00067','AVS 3P SOLLATEK','2021-10-17 21:16:47',5,7,0,0,NULL,NULL,'0.00','0.00',NULL,1,'7.00'),(319,21,'ELE00068','BALL BEARING 6306-2RS SKF  ','2021-10-17 21:16:47',5,7,0,0,NULL,NULL,'0.00','0.00',NULL,1,'9.00'),(320,21,'ELE00069','BF 50.40 4POLE','2021-10-17 21:16:47',5,7,0,0,NULL,NULL,'0.00','0.00',NULL,1,'4.00'),(321,21,'ELE00070','BLOCK CONNECTOR 16MM','2021-10-17 21:16:47',5,7,0,0,NULL,NULL,'0.00','0.00',NULL,1,'4.00'),(322,21,'ELE00071','BLOCK CONNECTOR 4MM','2021-10-17 21:16:47',5,7,0,0,NULL,NULL,'0.00','0.00',NULL,1,'7.00'),(323,21,'ELE00072','BLOWER (B&D)','2021-10-17 21:16:47',5,7,0,0,NULL,NULL,'0.00','0.00',NULL,1,'2.00'),(324,21,'ELE00073','BREAKER 32A SINGLE POLE','2021-10-17 21:16:47',5,7,0,0,NULL,NULL,'0.00','0.00',NULL,1,'9.00'),(325,21,'ELE00074','BREAKER 63A SINGLE','2021-10-17 21:16:47',5,7,0,0,NULL,NULL,'0.00','0.00',NULL,1,'9.00'),(326,21,'ELE00075','BREAKER JAW SP(comb Busbar)12\"','2021-10-17 21:16:47',5,7,0,0,NULL,NULL,'0.00','0.00',NULL,1,'9.00'),(327,21,'ELE00076','Cable','2021-10-17 21:16:47',5,7,0,0,NULL,NULL,'0.00','0.00',NULL,1,'8.00'),(328,21,'ELE00077','CABLE  DC 50MM(BLACK)','2021-10-17 21:16:47',5,7,0,0,NULL,NULL,'0.00','0.00',NULL,1,'4.00'),(329,21,'ELE00078','CABLE (ARMOURED 25MM 2CORE)','2021-10-17 21:16:47',5,7,0,0,NULL,NULL,'0.00','0.00',NULL,1,'4.00'),(330,21,'ELE00079','CABLE (Y/G) 50MM','2021-10-17 21:16:47',5,7,0,0,NULL,NULL,'0.00','0.00',NULL,1,'7.00'),(331,21,'ELE00080','CABLE 1.5 MM 4 CORE','2021-10-17 21:16:47',5,7,0,0,NULL,NULL,'0.00','0.00',NULL,1,'6.00'),(332,21,'ELE00081','CABLE 1.5 MM2 3 CORE FLEX','2021-10-17 21:16:47',5,7,0,0,NULL,NULL,'0.00','0.00',NULL,1,'8.00'),(333,21,'ELE00082','CABLE 1.5MM 2 CORE FLEX','2021-10-17 21:16:47',5,7,0,0,NULL,NULL,'0.00','0.00',NULL,1,'2.00'),(334,21,'ELE00083','CABLE 16MM (BLACK)','2021-10-17 21:16:47',5,7,0,0,NULL,NULL,'0.00','0.00',NULL,1,'7.00'),(335,21,'ELE00084','CABLE 16MM (RED, YELLOW, BLUE, BLACK)','2021-10-17 21:16:47',5,7,0,0,NULL,NULL,'0.00','0.00',NULL,1,'0.00'),(336,21,'ELE00085','CABLE 16MM(BLUE)','2021-10-17 21:16:47',5,7,0,0,NULL,NULL,'0.00','0.00',NULL,1,'9.00'),(337,21,'ELE00086','CABLE 2.5 MM FLEX SINGLE CABLE','2021-10-17 21:16:47',5,7,0,0,NULL,NULL,'0.00','0.00',NULL,1,'3.00'),(338,21,'ELE00087','CABLE 2.5MM 4CORE FLEX','2021-10-17 21:16:47',5,7,0,0,NULL,NULL,'0.00','0.00',NULL,1,'8.00'),(339,21,'ELE00088','CABLE 2.5MM SINGLE CORE','2021-10-17 21:16:47',5,7,0,0,NULL,NULL,'0.00','0.00',NULL,1,'0.00'),(340,21,'ELE00089','CABLE 25MM DC SINGLE CORE(BLACK)','2021-10-17 21:16:47',5,7,0,0,NULL,NULL,'0.00','0.00',NULL,1,'7.00'),(341,21,'ELE00090','CABLE 25MM SINGLE CORE (BLUE)','2021-10-17 21:16:47',5,7,0,0,NULL,NULL,'0.00','0.00',NULL,1,'6.00'),(342,21,'ELE00091','CABLE 25MM SINGLE CORE(BLACK)','2021-10-17 21:16:47',5,7,0,0,NULL,NULL,'0.00','0.00',NULL,1,'8.00'),(343,21,'ELE00092','CABLE 35MM DC SINGLE(BLACK)','2021-10-17 21:16:47',5,7,0,0,NULL,NULL,'0.00','0.00',NULL,1,'4.00'),(344,21,'ELE00093','CABLE 35MM DC SINGLE(BLUE)','2021-10-17 21:16:47',5,7,0,0,NULL,NULL,'0.00','0.00',NULL,1,'6.00'),(345,21,'ELE00094','CABLE 4.0mm 4 core ARMORED','2021-10-17 21:16:47',5,7,0,0,NULL,NULL,'0.00','0.00',NULL,1,'6.00'),(346,21,'ELE00095','CABLE ARMOURED 35MM 4CORE','2021-10-17 21:16:47',5,7,0,0,NULL,NULL,'0.00','0.00',NULL,1,'2.00'),(347,21,'ELE00096','CABLE DC 10MM BLACK','2021-10-17 21:16:47',5,7,0,0,NULL,NULL,'0.00','0.00',NULL,1,'4.00'),(348,21,'ELE00097','CABLE DC 10MM BLUE','2021-10-17 21:16:47',5,7,0,0,NULL,NULL,'0.00','0.00',NULL,1,'4.00'),(349,21,'ELE00098','CABLE DC 50MM','2021-10-17 21:16:47',5,7,0,0,NULL,NULL,'0.00','0.00',NULL,1,'9.00'),(350,21,'ELE00099','CABLE DC 50MM(BLUE)','2021-10-17 21:16:47',5,7,0,0,NULL,NULL,'0.00','0.00',NULL,1,'10.00'),(351,21,'ELE00100','Cable entry Brackets 200mm','2021-10-17 21:16:47',5,7,0,0,NULL,NULL,'0.00','0.00',NULL,1,'4.00'),(352,21,'ELE00101','CABLE FLEX 10MM 3 CORE','2021-10-17 21:16:47',5,7,0,0,NULL,NULL,'0.00','0.00',NULL,1,'1.00'),(353,21,'ELE00102','CABLE FLEX 16MM2 SINGLE CORE','2021-10-17 21:16:47',5,7,0,0,NULL,NULL,'0.00','0.00',NULL,1,'3.00'),(354,21,'ELE00103','CABLE FLEX 4MM  4 CORE','2021-10-17 21:16:47',5,7,0,0,NULL,NULL,'0.00','0.00',NULL,1,'2.00'),(355,21,'ELE00104','CABLE FLEX SINGLE 35MM2','2021-10-17 21:16:47',5,7,0,0,NULL,NULL,'0.00','0.00',NULL,1,'1.00'),(356,21,'ELE00105','Cable Glads 25mm Plastic','2021-10-17 21:16:47',5,7,0,0,NULL,NULL,'0.00','0.00',NULL,1,'7.00'),(357,21,'ELE00106','Cable Glands 20mm Plastic','2021-10-17 21:16:47',5,7,0,0,NULL,NULL,'0.00','0.00',NULL,1,'5.00'),(358,21,'ELE00107','Cable Glands 25mm Metallic','2021-10-17 21:16:47',5,7,0,0,NULL,NULL,'0.00','0.00',NULL,1,'1.00'),(359,21,'ELE00108','CABLE LUG 95MM','2021-10-17 21:16:47',5,7,0,0,NULL,NULL,'0.00','0.00',NULL,1,'1.00'),(360,21,'ELE00109','CABLE LUGS 10MM','2021-10-17 21:16:47',5,7,0,0,NULL,NULL,'0.00','0.00',NULL,1,'2.00'),(361,21,'ELE00110','CABLE LUGS 16MM','2021-10-17 21:16:47',5,7,0,0,NULL,NULL,'0.00','0.00',NULL,1,'8.00'),(362,21,'ELE00111','CABLE LUGS 25MM','2021-10-17 21:16:47',5,7,0,0,NULL,NULL,'0.00','0.00',NULL,1,'4.00'),(363,21,'ELE00112','CABLE LUGS 35MM','2021-10-17 21:16:47',5,7,0,0,NULL,NULL,'0.00','0.00',NULL,1,'6.00'),(364,21,'ELE00113','CABLE LUGS 50MM','2021-10-17 21:16:47',5,7,0,0,NULL,NULL,'0.00','0.00',NULL,1,'9.00'),(365,21,'ELE00114','CABLE LUGS 6MM','2021-10-17 21:16:47',5,7,0,0,NULL,NULL,'0.00','0.00',NULL,1,'5.00'),(366,21,'ELE00115','CABLE LUGS 70MM','2021-10-17 21:16:47',5,7,0,0,NULL,NULL,'0.00','0.00',NULL,1,'10.00'),(367,21,'ELE00116','Cable Tray 100 * 50mm','2021-10-17 21:16:47',5,7,0,0,NULL,NULL,'0.00','0.00',NULL,1,'3.00'),(368,21,'ELE00117','CABLE TRAY 100 BY 25MM','2021-10-17 21:16:47',5,7,0,0,NULL,NULL,'0.00','0.00',NULL,1,'7.00'),(369,21,'ELE00118','CABLE TRAY 100BY 50MM','2021-10-17 21:16:47',5,7,0,0,NULL,NULL,'0.00','0.00',NULL,1,'4.00'),(370,21,'ELE00119','Cable Tray 300 * 50mm','2021-10-17 21:16:47',5,7,0,0,NULL,NULL,'0.00','0.00',NULL,1,'0.00'),(371,21,'ELE00120','Cable Tray 400 * 50mm','2021-10-17 21:16:47',5,7,0,0,NULL,NULL,'0.00','0.00',NULL,1,'10.00'),(372,21,'ELE00121','Cable Tray Covers 100mm','2021-10-17 21:16:47',5,7,0,0,NULL,NULL,'0.00','0.00',NULL,1,'8.00'),(373,21,'ELE00122','Cable Tray Covers 300mm','2021-10-17 21:16:47',5,7,0,0,NULL,NULL,'0.00','0.00',NULL,1,'9.00'),(374,21,'ELE00123','Cable Tray Covers 400mm','2021-10-17 21:16:47',5,7,0,0,NULL,NULL,'0.00','0.00',NULL,1,'2.00'),(375,21,'ELE00124','Cable Tray Stand 100mm','2021-10-17 21:16:47',5,7,0,0,NULL,NULL,'0.00','0.00',NULL,1,'3.00'),(376,21,'ELE00125','Cable Tray Stands  400mm','2021-10-17 21:16:47',5,7,0,0,NULL,NULL,'0.00','0.00',NULL,1,'8.00'),(377,21,'ELE00126','Cable Tray Stands 300mm','2021-10-17 21:16:47',5,7,0,0,NULL,NULL,'0.00','0.00',NULL,1,'2.00'),(378,21,'ELE00127','CABLE YELLOW/GREEN 6.0MM','2021-10-17 21:16:47',5,7,0,0,NULL,NULL,'0.00','0.00',NULL,1,'4.00'),(379,21,'ELE00128','CABLE(FLEXIBLE 16MM2  SINGLE CORE)','2021-10-17 21:16:47',5,7,0,0,NULL,NULL,'0.00','0.00',NULL,1,'5.00'),(380,21,'ELE00129','CABLE(FLEXIBLE 2.5 3CORE)','2021-10-17 21:16:47',5,7,0,0,NULL,NULL,'0.00','0.00',NULL,1,'1.00'),(381,21,'ELE00130','CABLE(FLEXIBLE 6MM 3CORE)','2021-10-17 21:16:47',5,7,0,0,NULL,NULL,'0.00','0.00',NULL,1,'2.00'),(382,21,'ELE00131','CABLE(FLEXIBLE SINGLE CORE 35MM YELLOW/GREEN)','2021-10-17 21:16:47',5,7,0,0,NULL,NULL,'0.00','0.00',NULL,1,'9.00'),(383,21,'ELE00132','CABLE(YELLOW/GREEN 25MM2)','2021-10-17 21:16:47',5,7,0,0,NULL,NULL,'0.00','0.00',NULL,1,'6.00'),(384,21,'ELE00133','CABLE10MM SINGLE CORE','2021-10-17 21:16:47',5,7,0,0,NULL,NULL,'0.00','0.00',NULL,1,'5.00'),(385,21,'ELE00134','CABLE2.5MM FLEX 3 CORE','2021-10-17 21:16:47',5,7,0,0,NULL,NULL,'0.00','0.00',NULL,1,'7.00'),(386,21,'ELE00135','CARLO GAVAZI COMPARATORS','2021-10-17 21:16:47',5,7,0,0,NULL,NULL,'0.00','0.00',NULL,1,'1.00'),(387,21,'ELE00136','CARLO GAVAZZI RELAY 240AC','2021-10-17 21:16:47',5,7,0,0,NULL,NULL,'0.00','0.00',NULL,1,'3.00'),(388,21,'ELE00137','CHINT CONTACTOR 3 POLE NC4011','2021-10-17 21:16:47',5,7,0,0,NULL,NULL,'0.00','0.00',NULL,1,'4.00'),(389,21,'ELE00138','CHINT Contactor 60A NC1-4011','2021-10-17 21:16:47',5,7,0,0,NULL,NULL,'0.00','0.00',NULL,1,'8.00'),(390,21,'ELE00139','CHINT CONTACTOR NC1- 1210','2021-10-17 21:16:47',5,7,0,0,NULL,NULL,'0.00','0.00',NULL,1,'10.00'),(391,21,'ELE00140','CHINT CONTACTOR NC1 4011','2021-10-17 21:16:47',5,7,0,0,NULL,NULL,'0.00','0.00',NULL,1,'3.00'),(392,21,'ELE00141','CHOKE','2021-10-17 21:16:47',5,7,0,0,NULL,NULL,'0.00','0.00',NULL,1,'8.00'),(393,21,'ELE00142','CIRCUIT BREAKER  SINGLE 32A','2021-10-17 21:16:47',5,7,0,0,NULL,NULL,'0.00','0.00',NULL,1,'1.00'),(394,21,'ELE00143','CIRCUIT BREAKER ( 10A SINGLE POLE)','2021-10-17 21:16:47',5,7,0,0,NULL,NULL,'0.00','0.00',NULL,1,'1.00'),(395,21,'ELE00144','CIRCUIT BREAKER (32A WITH AUXILLIARY)','2021-10-17 21:16:47',5,7,0,0,NULL,NULL,'0.00','0.00',NULL,1,'3.00'),(396,21,'ELE00145','CIRCUIT BREAKER (FOUR POLE 63A)','2021-10-17 21:16:47',5,7,0,0,NULL,NULL,'0.00','0.00',NULL,1,'9.00'),(397,21,'ELE00146','CIRCUIT BREAKER (SINGLE POLE 63A)','2021-10-17 21:16:47',5,7,0,0,NULL,NULL,'0.00','0.00',NULL,1,'9.00'),(398,21,'ELE00147','CIRCUIT BREAKER (THREE POLE 32A)','2021-10-17 21:16:47',5,7,0,0,NULL,NULL,'0.00','0.00',NULL,1,'7.00'),(399,21,'ELE00148','CIRCUIT BREAKER (THREE POLE 63A)','2021-10-17 21:16:47',5,7,0,0,NULL,NULL,'0.00','0.00',NULL,1,'9.00'),(400,21,'ELE00149','CIRCUIT BREAKER 120A DOUBLE POLE','2021-10-17 21:16:47',5,7,0,0,NULL,NULL,'0.00','0.00',NULL,1,'2.00'),(401,21,'ELE00150','CIRCUIT BREAKER 120A TRIPLE POLE','2021-10-17 21:16:47',5,7,0,0,NULL,NULL,'0.00','0.00',NULL,1,'6.00'),(402,21,'ELE00151','CIRCUIT BREAKER 125A SINGLE  POLE','2021-10-17 21:16:47',5,7,0,0,NULL,NULL,'0.00','0.00',NULL,1,'0.00'),(403,21,'ELE00152','CIRCUIT BREAKER 20A DC','2021-10-17 21:16:47',5,7,0,0,NULL,NULL,'0.00','0.00',NULL,1,'6.00'),(404,21,'ELE00153','CIRCUIT BREAKER 20A SINGLE POLE','2021-10-17 21:16:47',5,7,0,0,NULL,NULL,'0.00','0.00',NULL,1,'8.00'),(405,21,'ELE00154','CIRCUIT BREAKER 2POLE 63A','2021-10-17 21:16:47',5,7,0,0,NULL,NULL,'0.00','0.00',NULL,1,'0.00'),(406,21,'ELE00155','CIRCUIT BREAKER 32A DOUBLE POLE','2021-10-17 21:16:47',5,7,0,0,NULL,NULL,'0.00','0.00',NULL,1,'9.00'),(407,21,'ELE00156','CIRCUIT BREAKER 40A','2021-10-17 21:16:47',5,7,0,0,NULL,NULL,'0.00','0.00',NULL,1,'2.00'),(408,21,'ELE00157','CIRCUIT BREAKER 40A 3POLE','2021-10-17 21:16:47',5,7,0,0,NULL,NULL,'0.00','0.00',NULL,1,'6.00'),(409,21,'ELE00158','CIRCUIT BREAKER 50A SINGLE POLE','2021-10-17 21:16:47',5,7,0,0,NULL,NULL,'0.00','0.00',NULL,1,'3.00'),(410,21,'ELE00159','Circuit Breaker Bus Bar Single pole','2021-10-17 21:16:47',5,7,0,0,NULL,NULL,'0.00','0.00',NULL,1,'9.00'),(411,21,'ELE00160','Circuit Breaker Bus Bar Triple pole','2021-10-17 21:16:47',5,7,0,0,NULL,NULL,'0.00','0.00',NULL,1,'3.00'),(412,21,'ELE00161','CIRCUIT BREAKER DC 100A','2021-10-17 21:16:47',5,7,0,0,NULL,NULL,'0.00','0.00',NULL,1,'0.00'),(413,21,'ELE00162','CIRCUIT BREAKER DC 32 A','2021-10-17 21:16:47',5,7,0,0,NULL,NULL,'0.00','0.00',NULL,1,'2.00'),(414,21,'ELE00163','CIRCUIT BREAKER DC 63A','2021-10-17 21:16:47',5,7,0,0,NULL,NULL,'0.00','0.00',NULL,1,'8.00'),(415,21,'ELE00164','CIRCUIT BREAKER DOUBLE 32A','2021-10-17 21:16:47',5,7,0,0,NULL,NULL,'0.00','0.00',NULL,1,'4.00'),(416,21,'ELE00165','CIRCUIT BREAKER DOUBLE POLE 63A','2021-10-17 21:16:47',5,7,0,0,NULL,NULL,'0.00','0.00',NULL,1,'7.00'),(417,21,'ELE00166','CIRCUIT BREAKER SIEMENS 80A(single)','2021-10-17 21:16:47',5,7,0,0,NULL,NULL,'0.00','0.00',NULL,1,'4.00'),(418,21,'ELE00167','CIRCUIT BREAKER SINGLE 125A','2021-10-17 21:16:47',5,7,0,0,NULL,NULL,'0.00','0.00',NULL,1,'6.00'),(419,21,'ELE00168','CIRCUIT BREAKER SINGLE POLE 63A','2021-10-17 21:16:47',5,7,0,0,NULL,NULL,'0.00','0.00',NULL,1,'9.00'),(420,21,'ELE00169','CIRCUIT BREAKER(MCB) 100A 4POLE','2021-10-17 21:16:47',5,7,0,0,NULL,NULL,'0.00','0.00',NULL,1,'9.00'),(421,21,'ELE00170','CLIPS','2021-10-17 21:16:47',5,7,0,0,NULL,NULL,'0.00','0.00',NULL,1,'8.00'),(422,21,'ELE00171','COMPARATOR (FINDER) 240VAC','2021-10-17 21:16:47',5,7,0,0,NULL,NULL,'0.00','0.00',NULL,1,'3.00'),(423,21,'ELE00172','COMPARATOR (phase failure 415V)','2021-10-17 21:16:47',5,7,0,0,NULL,NULL,'0.00','0.00',NULL,1,'9.00'),(424,21,'ELE00173','COMPARATOR (RHOMBERG) 240vac','2021-10-17 21:16:47',5,7,0,0,NULL,NULL,'0.00','0.00',NULL,1,'7.00'),(425,21,'ELE00174','COMPARATOR 1 PHASE','2021-10-17 21:16:47',5,7,0,0,NULL,NULL,'0.00','0.00',NULL,1,'0.00'),(426,21,'ELE00175','COMPARATOR 3 PHASE','2021-10-17 21:16:47',5,7,0,0,NULL,NULL,'0.00','0.00',NULL,1,'8.00'),(427,21,'ELE00176','COMPARATOR ABB CM-EFS (LVAPS)','2021-10-17 21:16:47',5,7,0,0,NULL,NULL,'0.00','0.00',NULL,1,'9.00'),(428,21,'ELE00177','COMPARATOR(phase failure 240v)','2021-10-17 21:16:47',5,7,0,0,NULL,NULL,'0.00','0.00',NULL,1,'3.00'),(429,21,'ELE00178','CONDUIT','2021-10-17 21:16:47',5,7,0,0,NULL,NULL,'0.00','0.00',NULL,1,'9.00'),(430,21,'ELE00179','CONNECTOR 4MM','2021-10-17 21:16:47',5,7,0,0,NULL,NULL,'0.00','0.00',NULL,1,'3.00'),(431,21,'ELE00180','CONNECTORS 25mm','2021-10-17 21:16:47',5,7,0,0,NULL,NULL,'0.00','0.00',NULL,1,'1.00'),(432,21,'ELE00181','CONNECTORS BLOCKS 35MM','2021-10-17 21:16:47',5,7,0,0,NULL,NULL,'0.00','0.00',NULL,1,'4.00'),(433,21,'ELE00182','CONTACTOR ( ABB A30-30-10)','2021-10-17 21:16:47',5,7,0,0,NULL,NULL,'0.00','0.00',NULL,1,'7.00'),(434,21,'ELE00183','CONTACTOR (ABB A16.40.00)','2021-10-17 21:16:47',5,7,0,0,NULL,NULL,'0.00','0.00',NULL,1,'5.00'),(435,21,'ELE00184','CONTACTOR (LOVATO BF20)','2021-10-17 21:16:47',5,7,0,0,NULL,NULL,'0.00','0.00',NULL,1,'5.00'),(436,21,'ELE00185','CONTACTOR (LOVATO BF25)','2021-10-17 21:16:47',5,7,0,0,NULL,NULL,'0.00','0.00',NULL,1,'7.00'),(437,21,'ELE00186','CONTACTOR (SIEMENS COIL 24V DC)','2021-10-17 21:16:47',5,7,0,0,NULL,NULL,'0.00','0.00',NULL,1,'0.00'),(438,21,'ELE00187','CONTACTOR (TELEMECHANIC D25)','2021-10-17 21:16:47',5,7,0,0,NULL,NULL,'0.00','0.00',NULL,1,'1.00'),(439,21,'ELE00188','CONTACTOR (TELEMECHANIC D40 3pole)','2021-10-17 21:16:47',5,7,0,0,NULL,NULL,'0.00','0.00',NULL,1,'6.00'),(440,21,'ELE00189','CONTACTOR (TELEMECHANIC D50 4pole)','2021-10-17 21:16:47',5,7,0,0,NULL,NULL,'0.00','0.00',NULL,1,'4.00'),(441,21,'ELE00190','CONTACTOR (TELEMECHANIC D63) 3 POLE','2021-10-17 21:16:47',5,7,0,0,NULL,NULL,'0.00','0.00',NULL,1,'3.00'),(442,21,'ELE00191','CONTACTOR (TELEMECHANIC D65 4pole)','2021-10-17 21:16:47',5,7,0,0,NULL,NULL,'0.00','0.00',NULL,1,'5.00'),(443,21,'ELE00192','CONTACTOR (TELEMECHANIC D8008) 4pole','2021-10-17 21:16:47',5,7,0,0,NULL,NULL,'0.00','0.00',NULL,1,'4.00'),(444,21,'ELE00193','CONTACTOR (TELEMECHANIC LCI D12)','2021-10-17 21:16:47',5,7,0,0,NULL,NULL,'0.00','0.00',NULL,1,'4.00'),(445,21,'ELE00194','CONTACTOR 3 POLE (ABB A16-30-10)','2021-10-17 21:16:47',5,7,0,0,NULL,NULL,'0.00','0.00',NULL,1,'1.00'),(446,21,'ELE00195','CONTACTOR 3 POLE (CHINT NC1-3210)','2021-10-17 21:16:47',5,7,0,0,NULL,NULL,'0.00','0.00',NULL,1,'10.00'),(447,21,'ELE00196','CONTACTOR 3 POLE ABB A45.40','2021-10-17 21:16:47',5,7,0,0,NULL,NULL,'0.00','0.00',NULL,1,'7.00'),(448,21,'ELE00197','CONTACTOR 3 POLE(ABB A30-30-10)','2021-10-17 21:16:47',5,7,0,0,NULL,NULL,'0.00','0.00',NULL,1,'7.00'),(449,21,'ELE00198','CONTACTOR 4 POLE(TELEMECHANIC LC1 D40004)','2021-10-17 21:16:47',5,7,0,0,NULL,NULL,'0.00','0.00',NULL,1,'5.00'),(450,21,'ELE00199','CONTACTOR ABB  A40-30-10','2021-10-17 21:16:47',5,7,0,0,NULL,NULL,'0.00','0.00',NULL,1,'2.00'),(451,21,'ELE00200','CONTACTOR ABB A26.30.10','2021-10-17 21:16:47',5,7,0,0,NULL,NULL,'0.00','0.00',NULL,1,'7.00'),(452,21,'ELE00201','CONTACTOR ABB A26-30.01','2021-10-17 21:16:47',5,7,0,0,NULL,NULL,'0.00','0.00',NULL,1,'8.00'),(453,21,'ELE00202','CONTACTOR ABB A26-30-10','2021-10-17 21:16:47',5,7,0,0,NULL,NULL,'0.00','0.00',NULL,1,'7.00'),(454,21,'ELE00203','CONTACTOR ABB A40_30_10(3pole)','2021-10-17 21:16:47',5,7,0,0,NULL,NULL,'0.00','0.00',NULL,1,'3.00'),(455,21,'ELE00204','CONTACTOR ABB A40-45','2021-10-17 21:16:47',5,7,0,0,NULL,NULL,'0.00','0.00',NULL,1,'4.00'),(456,21,'ELE00205','Contactor ABB A50.30','2021-10-17 21:16:47',5,7,0,0,NULL,NULL,'0.00','0.00',NULL,1,'9.00'),(457,21,'ELE00206','CONTACTOR ABB A63.30.22','2021-10-17 21:16:47',5,7,0,0,NULL,NULL,'0.00','0.00',NULL,1,'4.00'),(458,21,'ELE00207','CONTACTOR ABB A95-30-11','2021-10-17 21:16:47',5,7,0,0,NULL,NULL,'0.00','0.00',NULL,1,'5.00'),(459,21,'ELE00208','CONTACTOR ABB AF26-26-30-00-11','2021-10-17 21:16:47',5,7,0,0,NULL,NULL,'0.00','0.00',NULL,1,'0.00'),(460,21,'ELE00209','CONTACTOR ABB EK150','2021-10-17 21:16:47',5,7,0,0,NULL,NULL,'0.00','0.00',NULL,1,'6.00'),(461,21,'ELE00210','CONTACTOR AF 26.30.00.13','2021-10-17 21:16:47',5,7,0,0,NULL,NULL,'0.00','0.00',NULL,1,'1.00'),(462,21,'ELE00211','CONTACTOR AF26.30.10','2021-10-17 21:16:47',5,7,0,0,NULL,NULL,'0.00','0.00',NULL,1,'7.00'),(463,21,'ELE00212','CONTACTOR CHINT 100A','2021-10-17 21:16:47',5,7,0,0,NULL,NULL,'0.00','0.00',NULL,1,'1.00'),(464,21,'ELE00213','CONTACTOR CHINT 50A','2021-10-17 21:16:47',5,7,0,0,NULL,NULL,'0.00','0.00',NULL,1,'5.00'),(465,21,'ELE00214','CONTACTOR CHINT 80A 4POLE','2021-10-17 21:16:47',5,7,0,0,NULL,NULL,'0.00','0.00',NULL,1,'2.00'),(466,21,'ELE00215','CONTACTOR CHINT D3210','2021-10-17 21:16:47',5,7,0,0,NULL,NULL,'0.00','0.00',NULL,1,'6.00'),(467,21,'ELE00216','CONTACTOR CHINT NC1 4011','2021-10-17 21:16:47',5,7,0,0,NULL,NULL,'0.00','0.00',NULL,1,'5.00'),(468,21,'ELE00217','CONTACTOR CHINT NC1- 5011 80A','2021-10-17 21:16:47',5,7,0,0,NULL,NULL,'0.00','0.00',NULL,1,'6.00'),(469,21,'ELE00218','CONTACTOR CHINT NCI-2510','2021-10-17 21:16:47',5,7,0,0,NULL,NULL,'0.00','0.00',NULL,1,'3.00'),(470,21,'ELE00219','CONTACTOR D2510','2021-10-17 21:16:47',5,7,0,0,NULL,NULL,'0.00','0.00',NULL,1,'10.00'),(471,21,'ELE00220','CONTACTOR D3210','2021-10-17 21:16:47',5,7,0,0,NULL,NULL,'0.00','0.00',NULL,1,'9.00'),(472,21,'ELE00221','Contactor LC1D50','2021-10-17 21:16:47',5,7,0,0,NULL,NULL,'0.00','0.00',NULL,1,'8.00'),(473,21,'ELE00222','CONTACTOR LCI D65004','2021-10-17 21:16:47',5,7,0,0,NULL,NULL,'0.00','0.00',NULL,1,'9.00'),(474,21,'ELE00223','CONTACTOR LOVATO BF18','2021-10-17 21:16:47',5,7,0,0,NULL,NULL,'0.00','0.00',NULL,1,'4.00'),(475,21,'ELE00224','Contactor Siemens 63A 4pole','2021-10-17 21:16:47',5,7,0,0,NULL,NULL,'0.00','0.00',NULL,1,'4.00'),(476,21,'ELE00225','CONTACTOR TELEMECHANIC D3210','2021-10-17 21:16:47',5,7,0,0,NULL,NULL,'0.00','0.00',NULL,1,'7.00'),(477,21,'ELE00226','CONTACTOR(BF50 LOVATO)','2021-10-17 21:16:47',5,7,0,0,NULL,NULL,'0.00','0.00',NULL,1,'2.00'),(478,21,'ELE00227','CONTACTOR(TELEMECHANIC LC1D18)','2021-10-17 21:16:47',5,7,0,0,NULL,NULL,'0.00','0.00',NULL,1,'0.00'),(479,21,'ELE00228','CONTACTS (ABB NC/NO)','2021-10-17 21:16:47',5,7,0,0,NULL,NULL,'0.00','0.00',NULL,1,'6.00'),(480,21,'ELE00229','Control Pillar','2021-10-17 21:16:47',5,7,0,0,NULL,NULL,'0.00','0.00',NULL,1,'7.00'),(481,21,'ELE00230','CONVERTER DC-DC (24/12V)','2021-10-17 21:16:47',5,7,0,0,NULL,NULL,'0.00','0.00',NULL,1,'8.00'),(482,21,'ELE00231','CONVERTER DC-DC (48V/12V)','2021-10-17 21:16:47',5,7,0,0,NULL,NULL,'0.00','0.00',NULL,1,'0.00'),(483,21,'ELE00232','CONVERTER DC-DC (48V/24V)','2021-10-17 21:16:47',5,7,0,0,NULL,NULL,'0.00','0.00',NULL,1,'6.00'),(484,21,'ELE00233','Copper Saddles','2021-10-17 21:16:47',5,7,0,0,NULL,NULL,'0.00','0.00',NULL,1,'9.00'),(485,21,'ELE00234','COPPER TAPE 25MM','2021-10-17 21:16:47',5,7,0,0,NULL,NULL,'0.00','0.00',NULL,1,'6.00'),(486,21,'ELE00235','COPPER TAPE 25MM(INSULATED)','2021-10-17 21:16:47',5,7,0,0,NULL,NULL,'0.00','0.00',NULL,1,'5.00'),(487,21,'ELE00236','Crone Inserter','2021-10-17 21:16:47',5,7,0,0,NULL,NULL,'0.00','0.00',NULL,1,'8.00'),(488,21,'ELE00237','Crone modules','2021-10-17 21:16:47',5,7,0,0,NULL,NULL,'0.00','0.00',NULL,1,'2.00'),(489,21,'ELE00238','CUT OUT DOUBLE','2021-10-17 21:16:47',5,7,0,0,NULL,NULL,'0.00','0.00',NULL,1,'7.00'),(490,21,'ELE00239','CUT OUT FUSE','2021-10-17 21:16:47',5,7,0,0,NULL,NULL,'0.00','0.00',NULL,1,'7.00'),(491,21,'ELE00240','CUT OUT HOLDER DOUBLE','2021-10-17 21:16:47',5,7,0,0,NULL,NULL,'0.00','0.00',NULL,1,'7.00'),(492,21,'ELE00241','CUT OUT HOLDER SINGLE','2021-10-17 21:16:47',5,7,0,0,NULL,NULL,'0.00','0.00',NULL,1,'3.00'),(493,21,'ELE00242','CUT OUT SINGLE','2021-10-17 21:16:47',5,7,0,0,NULL,NULL,'0.00','0.00',NULL,1,'3.00'),(494,21,'ELE00243','D- CLAMP','2021-10-17 21:16:47',5,7,0,0,NULL,NULL,'0.00','0.00',NULL,1,'6.00'),(495,21,'ELE00244','DC POWER CABLE','2021-10-17 21:16:47',5,7,0,0,NULL,NULL,'0.00','0.00',NULL,1,'0.00'),(496,21,'ELE00245','DC VOLTAGE COMPARATOR 12-48V','2021-10-17 21:16:47',5,7,0,0,NULL,NULL,'0.00','0.00',NULL,1,'4.00'),(497,21,'ELE00246','DELAY TIMER(ON 240V)','2021-10-17 21:16:47',5,7,0,0,NULL,NULL,'0.00','0.00',NULL,1,'1.00'),(498,21,'ELE00247','DIGITAL HOUR METER','2021-10-17 21:16:47',5,7,0,0,NULL,NULL,'0.00','0.00',NULL,1,'1.00'),(499,21,'ELE00248','DIN RAIL','2021-10-17 21:16:47',5,7,0,0,NULL,NULL,'0.00','0.00',NULL,1,'1.00'),(500,21,'ELE00249','DIN RAIL(1U)','2021-10-17 21:16:47',5,7,0,0,NULL,NULL,'0.00','0.00',NULL,1,'3.00'),(501,21,'ELE00250','DUO AIRCON CONTROLLER','2021-10-17 21:16:47',5,7,0,0,NULL,NULL,'0.00','0.00',NULL,1,'1.00'),(502,21,'ELE00251','Earth Bar','2021-10-17 21:16:47',5,8,0,0,NULL,NULL,'0.00','0.00',NULL,1,'5.00'),(503,21,'ELE00252','Earth bar complete with mounting accessories','2021-10-17 21:16:47',5,7,0,0,NULL,NULL,'0.00','0.00',NULL,1,'4.00'),(504,21,'ELE00253','Earth Cable 16mm Y/G','2021-10-17 21:16:47',5,7,0,0,NULL,NULL,'0.00','0.00',NULL,1,'3.00'),(505,21,'ELE00254','Earth Cable 50mm Y/G','2021-10-17 21:16:47',5,7,0,0,NULL,NULL,'0.00','0.00',NULL,1,'4.00'),(506,21,'ELE00255','EARTH ROD','2021-10-17 21:16:47',5,7,0,0,NULL,NULL,'0.00','0.00',NULL,1,'3.00'),(507,21,'ELE00256','Earth Rod 5\' + D- Clamp','2021-10-17 21:16:47',5,8,0,0,NULL,NULL,'0.00','0.00',NULL,1,'0.00'),(508,21,'ELE00257','Edge Protector','2021-10-17 21:16:47',5,14,0,0,NULL,NULL,'0.00','0.00',NULL,1,'3.00'),(509,21,'ELE00258','ELECTRICAL TAPES','2021-10-17 21:16:47',5,7,0,0,NULL,NULL,'0.00','0.00',NULL,1,'6.00'),(510,21,'ELE00259','Enclosure IP 54','2021-10-17 21:16:47',5,7,0,0,NULL,NULL,'0.00','0.00',NULL,1,'9.00'),(511,21,'ELE00260','Expansion foam','2021-10-17 21:16:47',5,13,0,0,NULL,NULL,'0.00','0.00',NULL,1,'9.00'),(512,21,'ELE00261','EXTERNAL LVDS','2021-10-17 21:16:47',5,7,0,0,NULL,NULL,'0.00','0.00',NULL,1,'5.00'),(513,21,'ELE00262','FINDER COMPARATOR','2021-10-17 21:16:47',5,7,0,0,NULL,NULL,'0.00','0.00',NULL,1,'2.00'),(514,21,'ELE00263','FLAT CLAMP','2021-10-17 21:16:47',5,7,0,0,NULL,NULL,'0.00','0.00',NULL,1,'1.00'),(515,21,'ELE00264','FLEX CONDUIT 25MM','2021-10-17 21:16:47',5,7,0,0,NULL,NULL,'0.00','0.00',NULL,1,'2.00'),(516,21,'ELE00265','FLEXIBLE CONDUIT 20MM','2021-10-17 21:16:47',5,7,0,0,NULL,NULL,'0.00','0.00',NULL,1,'4.00'),(517,21,'ELE00266','FLEXIBLE CONDUITS','2021-10-17 21:16:47',5,7,0,0,NULL,NULL,'0.00','0.00',NULL,1,'5.00'),(518,21,'ELE00267','FLOOD LIGHT (AUTO)','2021-10-17 21:16:47',5,7,0,0,NULL,NULL,'0.00','0.00',NULL,1,'4.00'),(519,21,'ELE00268','FLOODLIGHT LED 50W','2021-10-17 21:16:47',5,7,0,0,NULL,NULL,'0.00','0.00',NULL,1,'6.00'),(520,21,'ELE00269','Foam 500ml','2021-10-17 21:16:48',5,7,0,0,NULL,NULL,'0.00','0.00',NULL,1,'6.00'),(521,21,'ELE00270','Folk Lift Hire','2021-10-17 21:16:48',5,7,0,0,NULL,NULL,'0.00','0.00',NULL,1,'1.00'),(522,21,'ELE00271','FREQUENCY RELAY','2021-10-17 21:16:48',5,7,0,0,NULL,NULL,'0.00','0.00',NULL,1,'7.00'),(523,21,'ELE00272','FUSE','2021-10-17 21:16:48',5,7,0,0,NULL,NULL,'0.00','0.00',NULL,1,'5.00'),(524,21,'ELE00273','FUSE (10*38 4A)','2021-10-17 21:16:48',5,7,0,0,NULL,NULL,'0.00','0.00',NULL,1,'1.00'),(525,21,'ELE00274','FUSE 2A(10*3)','2021-10-17 21:16:48',5,7,0,0,NULL,NULL,'0.00','0.00',NULL,1,'9.00'),(526,21,'ELE00275','FUSE CARRIER (63A SINGLE PH)','2021-10-17 21:16:48',5,7,0,0,NULL,NULL,'0.00','0.00',NULL,1,'4.00'),(527,21,'ELE00276','Fuse Link','2021-10-17 21:16:48',5,7,0,0,NULL,NULL,'0.00','0.00',NULL,1,'1.00'),(528,21,'ELE00277','FUSES 2A','2021-10-17 21:16:48',5,7,0,0,NULL,NULL,'0.00','0.00',NULL,1,'4.00'),(529,21,'ELE00278','Generator Hire','2021-10-17 21:16:48',5,7,0,0,NULL,NULL,'0.00','0.00',NULL,1,'6.00'),(530,21,'ELE00279','GROUNDING CABLE','2021-10-17 21:16:48',5,7,0,0,NULL,NULL,'0.00','0.00',NULL,1,'1.00'),(531,21,'ELE00280','HEATER PLUG FUSE','2021-10-17 21:16:48',5,7,0,0,NULL,NULL,'0.00','0.00',NULL,1,'4.00'),(532,21,'ELE00281','HOSE CLIPS','2021-10-17 21:16:48',5,7,0,0,NULL,NULL,'0.00','0.00',NULL,1,'9.00'),(533,21,'ELE00282','Insulating tape -Blue/Red/yellow Black','2021-10-17 21:16:48',5,8,0,0,NULL,NULL,'0.00','0.00',NULL,1,'4.00'),(534,21,'ELE00283','Insullation Tape','2021-10-17 21:16:48',5,7,0,0,NULL,NULL,'0.00','0.00',NULL,1,'1.00'),(535,21,'ELE00284','Inverter - 375W','2021-10-17 21:16:48',5,7,0,0,NULL,NULL,'0.00','0.00',NULL,1,'2.00'),(536,21,'ELE00285','IPMU TRICKLE CHARGER','2021-10-17 21:16:48',5,7,0,0,NULL,NULL,'0.00','0.00',NULL,1,'9.00'),(537,21,'ELE00286','Joint Box Enclosure','2021-10-17 21:16:48',5,7,0,0,NULL,NULL,'0.00','0.00',NULL,1,'7.00'),(538,21,'ELE00287','LIGHTING TUBES','2021-10-17 21:16:48',5,7,0,0,NULL,NULL,'0.00','0.00',NULL,1,'8.00'),(539,21,'ELE00288','Link Recovery','2021-10-17 21:16:48',5,7,0,0,NULL,NULL,'0.00','0.00',NULL,1,'1.00'),(540,21,'ELE00289','LOVATO PMV50','2021-10-17 21:16:48',5,7,0,0,NULL,NULL,'0.00','0.00',NULL,1,'1.00'),(541,21,'ELE00290','M10 Rawl bolts','2021-10-17 21:16:48',5,8,0,0,NULL,NULL,'0.00','0.00',NULL,1,'2.00'),(542,21,'ELE00291','MAGNET METALIC','2021-10-17 21:16:48',5,7,0,0,NULL,NULL,'0.00','0.00',NULL,1,'6.00'),(543,21,'ELE00292','MAINGATE MAGNET (ANGLED)','2021-10-17 21:16:48',5,7,0,0,NULL,NULL,'0.00','0.00',NULL,1,'5.00'),(544,21,'ELE00293','Map and Search','2021-10-17 21:16:48',5,7,0,0,NULL,NULL,'0.00','0.00',NULL,1,'7.00'),(545,21,'ELE00294','MCB (SP 63A)','2021-10-17 21:16:48',5,7,0,0,NULL,NULL,'0.00','0.00',NULL,1,'9.00'),(546,21,'ELE00295','MCB (TP 125A)','2021-10-17 21:16:48',5,7,0,0,NULL,NULL,'0.00','0.00',NULL,1,'7.00'),(547,21,'ELE00296','MCB 100A','2021-10-17 21:16:48',5,7,0,0,NULL,NULL,'0.00','0.00',NULL,1,'5.00'),(548,21,'ELE00297','MCB ABB 63A SINGLE PHASE','2021-10-17 21:16:48',5,7,0,0,NULL,NULL,'0.00','0.00',NULL,1,'3.00'),(549,21,'ELE00298','MCB SP (125 A)','2021-10-17 21:16:48',5,7,0,0,NULL,NULL,'0.00','0.00',NULL,1,'2.00'),(550,21,'ELE00299','MCB(4P0LE 63A)','2021-10-17 21:16:48',5,7,0,0,NULL,NULL,'0.00','0.00',NULL,1,'2.00'),(551,21,'ELE00300','MCB(63A TP)','2021-10-17 21:16:48',5,7,0,0,NULL,NULL,'0.00','0.00',NULL,1,'4.00'),(552,21,'ELE00301','MECHANICAL INTERLOCK (ABB)','2021-10-17 21:16:48',5,7,0,0,NULL,NULL,'0.00','0.00',NULL,1,'4.00'),(553,21,'ELE00302','MECHANICAL INTERLOCK (LOVATO)','2021-10-17 21:16:48',5,7,0,0,NULL,NULL,'0.00','0.00',NULL,1,'9.00'),(554,21,'ELE00303','MECHANICAL INTERLOCK (TELEMECHANIC) 4POLE NC','2021-10-17 21:16:48',5,7,0,0,NULL,NULL,'0.00','0.00',NULL,1,'0.00'),(555,21,'ELE00304','Metallic Splitter Box','2021-10-17 21:16:48',5,7,0,0,NULL,NULL,'0.00','0.00',NULL,1,'6.00'),(556,21,'ELE00305','Meter box 24 by 24 with 63A 3 pole main breaker an','2021-10-17 21:16:48',5,7,0,0,NULL,NULL,'0.00','0.00',NULL,1,'8.00'),(557,21,'ELE00306','Neutral Bar','2021-10-17 21:16:48',5,8,0,0,NULL,NULL,'0.00','0.00',NULL,1,'4.00'),(558,21,'ELE00307','NEUTRAL BLOCK CONNECTOR','2021-10-17 21:16:48',5,7,0,0,NULL,NULL,'0.00','0.00',NULL,1,'6.00'),(559,21,'ELE00308','Number and Lettered Cable Makers','2021-10-17 21:16:48',5,7,0,0,NULL,NULL,'0.00','0.00',NULL,1,'9.00'),(560,21,'ELE00309','OPL RELAY (ASCOM)','2021-10-17 21:16:48',5,7,0,0,NULL,NULL,'0.00','0.00',NULL,1,'7.00'),(561,21,'ELE00310','OPL3(Rectifier monitoring relay)','2021-10-17 21:16:48',5,7,0,0,NULL,NULL,'0.00','0.00',NULL,1,'7.00'),(562,21,'ELE00311','PHASE FAILURE RELAY (3 PHASE)','2021-10-17 21:16:48',5,7,0,0,NULL,NULL,'0.00','0.00',NULL,1,'6.00'),(563,21,'ELE00312','PHASE FAILURE(SINGLE PHASE)','2021-10-17 21:16:48',5,7,0,0,NULL,NULL,'0.00','0.00',NULL,1,'9.00'),(564,21,'ELE00313','PHOENIX CONTACT RELAY 12V DC','2021-10-17 21:16:48',5,7,0,0,NULL,NULL,'0.00','0.00',NULL,1,'4.00'),(565,21,'ELE00314','PHOTO CELL','2021-10-17 21:16:48',5,7,0,0,NULL,NULL,'0.00','0.00',NULL,1,'4.00'),(566,21,'ELE00315','PHOTO CELL(48VDC)','2021-10-17 21:16:48',5,7,0,0,NULL,NULL,'0.00','0.00',NULL,1,'9.00'),(567,21,'ELE00316','PIR Flood  light with Sensor','2021-10-17 21:16:48',5,8,0,0,NULL,NULL,'0.00','0.00',NULL,1,'4.00'),(568,21,'ELE00317','Plate 200 by 200mm','2021-10-17 21:16:48',5,7,0,0,NULL,NULL,'0.00','0.00',NULL,1,'4.00'),(569,21,'ELE00318','PLC (LOGO!) EXTENSION','2021-10-17 21:16:48',5,7,0,0,NULL,NULL,'0.00','0.00',NULL,1,'6.00'),(570,21,'ELE00319','PLC (LOGO)','2021-10-17 21:16:48',5,7,0,0,NULL,NULL,'0.00','0.00',NULL,1,'9.00'),(571,21,'ELE00320','PLC BATTERY','2021-10-17 21:16:48',5,7,0,0,NULL,NULL,'0.00','0.00',NULL,1,'9.00'),(572,21,'ELE00321','PLC BATTERY CHARGER 12VDC (SMARTGEN)','2021-10-17 21:16:48',5,7,0,0,NULL,NULL,'0.00','0.00',NULL,1,'5.00'),(573,21,'ELE00322','PLC Power Supply With UPS Function','2021-10-17 21:16:48',5,7,0,0,NULL,NULL,'0.00','0.00',NULL,1,'7.00'),(574,21,'ELE00323','PLC PROGRAMMED LOGO','2021-10-17 21:16:48',5,7,0,0,NULL,NULL,'0.00','0.00',NULL,1,'1.00'),(575,21,'ELE00324','PLC PROGRAMMING','2021-10-17 21:16:48',5,7,0,0,NULL,NULL,'0.00','0.00',NULL,1,'4.00'),(576,21,'ELE00325','PLC TRICKLE CHARGER 12V LOVATO','2021-10-17 21:16:48',5,7,0,0,NULL,NULL,'0.00','0.00',NULL,1,'7.00'),(577,21,'ELE00326','PLC TRICKLE CHARGER 24V','2021-10-17 21:16:48',5,7,0,0,NULL,NULL,'0.00','0.00',NULL,1,'1.00'),(578,21,'ELE00327','Positioning Belt','2021-10-17 21:16:48',5,7,0,0,NULL,NULL,'0.00','0.00',NULL,1,'7.00'),(579,21,'ELE00328','POWER CABLE (DC 50MM2) FLEX','2021-10-17 21:16:48',5,7,0,0,NULL,NULL,'0.00','0.00',NULL,1,'9.00'),(580,21,'ELE00329','POWER CABLE (RED, YELLOW, BLUE, BLACK)','2021-10-17 21:16:48',5,7,0,0,NULL,NULL,'0.00','0.00',NULL,1,'5.00'),(581,21,'ELE00330','POWER CABLE 1.5mm 3 CORE','2021-10-17 21:16:48',5,7,0,0,NULL,NULL,'0.00','0.00',NULL,1,'9.00'),(582,21,'ELE00331','POWER CABLE 1.5mm 4 CORE','2021-10-17 21:16:48',5,7,0,0,NULL,NULL,'0.00','0.00',NULL,1,'9.00'),(583,21,'ELE00332','POWER CABLE 1.5MM 4 CORE ARMOURED','2021-10-17 21:16:48',5,7,0,0,NULL,NULL,'0.00','0.00',NULL,1,'0.00'),(584,21,'ELE00333','POWER CABLE 1.5MM 4CORE FLEX','2021-10-17 21:16:48',5,7,0,0,NULL,NULL,'0.00','0.00',NULL,1,'4.00'),(585,21,'ELE00334','POWER CABLE 1.5MM SINGLE CORE FLEX (BLUE)','2021-10-17 21:16:48',5,7,0,0,NULL,NULL,'0.00','0.00',NULL,1,'8.00'),(586,21,'ELE00335','POWER CABLE 1.5MM SINGLE CORE FLEX (RED)','2021-10-17 21:16:48',5,7,0,0,NULL,NULL,'0.00','0.00',NULL,1,'6.00'),(587,21,'ELE00336','POWER CABLE 1.5MM SINGLE CORE FLEX (YELLOW)','2021-10-17 21:16:48',5,7,0,0,NULL,NULL,'0.00','0.00',NULL,1,'9.00'),(588,21,'ELE00337','POWER CABLE 10MM 2 CORE','2021-10-17 21:16:48',5,7,0,0,NULL,NULL,'0.00','0.00',NULL,1,'6.00'),(589,21,'ELE00338','POWER CABLE 10MM 2 CORE ARMORED','2021-10-17 21:16:48',5,7,0,0,NULL,NULL,'0.00','0.00',NULL,1,'1.00'),(590,21,'ELE00339','POWER CABLE 10MM 2 CORE FLEX','2021-10-17 21:16:48',5,7,0,0,NULL,NULL,'0.00','0.00',NULL,1,'8.00'),(591,21,'ELE00340','POWER CABLE 10MM 4 CORE ARMOURED','2021-10-17 21:16:48',5,7,0,0,NULL,NULL,'0.00','0.00',NULL,1,'9.00'),(592,21,'ELE00341','POWER CABLE 10MM 4 CORE FLEX','2021-10-17 21:16:48',5,7,0,0,NULL,NULL,'0.00','0.00',NULL,1,'9.00'),(593,21,'ELE00342','POWER CABLE 10MM SINGLE POLE FEX','2021-10-17 21:16:48',5,7,0,0,NULL,NULL,'0.00','0.00',NULL,1,'9.00'),(594,21,'ELE00343','POWER CABLE 16MM 4CORE ARMOURED.','2021-10-17 21:16:48',5,7,0,0,NULL,NULL,'0.00','0.00',NULL,1,'7.00'),(595,21,'ELE00344','POWER CABLE 16MM2 ( ARMOURED 3 CORE)','2021-10-17 21:16:48',5,7,0,0,NULL,NULL,'0.00','0.00',NULL,1,'7.00'),(596,21,'ELE00345','POWER CABLE 2.5MM 2CORE FLEX','2021-10-17 21:16:48',5,7,0,0,NULL,NULL,'0.00','0.00',NULL,1,'5.00'),(597,21,'ELE00346','POWER CABLE 2.5mm 3 CORE','2021-10-17 21:16:48',5,7,0,0,NULL,NULL,'0.00','0.00',NULL,1,'5.00'),(598,21,'ELE00347','POWER CABLE 2.5MM 4CORE FLEX','2021-10-17 21:16:48',5,7,0,0,NULL,NULL,'0.00','0.00',NULL,1,'7.00'),(599,21,'ELE00348','POWER CABLE 2.5MM SINGLE POLE FLEX (ROLL)','2021-10-17 21:16:48',5,7,0,0,NULL,NULL,'0.00','0.00',NULL,1,'3.00'),(600,21,'ELE00349','POWER CABLE 25MM DC CABLE BLUE/RED','2021-10-17 21:16:48',5,7,0,0,NULL,NULL,'0.00','0.00',NULL,1,'5.00'),(601,21,'ELE00350','POWER CABLE 25MM DC CABLE YELLOW/GREEN','2021-10-17 21:16:48',5,7,0,0,NULL,NULL,'0.00','0.00',NULL,1,'5.00'),(602,21,'ELE00351','POWER CABLE 25MM2 DC CABLE BLACK','2021-10-17 21:16:48',5,7,0,0,NULL,NULL,'0.00','0.00',NULL,1,'9.00'),(603,21,'ELE00352','Power Cable 3core 1.5mm','2021-10-17 21:16:48',5,7,0,0,NULL,NULL,'0.00','0.00',NULL,1,'9.00'),(604,21,'ELE00353','POWER CABLE 4.0MM 3CORE FLEX','2021-10-17 21:16:48',5,7,0,0,NULL,NULL,'0.00','0.00',NULL,1,'8.00'),(605,21,'ELE00354','POWER CABLE 4MM 2 CORE','2021-10-17 21:16:48',5,7,0,0,NULL,NULL,'0.00','0.00',NULL,1,'6.00'),(606,21,'ELE00355','POWER CABLE 4MM 4CORE FLEX CABLE','2021-10-17 21:16:48',5,7,0,0,NULL,NULL,'0.00','0.00',NULL,1,'2.00'),(607,21,'ELE00356','POWER CABLE 50MM DC CABLE','2021-10-17 21:16:48',5,7,0,0,NULL,NULL,'0.00','0.00',NULL,1,'6.00'),(608,21,'ELE00357','POWER CABLE 6MM 3 CORE FLEX','2021-10-17 21:16:48',5,7,0,0,NULL,NULL,'0.00','0.00',NULL,1,'2.00'),(609,21,'ELE00358','POWER CABLE 6MM 4CORE FLEXIBLE','2021-10-17 21:16:48',5,7,0,0,NULL,NULL,'0.00','0.00',NULL,1,'1.00'),(610,21,'ELE00359','Power Cable DC( Black) 35mm','2021-10-17 21:16:48',5,7,0,0,NULL,NULL,'0.00','0.00',NULL,1,'10.00'),(611,21,'ELE00360','POWER CABLE SINGLE CORE1.5MM','2021-10-17 21:16:48',5,7,0,0,NULL,NULL,'0.00','0.00',NULL,1,'5.00'),(612,21,'ELE00361','POWER CABLE YELLOW /GREEN 16MM','2021-10-17 21:16:48',5,7,0,0,NULL,NULL,'0.00','0.00',NULL,1,'5.00'),(613,21,'ELE00362','POWER CABLE YELLOW/GREEN 10MM','2021-10-17 21:16:48',5,7,0,0,NULL,NULL,'0.00','0.00',NULL,1,'3.00'),(614,21,'ELE00363','Power cable(Red) DC35mm','2021-10-17 21:16:48',5,7,0,0,NULL,NULL,'0.00','0.00',NULL,1,'8.00'),(615,21,'ELE00364','POWER DC CABLE (FLEXIBLE 70MM2 SINGLE)','2021-10-17 21:16:48',5,7,0,0,NULL,NULL,'0.00','0.00',NULL,1,'9.00'),(616,21,'ELE00365','POWER DC CABLE BLACK 35MM','2021-10-17 21:16:48',5,7,0,0,NULL,NULL,'0.00','0.00',NULL,1,'4.00'),(617,21,'ELE00366','POWER DC CABLE RED 35MM','2021-10-17 21:16:48',5,7,0,0,NULL,NULL,'0.00','0.00',NULL,1,'3.00'),(618,21,'ELE00367','POWER SURGE PROTECTIVE DEVICE 3 PHASE','2021-10-17 21:16:48',5,7,0,0,NULL,NULL,'0.00','0.00',NULL,1,'0.00'),(619,21,'ELE00368','POWER SURGE PROTECTIVE DEVICE SINGLE PHASE','2021-10-17 21:16:48',5,7,0,0,NULL,NULL,'0.00','0.00',NULL,1,'4.00'),(620,21,'ELE00369','PU FOAM FILLER 500ML','2021-10-17 21:16:48',5,7,0,0,NULL,NULL,'0.00','0.00',NULL,1,'8.00'),(621,21,'ELE00370','PUSH BUTTON','2021-10-17 21:16:48',5,7,0,0,NULL,NULL,'0.00','0.00',NULL,1,'7.00'),(622,21,'ELE00371','PVC Conduits 20mm','2021-10-17 21:16:48',5,7,0,0,NULL,NULL,'0.00','0.00',NULL,1,'3.00'),(623,21,'ELE00372','PVC PG Glands M16','2021-10-17 21:16:48',5,7,0,0,NULL,NULL,'0.00','0.00',NULL,1,'5.00'),(624,21,'ELE00373','PVC PG Glands M32','2021-10-17 21:16:48',5,7,0,0,NULL,NULL,'0.00','0.00',NULL,1,'3.00'),(625,21,'ELE00374','RAW BOLT M8','2021-10-17 21:16:48',5,7,0,0,NULL,NULL,'0.00','0.00',NULL,1,'2.00'),(626,21,'ELE00375','Raw Bolts M12','2021-10-17 21:16:48',5,7,0,0,NULL,NULL,'0.00','0.00',NULL,1,'2.00'),(627,21,'ELE00376','Raw Bolts M6','2021-10-17 21:16:48',5,7,0,0,NULL,NULL,'0.00','0.00',NULL,1,'2.00'),(628,21,'ELE00377','Raw bolts M8','2021-10-17 21:16:48',5,7,0,0,NULL,NULL,'0.00','0.00',NULL,1,'5.00'),(629,21,'ELE00378','RELAY (ELKO)240 AC','2021-10-17 21:16:48',5,7,0,0,NULL,NULL,'0.00','0.00',NULL,1,'1.00'),(630,21,'ELE00379','RELAY 12V DC','2021-10-17 21:16:48',5,7,0,0,NULL,NULL,'0.00','0.00',NULL,1,'8.00'),(631,21,'ELE00380','RELAY 240V Ac','2021-10-17 21:16:48',5,7,0,0,NULL,NULL,'0.00','0.00',NULL,1,'6.00'),(632,21,'ELE00381','RELAY 24V DC','2021-10-17 21:16:48',5,7,0,0,NULL,NULL,'0.00','0.00',NULL,1,'8.00'),(633,21,'ELE00382','RELAY 8A 250VAC','2021-10-17 21:16:48',5,7,0,0,NULL,NULL,'0.00','0.00',NULL,1,'3.00'),(634,21,'ELE00383','RELAYS 7 PIN PCB TYPE 24V DC','2021-10-17 21:16:48',5,7,0,0,NULL,NULL,'0.00','0.00',NULL,1,'8.00'),(635,21,'ELE00384','REWIND MAIN ROTOR','2021-10-17 21:16:48',5,7,0,0,NULL,NULL,'0.00','0.00',NULL,1,'3.00'),(636,21,'ELE00385','REWINDING STARTER MOTOR','2021-10-17 21:16:48',5,7,0,0,NULL,NULL,'0.00','0.00',NULL,1,'1.00'),(637,21,'ELE00386','Rubber Cotton Gloves','2021-10-17 21:16:48',5,7,0,0,NULL,NULL,'0.00','0.00',NULL,1,'4.00'),(638,21,'ELE00387','RUBBER PIPES 1/4\"','2021-10-17 21:16:48',5,7,0,0,NULL,NULL,'0.00','0.00',NULL,1,'10.00'),(639,21,'ELE00388','RUBBER PIPES 1/8\'\'','2021-10-17 21:16:48',5,7,0,0,NULL,NULL,'0.00','0.00',NULL,1,'5.00'),(640,21,'ELE00389','Saddle Clips 20mm','2021-10-17 21:16:48',5,7,0,0,NULL,NULL,'0.00','0.00',NULL,1,'7.00'),(641,21,'ELE00390','SEALED MAINTAINANCE FREE BATTERY (N40)','2021-10-17 21:16:48',5,7,0,0,NULL,NULL,'0.00','0.00',NULL,1,'1.00'),(642,21,'ELE00391','Self Tapping screws 1 inch','2021-10-17 21:16:48',5,7,0,0,NULL,NULL,'0.00','0.00',NULL,1,'2.00'),(643,21,'ELE00392','Self Tapping Screws 2 inch','2021-10-17 21:16:48',5,7,0,0,NULL,NULL,'0.00','0.00',NULL,1,'8.00'),(644,21,'ELE00393','SELF TAPPINGS SCREWS 1.5','2021-10-17 21:16:48',5,7,0,0,NULL,NULL,'0.00','0.00',NULL,1,'4.00'),(645,21,'ELE00394','SHELTER DOOR SENSOR','2021-10-17 21:16:48',5,7,0,0,NULL,NULL,'0.00','0.00',NULL,1,'5.00'),(646,21,'ELE00395','SIEMENS AUXILLIARY CONTACTOR','2021-10-17 21:16:48',5,7,0,0,NULL,NULL,'0.00','0.00',NULL,1,'2.00'),(647,21,'ELE00396','SIEMENS COMPARATOR WITH DISPLAY (3UG4633-1AL30)','2021-10-17 21:16:48',5,7,0,0,NULL,NULL,'0.00','0.00',NULL,1,'4.00'),(648,21,'ELE00397','siemens contactor 3RT1015-1AP01','2021-10-17 21:16:48',5,7,0,0,NULL,NULL,'0.00','0.00',NULL,1,'7.00'),(649,21,'ELE00398','SIEMENS CONTACTOR 3RT1034/3RT1035','2021-10-17 21:16:48',5,7,0,0,NULL,NULL,'0.00','0.00',NULL,1,'1.00'),(650,21,'ELE00399','SIEMENS CONTACTOR 3RT1336-1A','2021-10-17 21:16:48',5,7,0,0,NULL,NULL,'0.00','0.00',NULL,1,'7.00'),(651,21,'ELE00400','SIEMENS DC CONTACTOR 3RT-5034-1B','2021-10-17 21:16:48',5,7,0,0,NULL,NULL,'0.00','0.00',NULL,1,'9.00'),(652,21,'ELE00401','SIEMENS MECHANICAL INTERLOCK','2021-10-17 21:16:48',5,7,0,0,NULL,NULL,'0.00','0.00',NULL,1,'5.00'),(653,21,'ELE00402','SINGLE CORE 50MM','2021-10-17 21:16:48',5,7,0,0,NULL,NULL,'0.00','0.00',NULL,1,'7.00'),(654,21,'ELE00403','SINGLE SOCKET','2021-10-17 21:16:48',5,7,0,0,NULL,NULL,'0.00','0.00',NULL,1,'9.00'),(655,21,'ELE00404','SMOKE DETECTOR','2021-10-17 21:16:48',5,7,0,0,NULL,NULL,'0.00','0.00',NULL,1,'6.00'),(656,21,'ELE00405','SMOKE SENSOR','2021-10-17 21:16:48',5,7,0,0,NULL,NULL,'0.00','0.00',NULL,1,'2.00'),(657,21,'ELE00406','Solar\\Wind\\Gen\\mains controller','2021-10-17 21:16:48',5,7,0,0,NULL,NULL,'0.00','0.00',NULL,1,'2.00'),(658,21,'ELE00407','SOLDERING GUN','2021-10-17 21:16:48',5,7,0,0,NULL,NULL,'0.00','0.00',NULL,1,'4.00'),(659,21,'ELE00408','SOLDIER WIRE','2021-10-17 21:16:48',5,7,0,0,NULL,NULL,'0.00','0.00',NULL,1,'3.00'),(660,21,'ELE00409','Square clamp ( for 25mm wide copper tape)','2021-10-17 21:16:48',5,8,0,0,NULL,NULL,'0.00','0.00',NULL,1,'6.00'),(661,21,'ELE00410','Standard Bus Bars','2021-10-17 21:16:48',5,8,0,0,NULL,NULL,'0.00','0.00',NULL,1,'9.00'),(662,21,'ELE00411','Steel Nails ','2021-10-17 21:16:48',5,9,0,0,NULL,NULL,'0.00','0.00',NULL,1,'7.00'),(663,21,'ELE00412','Sundry Electrical Materials','2021-10-17 21:16:48',5,7,0,0,NULL,NULL,'0.00','0.00',NULL,1,'9.00'),(664,21,'ELE00413','SURGE ARRESTER (SINGLE PHASE)','2021-10-17 21:16:48',5,7,0,0,NULL,NULL,'0.00','0.00',NULL,1,'2.00'),(665,21,'ELE00414','SURGE ARRESTER(3PHASE)','2021-10-17 21:16:48',5,7,0,0,NULL,NULL,'0.00','0.00',NULL,1,'3.00'),(666,21,'ELE00415','SWITCH  ISOLATOR 63A','2021-10-17 21:16:48',5,7,0,0,NULL,NULL,'0.00','0.00',NULL,1,'10.00'),(667,21,'ELE00416','TERMINAL BLOCK 16MM','2021-10-17 21:16:48',5,7,0,0,NULL,NULL,'0.00','0.00',NULL,1,'0.00'),(668,21,'ELE00417','TERMINAL BLOCKS 10MM','2021-10-17 21:16:48',5,7,0,0,NULL,NULL,'0.00','0.00',NULL,1,'2.00'),(669,21,'ELE00418','TERMINAL BLOCKS 16MM','2021-10-17 21:16:48',5,7,0,0,NULL,NULL,'0.00','0.00',NULL,1,'8.00'),(670,21,'ELE00419','TERMINAL CONNECTOR 35MM','2021-10-17 21:16:48',5,7,0,0,NULL,NULL,'0.00','0.00',NULL,1,'5.00'),(671,21,'ELE00420','Terminals','2021-10-17 21:16:48',5,7,0,0,NULL,NULL,'0.00','0.00',NULL,1,'1.00'),(672,21,'ELE00421','Tie Raps','2021-10-17 21:16:48',5,7,0,0,NULL,NULL,'0.00','0.00',NULL,1,'8.00'),(673,21,'ELE00422','TIMER (12-240V DELAY)','2021-10-17 21:16:48',5,7,0,0,NULL,NULL,'0.00','0.00',NULL,1,'10.00'),(674,21,'ELE00423','TIMER(DC 24/12 DC)','2021-10-17 21:16:48',5,7,0,0,NULL,NULL,'0.00','0.00',NULL,1,'3.00'),(675,21,'ELE00424','TIMING PLATE GASKET','2021-10-17 21:16:48',5,7,0,0,NULL,NULL,'0.00','0.00',NULL,1,'5.00'),(676,21,'ELE00425','TRICKLE CHARGER (LOVATO 12VDC) {Gen}','2021-10-17 21:16:48',5,7,0,0,NULL,NULL,'0.00','0.00',NULL,1,'8.00'),(677,21,'ELE00426','Truncking 3 by 2','2021-10-17 21:16:48',5,7,0,0,NULL,NULL,'0.00','0.00',NULL,1,'5.00'),(678,21,'ELE00427','Twin Flourscent fitting -4ft with Double Tube','2021-10-17 21:16:48',5,8,0,0,NULL,NULL,'0.00','0.00',NULL,1,'9.00'),(679,21,'ELE00428','VOLTAGE COMPARATOR SINGLE PHASE','2021-10-17 21:16:48',5,7,0,0,NULL,NULL,'0.00','0.00',NULL,1,'2.00'),(680,21,'ELE00429','VOLTAGE COMPARATOR(phase failure)','2021-10-17 21:16:48',5,7,0,0,NULL,NULL,'0.00','0.00',NULL,1,'1.00'),(681,21,'ELE00430','VOLTAGE RELAY','2021-10-17 21:16:48',5,7,0,0,NULL,NULL,'0.00','0.00',NULL,1,'1.00'),(682,21,'ELE00431','VRB INVERTER CONTROL CARD','2021-10-17 21:16:48',5,7,0,0,NULL,NULL,'0.00','0.00',NULL,1,'1.00'),(683,21,'ELE00432','WATER DETECTOR','2021-10-17 21:16:48',5,7,0,0,NULL,NULL,'0.00','0.00',NULL,1,'4.00'),(684,21,'ELE00433','Water Tight Socket','2021-10-17 21:16:48',5,8,0,0,NULL,NULL,'0.00','0.00',NULL,1,'7.00'),(685,21,'ELE00434','Water Tight Switch','2021-10-17 21:16:48',5,8,0,0,NULL,NULL,'0.00','0.00',NULL,1,'1.00'),(686,21,'ELE00435','WEATHER PROOF LAMP','2021-10-17 21:16:48',5,7,0,0,NULL,NULL,'0.00','0.00',NULL,1,'5.00'),(687,21,'ELE00436','Yellow green10mm','2021-10-17 21:16:48',5,7,0,0,NULL,NULL,'0.00','0.00',NULL,1,'2.00'),(688,21,'ELE00437','YUASA BATTERY 12V 7AH','2021-10-17 21:16:48',5,7,0,0,NULL,NULL,'0.00','0.00',NULL,1,'5.00'),(689,25,'FTT00001','1*2  SC/APC Splitters','2021-10-17 21:16:48',5,7,0,0,NULL,NULL,'0.00','0.00',NULL,1,'9.00'),(690,25,'FTT00002','1*64  SC/APC Splitters','2021-10-17 21:16:48',5,7,0,0,NULL,NULL,'0.00','0.00',NULL,1,'8.00'),(691,25,'FTT00003','1*64 SC/UPC Splitters','2021-10-17 21:16:48',5,7,0,0,NULL,NULL,'0.00','0.00',NULL,1,'6.00'),(692,25,'FTT00004','1x32 splitters','2021-10-17 21:16:48',5,7,0,0,NULL,NULL,'0.00','0.00',NULL,1,'3.00'),(693,25,'FTT00005','1x62 splitters','2021-10-17 21:16:48',5,7,0,0,NULL,NULL,'0.00','0.00',NULL,1,'8.00'),(694,25,'FTT00006','ATBS','2021-10-17 21:16:48',5,7,0,0,NULL,NULL,'0.00','0.00',NULL,1,'3.00'),(695,25,'FTT00007','Drop Cable Indoor (1000mtr)','2021-10-17 21:16:48',5,14,0,0,NULL,NULL,'0.00','0.00',NULL,1,'9.00'),(696,25,'FTT00008','Drop Cable Indoor (2000mtrs)','2021-10-17 21:16:48',5,14,0,0,NULL,NULL,'0.00','0.00',NULL,1,'6.00'),(697,25,'FTT00009','Drop Cable Outdoor (1000mtrs)','2021-10-17 21:16:48',5,14,0,0,NULL,NULL,'0.00','0.00',NULL,1,'3.00'),(698,25,'FTT00010','Drop Cable Outdoor (2000mtrs)','2021-10-17 21:16:48',5,14,0,0,NULL,NULL,'0.00','0.00',NULL,1,'7.00'),(699,25,'FTT00011','Duct 4 way x 14/10mm green','2021-10-17 21:16:48',5,7,0,0,NULL,NULL,'0.00','0.00',NULL,1,'6.00'),(700,25,'FTT00012','FAT 12 C indoor','2021-10-17 21:16:48',5,7,0,0,NULL,NULL,'0.00','0.00',NULL,1,'8.00'),(701,25,'FTT00013','FAT 12 Port Wall Mounted Indoor plastic','2021-10-17 21:16:48',5,7,0,0,NULL,NULL,'0.00','0.00',NULL,1,'1.00'),(702,25,'FTT00014','FAT 24 Port Wall Mounted Outdoor plastic','2021-10-17 21:16:48',5,7,0,0,NULL,NULL,'0.00','0.00',NULL,1,'3.00'),(703,25,'FTT00015','FAT 24Core Indoor','2021-10-17 21:16:48',5,7,0,0,NULL,NULL,'0.00','0.00',NULL,1,'1.00'),(704,25,'FTT00016','FAT 48core indoor ','2021-10-17 21:16:48',5,7,0,0,NULL,NULL,'0.00','0.00',NULL,1,'7.00'),(705,25,'FTT00017','Fiber Distribution Cabinet 288c','2021-10-17 21:16:48',5,7,0,0,NULL,NULL,'0.00','0.00',NULL,1,'3.00'),(706,25,'FTT00018','Fiber Distribution Cabinet 576c','2021-10-17 21:16:48',5,7,0,0,NULL,NULL,'0.00','0.00',NULL,1,'5.00'),(707,25,'FTT00019','Fiber Termination Box 24c ADSS','2021-10-17 21:16:48',5,7,0,0,NULL,NULL,'0.00','0.00',NULL,1,'5.00'),(708,25,'FTT00020','Fiber Termination Box 48c ADSS','2021-10-17 21:16:48',5,7,0,0,NULL,NULL,'0.00','0.00',NULL,1,'9.00'),(709,25,'FTT00021','Fiber Termination Box 96c ADSS','2021-10-17 21:16:48',5,7,0,0,NULL,NULL,'0.00','0.00',NULL,1,'9.00'),(710,25,'FTT00022','Fiber Termination Box144 ADSs','2021-10-17 21:16:48',5,7,0,0,NULL,NULL,'0.00','0.00',NULL,1,'10.00'),(711,25,'FTT00023','Fibre optic cable 96 core ADSS','2021-10-17 21:16:48',5,14,0,0,NULL,NULL,'0.00','0.00',NULL,1,'2.00'),(712,25,'FTT00024','HDPE 32/26mm Duct','2021-10-17 21:16:48',5,7,0,0,NULL,NULL,'0.00','0.00',NULL,1,'9.00'),(713,25,'FTT00025','Normal outdoor fibre cable 24 core','2021-10-17 21:16:48',5,14,0,0,NULL,NULL,'0.00','0.00',NULL,1,'9.00'),(714,25,'FTT00026','Normal outdoor fibre optic cable 48 core ','2021-10-17 21:16:48',5,14,0,0,NULL,NULL,'0.00','0.00',NULL,1,'0.00'),(715,25,'FTT00027','Outdoor fibre optic cable 48 core micro','2021-10-17 21:16:48',5,14,0,0,NULL,NULL,'0.00','0.00',NULL,1,'3.00'),(716,25,'FTT00028','Patchcord   Lc-Upc sc-APC','2021-10-17 21:16:48',5,7,0,0,NULL,NULL,'0.00','0.00',NULL,1,'4.00'),(717,25,'FTT00029','Patchcord LC/UPC-SC/APC 1m','2021-10-17 21:16:48',5,7,0,0,NULL,NULL,'0.00','0.00',NULL,1,'2.00'),(718,26,'GAS00001','REFRIGERANT (R 407) - 13 KG','2021-10-17 21:16:48',5,7,0,0,NULL,NULL,'0.00','0.00',NULL,1,'7.00'),(719,26,'GAS00002','REFRIGERANT (R 407) - 6 KG','2021-10-17 21:16:48',5,7,0,0,NULL,NULL,'0.00','0.00',NULL,1,'9.00'),(720,26,'GAS00003','REFRIGERANT (R22) - 13 KG','2021-10-17 21:16:48',5,7,0,0,NULL,NULL,'0.00','0.00',NULL,1,'5.00'),(721,26,'GAS00004','REFRIGERANT (R22) - 6 KG','2021-10-17 21:16:48',5,7,0,0,NULL,NULL,'0.00','0.00',NULL,1,'9.00'),(722,26,'GAS00005','REFRIGERANT (R 410) - 13 KG','2021-10-17 21:16:48',5,15,0,0,NULL,NULL,'0.00','0.00',NULL,1,'8.00'),(723,27,'GEN00001','FAN BLADElLISTER l (Red)751-41190','2021-10-17 21:16:48',5,7,0,0,NULL,NULL,'0.00','0.00',NULL,1,'6.00'),(724,27,'GEN00002','AIR FILTER (LP 602-41760)','2021-10-17 21:16:48',5,7,0,0,NULL,NULL,'0.00','0.00',NULL,1,'3.00'),(725,27,'GEN00003','AIR FILTER (P624-50610','2021-10-17 21:16:48',5,7,0,0,NULL,NULL,'0.00','0.00',NULL,1,'10.00'),(726,27,'GEN00004','AIR FILTER (PERKINS 901-046)','2021-10-17 21:16:48',5,7,0,0,NULL,NULL,'0.00','0.00',NULL,1,'9.00'),(727,27,'GEN00005','AIR FILTER (PERKINS 901-047)','2021-10-17 21:16:48',5,7,0,0,NULL,NULL,'0.00','0.00',NULL,1,'7.00'),(728,27,'GEN00006','AIR FILTER (PERKINS 915-851)','2021-10-17 21:16:48',5,7,0,0,NULL,NULL,'0.00','0.00',NULL,1,'7.00'),(729,27,'GEN00007','AIR FILTER (PERKINS 934-694)','2021-10-17 21:16:48',5,7,0,0,NULL,NULL,'0.00','0.00',NULL,1,'5.00'),(730,27,'GEN00008','AIR FILTER ASCOT(C14200)','2021-10-17 21:16:48',5,7,0,0,NULL,NULL,'0.00','0.00',NULL,1,'4.00'),(731,27,'GEN00009','AIR FILTER ELEMENT CUMMINS (0140-4088)','2021-10-17 21:16:48',5,7,0,0,NULL,NULL,'0.00','0.00',NULL,1,'4.00'),(732,27,'GEN00010','AIR FILTER KALA 15KVA(Kirloskar)','2021-10-17 21:16:48',5,7,0,0,NULL,NULL,'0.00','0.00',NULL,1,'8.00'),(733,27,'GEN00011','AIR FILTER PERKINS 110KVA (915-671)','2021-10-17 21:16:48',5,7,0,0,NULL,NULL,'0.00','0.00',NULL,1,'8.00'),(734,27,'GEN00012','AIR FILTER PERKINS(901-048)','2021-10-17 21:16:48',5,7,0,0,NULL,NULL,'0.00','0.00',NULL,1,'5.00'),(735,27,'GEN00013','AIR FILTER SDMO 22KVA (C065003)','2021-10-17 21:16:48',5,7,0,0,NULL,NULL,'0.00','0.00',NULL,1,'1.00'),(736,27,'GEN00014','AIR FILTER SDMO 44KVA {C085001}','2021-10-17 21:16:48',5,7,0,0,NULL,NULL,'0.00','0.00',NULL,1,'2.00'),(737,27,'GEN00015','ALTERNATOR   BEARINGS (LISTER PETTER)','2021-10-17 21:16:48',5,7,0,0,NULL,NULL,'0.00','0.00',NULL,1,'4.00'),(738,27,'GEN00016','ALTERNATOR   BEARINGS (PERKINS)','2021-10-17 21:16:48',5,7,0,0,NULL,NULL,'0.00','0.00',NULL,1,'7.00'),(739,27,'GEN00017','ALTERNATOR   BRUSHES (LISTER PETTER)','2021-10-17 21:16:48',5,7,0,0,NULL,NULL,'0.00','0.00',NULL,1,'3.00'),(740,27,'GEN00018','ALTERNATOR   BRUSHES (PERKINS)','2021-10-17 21:16:48',5,7,0,0,NULL,NULL,'0.00','0.00',NULL,1,'2.00'),(741,27,'GEN00019','ALTERNATOR  HOUSING (LISTER PETTER)','2021-10-17 21:16:48',5,7,0,0,NULL,NULL,'0.00','0.00',NULL,1,'1.00'),(742,27,'GEN00020','ALTERNATOR  HOUSING (PERKINS)','2021-10-17 21:16:48',5,7,0,0,NULL,NULL,'0.00','0.00',NULL,1,'8.00'),(743,27,'GEN00021','ALTERNATOR BEARING 6305','2021-10-17 21:16:48',5,7,0,0,NULL,NULL,'0.00','0.00',NULL,1,'9.00'),(744,27,'GEN00022','ALTERNATOR BEARING 6306','2021-10-17 21:16:49',5,7,0,0,NULL,NULL,'0.00','0.00',NULL,1,'9.00'),(745,27,'GEN00023','ALTERNATOR EXCITATION REPLACEMENT(Main)','2021-10-17 21:16:49',5,7,0,0,NULL,NULL,'0.00','0.00',NULL,1,'8.00'),(746,27,'GEN00024','ALTERNATOR ROTATING DIODE KIT (LISTER PETTER)','2021-10-17 21:16:49',5,7,0,0,NULL,NULL,'0.00','0.00',NULL,1,'4.00'),(747,27,'GEN00025','ALTERNATOR ROTATING DIODE KIT (PERKINS)','2021-10-17 21:16:49',5,7,0,0,NULL,NULL,'0.00','0.00',NULL,1,'5.00'),(748,27,'GEN00026','ALTERNATOR STATOR (LISTER PETTER)','2021-10-17 21:16:49',5,7,0,0,NULL,NULL,'0.00','0.00',NULL,1,'5.00'),(749,27,'GEN00027','ALTERNATOR STATOR (PERKINS)','2021-10-17 21:16:49',5,7,0,0,NULL,NULL,'0.00','0.00',NULL,1,'8.00'),(750,27,'GEN00028','ALTERNATOR WINDINGS VARISH APPLICATION','2021-10-17 21:16:49',5,7,0,0,NULL,NULL,'0.00','0.00',NULL,1,'5.00'),(751,27,'GEN00029','ALTERNATOR(MAIN) RECOVERY','2021-10-17 21:16:49',5,7,0,0,NULL,NULL,'0.00','0.00',NULL,1,'3.00'),(752,27,'GEN00030','AMMETER (LISTER PETTER)','2021-10-17 21:16:49',5,7,0,0,NULL,NULL,'0.00','0.00',NULL,1,'8.00'),(753,27,'GEN00031','AMMETER (PERKINS)','2021-10-17 21:16:49',5,7,0,0,NULL,NULL,'0.00','0.00',NULL,1,'2.00'),(754,27,'GEN00032','ANALOGUE HOUR METER','2021-10-17 21:16:49',5,7,0,0,NULL,NULL,'0.00','0.00',NULL,1,'5.00'),(755,27,'GEN00033','ANKSHAFT COLLECTED','2021-10-17 21:16:49',5,7,0,0,NULL,NULL,'0.00','0.00',NULL,1,'0.00'),(756,27,'GEN00034','ARMOURED CABLE16MM 4CORE','2021-10-17 21:16:49',5,7,0,0,NULL,NULL,'0.00','0.00',NULL,1,'7.00'),(757,27,'GEN00035','ASCOT 15-20 (15-20KVA) Air filter','2021-10-17 21:16:49',5,7,0,0,NULL,NULL,'0.00','0.00',NULL,1,'2.00'),(758,27,'GEN00036','ASCOT 15-20 (15-20KVA) Fuel filters','2021-10-17 21:16:49',5,7,0,0,NULL,NULL,'0.00','0.00',NULL,1,'0.00'),(759,27,'GEN00037','ASCOT 15-20 (15-20KVA) Oil filters','2021-10-17 21:16:49',5,7,0,0,NULL,NULL,'0.00','0.00',NULL,1,'4.00'),(760,27,'GEN00038','ASCOT DIODES','2021-10-17 21:16:49',5,7,0,0,NULL,NULL,'0.00','0.00',NULL,1,'0.00'),(761,27,'GEN00039','AUTO ON/OFF SWITCH','2021-10-17 21:16:49',5,7,0,0,NULL,NULL,'0.00','0.00',NULL,1,'10.00'),(762,27,'GEN00040','AVR 250V 470 UF 5KVA','2021-10-17 21:16:49',5,7,0,0,NULL,NULL,'0.00','0.00',NULL,1,'8.00'),(763,27,'GEN00041','AVR UNIT (SX460)','2021-10-17 21:16:49',5,7,0,0,NULL,NULL,'0.00','0.00',NULL,1,'9.00'),(764,27,'GEN00042','AVR UNIT R230(R250)','2021-10-17 21:16:49',5,7,0,0,NULL,NULL,'0.00','0.00',NULL,1,'3.00'),(765,27,'GEN00043','BACK PLATE MOUNTING BOLTS AND EXTRUCTION','2021-10-17 21:16:49',5,7,0,0,NULL,NULL,'0.00','0.00',NULL,1,'9.00'),(766,27,'GEN00044','BALL BEARINGS','2021-10-17 21:16:49',5,7,0,0,NULL,NULL,'0.00','0.00',NULL,1,'3.00'),(767,27,'GEN00045','BANJO BOLT 10000-00052','2021-10-17 21:16:49',5,7,0,0,NULL,NULL,'0.00','0.00',NULL,1,'10.00'),(768,27,'GEN00046','BANJO BOLT 915-582','2021-10-17 21:16:49',5,7,0,0,NULL,NULL,'0.00','0.00',NULL,1,'0.00'),(769,27,'GEN00047','BANJO BOLT 998-481','2021-10-17 21:16:49',5,7,0,0,NULL,NULL,'0.00','0.00',NULL,1,'2.00'),(770,27,'GEN00048','BATTERY ACID','2021-10-17 21:16:49',5,7,0,0,NULL,NULL,'0.00','0.00',NULL,1,'8.00'),(771,27,'GEN00049','BATTERY CHARGING ALTERNATOR (PERKINS)','2021-10-17 21:16:49',5,7,0,0,NULL,NULL,'0.00','0.00',NULL,1,'3.00'),(772,27,'GEN00050','BATTERY TERMINAL','2021-10-17 21:16:49',5,7,0,0,NULL,NULL,'0.00','0.00',NULL,1,'2.00'),(773,27,'GEN00051','BATTERY WATER','2021-10-17 21:16:49',5,7,0,0,NULL,NULL,'0.00','0.00',NULL,1,'9.00'),(774,27,'GEN00052','BEARING 6207','2021-10-17 21:16:49',5,7,0,0,NULL,NULL,'0.00','0.00',NULL,1,'1.00'),(775,27,'GEN00053','BEARING 6305 2RS','2021-10-17 21:16:49',5,7,0,0,NULL,NULL,'0.00','0.00',NULL,1,'8.00'),(776,27,'GEN00054','BEARING 6306','2021-10-17 21:16:49',5,7,0,0,NULL,NULL,'0.00','0.00',NULL,1,'5.00'),(777,27,'GEN00055','BEARING HOUSING BUSH','2021-10-17 21:16:49',5,7,0,0,NULL,NULL,'0.00','0.00',NULL,1,'4.00'),(778,27,'GEN00056','BEARING HOUSING BUSH REBUILDING','2021-10-17 21:16:49',5,7,0,0,NULL,NULL,'0.00','0.00',NULL,1,'4.00'),(779,27,'GEN00057','BLUE COPPER ROD','2021-10-17 21:16:49',5,7,0,0,NULL,NULL,'0.00','0.00',NULL,1,'7.00'),(780,27,'GEN00058','BOLT (915-631)','2021-10-17 21:16:49',5,7,0,0,NULL,NULL,'0.00','0.00',NULL,1,'1.00'),(781,27,'GEN00059','BRACKET 757-22950','2021-10-17 21:16:49',5,7,0,0,NULL,NULL,'0.00','0.00',NULL,1,'8.00'),(782,27,'GEN00060','BRUSH (CARBON)','2021-10-17 21:16:49',5,7,0,0,NULL,NULL,'0.00','0.00',NULL,1,'4.00'),(783,27,'GEN00061','CAM FOLLOWER (LISTER PETTER)','2021-10-17 21:16:49',5,7,0,0,NULL,NULL,'0.00','0.00',NULL,1,'6.00'),(784,27,'GEN00062','CAM FOLLOWER (PERKINS)','2021-10-17 21:16:49',5,7,0,0,NULL,NULL,'0.00','0.00',NULL,1,'1.00'),(785,27,'GEN00063','CAMFOLLOWERS 751-11730','2021-10-17 21:16:49',5,7,0,0,NULL,NULL,'0.00','0.00',NULL,1,'4.00'),(786,27,'GEN00064','CAPACITOR 35UF/450V (KUBOTA)','2021-10-17 21:16:49',5,7,0,0,NULL,NULL,'0.00','0.00',NULL,1,'10.00'),(787,27,'GEN00065','CARBON BRUSH','2021-10-17 21:16:49',5,7,0,0,NULL,NULL,'0.00','0.00',NULL,1,'6.00'),(788,27,'GEN00066','CARBON BRUSH SET','2021-10-17 21:16:49',5,7,0,0,NULL,NULL,'0.00','0.00',NULL,1,'2.00'),(789,27,'GEN00067','CENTRE BEARING 750-11250','2021-10-17 21:16:49',5,7,0,0,NULL,NULL,'0.00','0.00',NULL,1,'3.00'),(790,27,'GEN00068','CENTRE BEARING STD 750-11250','2021-10-17 21:16:49',5,7,0,0,NULL,NULL,'0.00','0.00',NULL,1,'6.00'),(791,27,'GEN00069','CHANGE OVER SWITCH 63A (LISTER PETTER)','2021-10-17 21:16:49',5,7,0,0,NULL,NULL,'0.00','0.00',NULL,1,'2.00'),(792,27,'GEN00070','CHANGE OVER SWITCH 63A (PERKINS)','2021-10-17 21:16:49',5,7,0,0,NULL,NULL,'0.00','0.00',NULL,1,'2.00'),(793,27,'GEN00071','CHARGING ALTERNATOR (LISTER)','2021-10-17 21:16:49',5,7,0,0,NULL,NULL,'0.00','0.00',NULL,1,'6.00'),(794,27,'GEN00072','CHARGING ALTERNATOR ALT4002E','2021-10-17 21:16:49',5,7,0,0,NULL,NULL,'0.00','0.00',NULL,1,'3.00'),(795,27,'GEN00073','CHARGING ALTERNATOR(PERKINS)','2021-10-17 21:16:49',5,7,0,0,NULL,NULL,'0.00','0.00',NULL,1,'5.00'),(796,27,'GEN00074','CIRCUIT BREAKER 80A DOUBLE POLE','2021-10-17 21:16:49',5,7,0,0,NULL,NULL,'0.00','0.00',NULL,1,'7.00'),(797,27,'GEN00075','CLEANING AND HITTING STATOR','2021-10-17 21:16:49',5,7,0,0,NULL,NULL,'0.00','0.00',NULL,1,'9.00'),(798,27,'GEN00076','CLEANING ROTOR WINDINGS','2021-10-17 21:16:49',5,7,0,0,NULL,NULL,'0.00','0.00',NULL,1,'7.00'),(799,27,'GEN00077','CON BEARING LISTER(3 CYL)750-11260','2021-10-17 21:16:49',5,7,0,0,NULL,NULL,'0.00','0.00',NULL,1,'5.00'),(800,27,'GEN00078','CON BEARING P750-34261','2021-10-17 21:16:49',5,7,0,0,NULL,NULL,'0.00','0.00',NULL,1,'6.00'),(801,27,'GEN00079','CON BEARING PERKINS3 CYLINDER 915-141','2021-10-17 21:16:49',5,7,0,0,NULL,NULL,'0.00','0.00',NULL,1,'6.00'),(802,27,'GEN00080','CON BEARING(4CYL)984-835','2021-10-17 21:16:49',5,7,0,0,NULL,NULL,'0.00','0.00',NULL,1,'1.00'),(803,27,'GEN00081','CON BEARINGS LPW 750-11260/025','2021-10-17 21:16:49',5,7,0,0,NULL,NULL,'0.00','0.00',NULL,1,'6.00'),(804,27,'GEN00082','CON BEARINGS-STD 3CYL (PERKINS) 998-648','2021-10-17 21:16:49',5,7,0,0,NULL,NULL,'0.00','0.00',NULL,1,'9.00'),(805,27,'GEN00083','CON ROD ARM (LISTER PETTER)','2021-10-17 21:16:49',5,7,0,0,NULL,NULL,'0.00','0.00',NULL,1,'7.00'),(806,27,'GEN00084','CON ROD ARM (PERKINS)','2021-10-17 21:16:49',5,7,0,0,NULL,NULL,'0.00','0.00',NULL,1,'8.00'),(807,27,'GEN00085','CONROD ARM LISTER 750-10152','2021-10-17 21:16:49',5,7,0,0,NULL,NULL,'0.00','0.00',NULL,1,'6.00'),(808,27,'GEN00086','CONTROLLER MODULE 445','2021-10-17 21:16:49',5,7,0,0,NULL,NULL,'0.00','0.00',NULL,1,'10.00'),(809,27,'GEN00087','CONTROLLER PS0 500 (CUMMINS)','2021-10-17 21:16:49',5,7,0,0,NULL,NULL,'0.00','0.00',NULL,1,'9.00'),(810,27,'GEN00088','COOLANT','2021-10-17 21:16:49',5,7,0,0,NULL,NULL,'0.00','0.00',NULL,1,'5.00'),(811,27,'GEN00089','COOLANT AUTO SUPRA 18*1L','2021-10-17 21:16:49',5,7,0,0,NULL,NULL,'0.00','0.00',NULL,1,'9.00'),(812,27,'GEN00090','COUPLING (LISTER PETTER)','2021-10-17 21:16:49',5,7,0,0,NULL,NULL,'0.00','0.00',NULL,1,'1.00'),(813,27,'GEN00091','COUPLING (PERKINS)','2021-10-17 21:16:49',5,7,0,0,NULL,NULL,'0.00','0.00',NULL,1,'7.00'),(814,27,'GEN00092','COUPLING PLATE 954-543','2021-10-17 21:16:49',5,7,0,0,NULL,NULL,'0.00','0.00',NULL,1,'1.00'),(815,27,'GEN00093','CRANK CASE DOOR GASKET 754-10802','2021-10-17 21:16:49',5,7,0,0,NULL,NULL,'0.00','0.00',NULL,1,'5.00'),(816,27,'GEN00094','CRANKCASE DOOR JOINT 754-10804','2021-10-17 21:16:49',5,7,0,0,NULL,NULL,'0.00','0.00',NULL,1,'2.00'),(817,27,'GEN00095','CRANKSHAFT GRINDING','2021-10-17 21:16:49',5,7,0,0,NULL,NULL,'0.00','0.00',NULL,1,'4.00'),(818,27,'GEN00096','CRANKSHAFT LISTER PETTER  LPW4 CUTTING OF CONROD J','2021-10-17 21:16:49',5,7,0,0,NULL,NULL,'0.00','0.00',NULL,1,'5.00'),(819,27,'GEN00097','Crankshaft lister petter LPW3 Filling','2021-10-17 21:16:49',5,7,0,0,NULL,NULL,'0.00','0.00',NULL,1,'2.00'),(820,27,'GEN00098','CRANKSHAFT LISTER PETTER LPW4','2021-10-17 21:16:49',5,7,0,0,NULL,NULL,'0.00','0.00',NULL,1,'6.00'),(821,27,'GEN00099','Crankshaft lister petter LPW4 Filling','2021-10-17 21:16:49',5,7,0,0,NULL,NULL,'0.00','0.00',NULL,1,'6.00'),(822,27,'GEN00100','CRANKSHAFT OIL SEALS (PERKINS)','2021-10-17 21:16:49',5,7,0,0,NULL,NULL,'0.00','0.00',NULL,1,'8.00'),(823,27,'GEN00101','CRANKSHAFT REPAIRED','2021-10-17 21:16:49',5,7,0,0,NULL,NULL,'0.00','0.00',NULL,1,'5.00'),(824,27,'GEN00102','CYLINDER HEAD- 3 CYLINDERS 753-47171(PERKINS)','2021-10-17 21:16:49',5,7,0,0,NULL,NULL,'0.00','0.00',NULL,1,'0.00'),(825,27,'GEN00103','CYLINDER HEAD- 4 CYLINDERS (LISTER PETTER)','2021-10-17 21:16:49',5,7,0,0,NULL,NULL,'0.00','0.00',NULL,1,'5.00'),(826,27,'GEN00104','CYLINDER HEAD- 4 CYLINDERS (PERKINS)','2021-10-17 21:16:49',5,7,0,0,NULL,NULL,'0.00','0.00',NULL,1,'6.00'),(827,27,'GEN00105','CYLINDER HEAD COVER JOINT (LISTER PETTER)','2021-10-17 21:16:49',5,7,0,0,NULL,NULL,'0.00','0.00',NULL,1,'3.00'),(828,27,'GEN00106','CYLINDER HEAD COVER JOINT (PERKINS)','2021-10-17 21:16:49',5,7,0,0,NULL,NULL,'0.00','0.00',NULL,1,'9.00'),(829,27,'GEN00107','CYLINDER HEAD COVER O RING (LISTER PETTER)','2021-10-17 21:16:49',5,7,0,0,NULL,NULL,'0.00','0.00',NULL,1,'4.00'),(830,27,'GEN00108','CYLINDER HEAD COVER O RING (PERKINS)','2021-10-17 21:16:49',5,7,0,0,NULL,NULL,'0.00','0.00',NULL,1,'2.00'),(831,27,'GEN00109','CYLINDER HEAD GASKET- 3  CYLINDER (LISTER PETTER)','2021-10-17 21:16:49',5,7,0,0,NULL,NULL,'0.00','0.00',NULL,1,'0.00'),(832,27,'GEN00110','CYLINDER HEAD GASKET- 3 CYLINDER (PERKINS)','2021-10-17 21:16:49',5,7,0,0,NULL,NULL,'0.00','0.00',NULL,1,'6.00'),(833,27,'GEN00111','CYLINDER HEAD GASKET- 4 CYLINDER  (LISTER PETTER)','2021-10-17 21:16:49',5,7,0,0,NULL,NULL,'0.00','0.00',NULL,1,'6.00'),(834,27,'GEN00112','CYLINDER HEAD GASKET- 4 CYLINDER  (PERKINS)','2021-10-17 21:16:49',5,7,0,0,NULL,NULL,'0.00','0.00',NULL,1,'4.00'),(835,27,'GEN00113','CYLINDER HEAD GASKET LPW3 (753-47171)','2021-10-17 21:16:49',5,7,0,0,NULL,NULL,'0.00','0.00',NULL,1,'3.00'),(836,27,'GEN00114','CYLINDER HEAD GASKET LPW4 (754-47171)','2021-10-17 21:16:49',5,7,0,0,NULL,NULL,'0.00','0.00',NULL,1,'4.00'),(837,27,'GEN00115','CYLINDER HEAD GASKET PERKINS 404(10000-17956)','2021-10-17 21:16:49',5,7,0,0,NULL,NULL,'0.00','0.00',NULL,1,'9.00'),(838,27,'GEN00116','CYLINDER HEAD GASKET PERKINS(10000-0071)','2021-10-17 21:16:49',5,7,0,0,NULL,NULL,'0.00','0.00',NULL,1,'5.00'),(839,27,'GEN00117','CYLINDER HEADGASKET 3 CYLINDERS','2021-10-17 21:16:49',5,7,0,0,NULL,NULL,'0.00','0.00',NULL,1,'6.00'),(840,27,'GEN00118','CYLINDER HEADGASKET PERKINS 4CYL (10000-17956)','2021-10-17 21:16:49',5,7,0,0,NULL,NULL,'0.00','0.00',NULL,1,'5.00'),(841,27,'GEN00119','CYLINDER HEAD-SEAT INSTALLATION (3 CYLINDER)','2021-10-17 21:16:49',5,7,0,0,NULL,NULL,'0.00','0.00',NULL,1,'6.00'),(842,27,'GEN00120','CYLINDER HEAD-SEAT INSTALLATION (4 CYLINDER)','2021-10-17 21:16:49',5,7,0,0,NULL,NULL,'0.00','0.00',NULL,1,'5.00'),(843,27,'GEN00121','DECORK KIT (LISTER PETTER)','2021-10-17 21:16:49',5,7,0,0,NULL,NULL,'0.00','0.00',NULL,1,'10.00'),(844,27,'GEN00122','DECORK KIT (PERKINS)','2021-10-17 21:16:49',5,7,0,0,NULL,NULL,'0.00','0.00',NULL,1,'3.00'),(845,27,'GEN00123','DEEP SEA CONTROL 4520','2021-10-17 21:16:49',5,7,0,0,NULL,NULL,'0.00','0.00',NULL,1,'3.00'),(846,27,'GEN00124','DEEP SEA CONTROL MODULE (LISTER PETTER)','2021-10-17 21:16:49',5,7,0,0,NULL,NULL,'0.00','0.00',NULL,1,'8.00'),(847,27,'GEN00125','DEEP SEA CONTROLLER 6020','2021-10-17 21:16:49',5,7,0,0,NULL,NULL,'0.00','0.00',NULL,1,'2.00'),(848,27,'GEN00126','DEEPSEA CONTROLLER LISTER 6120','2021-10-17 21:16:49',5,7,0,0,NULL,NULL,'0.00','0.00',NULL,1,'4.00'),(849,27,'GEN00127','DIGITAL  HOUR METER (LISTER PETTER)','2021-10-17 21:16:49',5,7,0,0,NULL,NULL,'0.00','0.00',NULL,1,'6.00'),(850,27,'GEN00128','DIGITAL  HOUR METER (PERKINS)','2021-10-17 21:16:49',5,7,0,0,NULL,NULL,'0.00','0.00',NULL,1,'7.00'),(851,27,'GEN00129','DIGITAL CONTROL THERMOSTAT','2021-10-17 21:16:49',5,7,0,0,NULL,NULL,'0.00','0.00',NULL,1,'7.00'),(852,27,'GEN00130','DIGITAL DISPLAY UNIT (LISTER PETTER)','2021-10-17 21:16:49',5,7,0,0,NULL,NULL,'0.00','0.00',NULL,1,'5.00'),(853,27,'GEN00131','DIGITAL DISPLAY UNIT (PERKINS)','2021-10-17 21:16:49',5,7,0,0,NULL,NULL,'0.00','0.00',NULL,1,'5.00'),(854,27,'GEN00132','DIODE ASSY( 922-220)','2021-10-17 21:16:49',5,7,0,0,NULL,NULL,'0.00','0.00',NULL,1,'9.00'),(855,27,'GEN00133','DIODES','2021-10-17 21:16:49',5,7,0,0,NULL,NULL,'0.00','0.00',NULL,1,'0.00'),(856,27,'GEN00134','DIP STICK LISTER (754-15120)','2021-10-17 21:16:49',5,7,0,0,NULL,NULL,'0.00','0.00',NULL,1,'3.00'),(857,27,'GEN00135','DISTILLED WATER  PER DOZEN','2021-10-17 21:16:49',5,7,0,0,NULL,NULL,'0.00','0.00',NULL,1,'5.00'),(858,27,'GEN00136','ELECTRIC FUEL LIFT PUMP','2021-10-17 21:16:49',5,7,0,0,NULL,NULL,'0.00','0.00',NULL,1,'8.00'),(859,27,'GEN00137','ELECTRIC FUEL LIFT PUMP (POWER CUBES)','2021-10-17 21:16:49',5,7,0,0,NULL,NULL,'0.00','0.00',NULL,1,'3.00'),(860,27,'GEN00138','ENGINE  GASKET ( 4 CYCLINDER ) (LISTER PETTER)','2021-10-17 21:16:49',5,7,0,0,NULL,NULL,'0.00','0.00',NULL,1,'2.00'),(861,27,'GEN00139','ENGINE  GASKET ( 4 CYCLINDER ) (PERKINS)','2021-10-17 21:16:49',5,7,0,0,NULL,NULL,'0.00','0.00',NULL,1,'10.00'),(862,27,'GEN00140','ENGINE  TOP GASKET','2021-10-17 21:16:49',5,7,0,0,NULL,NULL,'0.00','0.00',NULL,1,'3.00'),(863,27,'GEN00141','ENGINE BLOCK PERKINS DJ RESLEEVING','2021-10-17 21:16:49',5,7,0,0,NULL,NULL,'0.00','0.00',NULL,1,'7.00'),(864,27,'GEN00142','ENGINE BLOCK RESLEEVING 3 CYLINDERS','2021-10-17 21:16:49',5,7,0,0,NULL,NULL,'0.00','0.00',NULL,1,'4.00'),(865,27,'GEN00143','ENGINE BLOCK- RESLEEVING 4 CYLINDER','2021-10-17 21:16:49',5,7,0,0,NULL,NULL,'0.00','0.00',NULL,1,'10.00'),(866,27,'GEN00144','ENGINE BLOCK RESLEEVING AND HONING (PERKINS)','2021-10-17 21:16:49',5,7,0,0,NULL,NULL,'0.00','0.00',NULL,1,'7.00'),(867,27,'GEN00145','ENGINE BLOCK RESLEEVING AND HONING LISTER PETTER L','2021-10-17 21:16:49',5,7,0,0,NULL,NULL,'0.00','0.00',NULL,1,'6.00'),(868,27,'GEN00146','ENGINE BLOCK RESLEEVING AND HONING PERKINS (403)','2021-10-17 21:16:49',5,7,0,0,NULL,NULL,'0.00','0.00',NULL,1,'8.00'),(869,27,'GEN00147','ENGINE BLOCK RESLEEVING LISTER PETTER LPW3','2021-10-17 21:16:49',5,7,0,0,NULL,NULL,'0.00','0.00',NULL,1,'1.00'),(870,27,'GEN00148','ENGINE BLOCK RESLEEVING PERKINS (403)','2021-10-17 21:16:49',5,7,0,0,NULL,NULL,'0.00','0.00',NULL,1,'1.00'),(871,27,'GEN00149','ENGINE FRONT AND REAR SEALS (LISTER PETTER)','2021-10-17 21:16:49',5,7,0,0,NULL,NULL,'0.00','0.00',NULL,1,'3.00'),(872,27,'GEN00150','ENGINE FRONT AND REAR SEALS (PERKINS)','2021-10-17 21:16:49',5,7,0,0,NULL,NULL,'0.00','0.00',NULL,1,'2.00'),(873,27,'GEN00151','ENGINE INTERFACE MODULE (LISTER PETTER)','2021-10-17 21:16:49',5,7,0,0,NULL,NULL,'0.00','0.00',NULL,1,'0.00'),(874,27,'GEN00152','ENGINE INTERFACE MODULE (PERKINS)','2021-10-17 21:16:49',5,7,0,0,NULL,NULL,'0.00','0.00',NULL,1,'5.00'),(875,27,'GEN00153','ENGINE OIL','2021-10-17 21:16:49',5,7,0,0,NULL,NULL,'0.00','0.00',NULL,1,'4.00'),(876,27,'GEN00154','ENGINE OIL (LONGRUN)','2021-10-17 21:16:49',5,7,0,0,NULL,NULL,'0.00','0.00',NULL,1,'3.00'),(877,27,'GEN00155','ENGINE OIL SEALS (LISTER PETTER)','2021-10-17 21:16:49',5,7,0,0,NULL,NULL,'0.00','0.00',NULL,1,'6.00'),(878,27,'GEN00156','ENGINE OIL SEALS (PERKINS)','2021-10-17 21:16:49',5,7,0,0,NULL,NULL,'0.00','0.00',NULL,1,'2.00'),(879,27,'GEN00157','EPOXY STEEL','2021-10-17 21:16:49',5,7,0,0,NULL,NULL,'0.00','0.00',NULL,1,'9.00'),(880,27,'GEN00158','EXCITATION DIODE','2021-10-17 21:16:49',5,7,0,0,NULL,NULL,'0.00','0.00',NULL,1,'1.00'),(881,27,'GEN00159','EXCITATION DIODE(Complete Unit)','2021-10-17 21:16:49',5,7,0,0,NULL,NULL,'0.00','0.00',NULL,1,'8.00'),(882,27,'GEN00160','EXCITATION REVOLVING','2021-10-17 21:16:49',5,7,0,0,NULL,NULL,'0.00','0.00',NULL,1,'4.00'),(883,27,'GEN00161','EXCITATION STATIONARY','2021-10-17 21:16:49',5,7,0,0,NULL,NULL,'0.00','0.00',NULL,1,'10.00'),(884,27,'GEN00162','EXCITATION STATIONARY)','2021-10-17 21:16:49',5,7,0,0,NULL,NULL,'0.00','0.00',NULL,1,'6.00'),(885,27,'GEN00163','EXCITOR START COIL REWINDING','2021-10-17 21:16:49',5,7,0,0,NULL,NULL,'0.00','0.00',NULL,1,'2.00'),(886,27,'GEN00164','EXHAUST  SILENCER (Heat Treatment)','2021-10-17 21:16:49',5,7,0,0,NULL,NULL,'0.00','0.00',NULL,1,'10.00'),(887,27,'GEN00165','EXHAUST  SILENCER (KUBOTA)','2021-10-17 21:16:49',5,7,0,0,NULL,NULL,'0.00','0.00',NULL,1,'3.00'),(888,27,'GEN00166','EXHAUST  SILENCER (LISTER PETTER)','2021-10-17 21:16:49',5,7,0,0,NULL,NULL,'0.00','0.00',NULL,1,'8.00'),(889,27,'GEN00167','EXHAUST  SILENCER (PERKINS)','2021-10-17 21:16:49',5,7,0,0,NULL,NULL,'0.00','0.00',NULL,1,'9.00'),(890,27,'GEN00168','EXHAUST  VALVE SEALS (KUBOTA)','2021-10-17 21:16:49',5,7,0,0,NULL,NULL,'0.00','0.00',NULL,1,'10.00'),(891,27,'GEN00169','EXHAUST  VALVE SEALS (LISTER PETTER)','2021-10-17 21:16:49',5,7,0,0,NULL,NULL,'0.00','0.00',NULL,1,'2.00'),(892,27,'GEN00170','EXHAUST  VALVE SEALS (PERKINS)','2021-10-17 21:16:49',5,7,0,0,NULL,NULL,'0.00','0.00',NULL,1,'1.00'),(893,27,'GEN00171','EXHAUST BELLOW- LONG (PERKINS)','2021-10-17 21:16:49',5,7,0,0,NULL,NULL,'0.00','0.00',NULL,1,'10.00'),(894,27,'GEN00172','EXHAUST BELLOW- SHORT','2021-10-17 21:16:49',5,7,0,0,NULL,NULL,'0.00','0.00',NULL,1,'6.00'),(895,27,'GEN00173','EXHAUST BELLOW- SHORT (PERKINS)','2021-10-17 21:16:49',5,7,0,0,NULL,NULL,'0.00','0.00',NULL,1,'9.00'),(896,27,'GEN00174','EXHAUST FLEX BELLOW (KUBOTA)','2021-10-17 21:16:49',5,7,0,0,NULL,NULL,'0.00','0.00',NULL,1,'6.00'),(897,27,'GEN00175','EXHAUST FLEX BELLOW (LISTER PETTER)','2021-10-17 21:16:49',5,7,0,0,NULL,NULL,'0.00','0.00',NULL,1,'4.00'),(898,27,'GEN00176','EXHAUST FLEX BELLOW (PERKINS)','2021-10-17 21:16:49',5,7,0,0,NULL,NULL,'0.00','0.00',NULL,1,'1.00'),(899,27,'GEN00177','EXHAUST MANIFOLD GASKET 751-10103','2021-10-17 21:16:49',5,7,0,0,NULL,NULL,'0.00','0.00',NULL,1,'2.00'),(900,27,'GEN00178','EXHAUST MANIFOLD JOINT (KUBOTA)','2021-10-17 21:16:49',5,7,0,0,NULL,NULL,'0.00','0.00',NULL,1,'7.00'),(901,27,'GEN00179','EXHAUST MANIFOLD JOINT (LISTER PETTER)','2021-10-17 21:16:49',5,7,0,0,NULL,NULL,'0.00','0.00',NULL,1,'1.00'),(902,27,'GEN00180','EXHAUST MANIFOLD JOINT (PERKINS)','2021-10-17 21:16:49',5,7,0,0,NULL,NULL,'0.00','0.00',NULL,1,'4.00'),(903,27,'GEN00181','EXHAUST PIPE','2021-10-17 21:16:49',5,7,0,0,NULL,NULL,'0.00','0.00',NULL,1,'5.00'),(904,27,'GEN00182','EXHAUST VALVES (KUBOTA)','2021-10-17 21:16:49',5,7,0,0,NULL,NULL,'0.00','0.00',NULL,1,'2.00'),(905,27,'GEN00183','EXHAUST VALVES (LISTER PETTER)','2021-10-17 21:16:49',5,7,0,0,NULL,NULL,'0.00','0.00',NULL,1,'7.00'),(906,27,'GEN00184','EXHAUST VALVES (PERKINS)','2021-10-17 21:16:49',5,7,0,0,NULL,NULL,'0.00','0.00',NULL,1,'9.00'),(907,27,'GEN00185','EXITATION  CONNECTORS (KUBOTA)','2021-10-17 21:16:49',5,7,0,0,NULL,NULL,'0.00','0.00',NULL,1,'2.00'),(908,27,'GEN00186','EXITATION  CONNECTORS (LISTER PETTER)','2021-10-17 21:16:49',5,7,0,0,NULL,NULL,'0.00','0.00',NULL,1,'6.00'),(909,27,'GEN00187','EXITATION  CONNECTORS (PERKINS)','2021-10-17 21:16:49',5,7,0,0,NULL,NULL,'0.00','0.00',NULL,1,'3.00'),(910,27,'GEN00188','EXITATION DIODE (KUBOTA)','2021-10-17 21:16:49',5,7,0,0,NULL,NULL,'0.00','0.00',NULL,1,'5.00'),(911,27,'GEN00189','EXITATION DIODE (LISTER PETTER)','2021-10-17 21:16:49',5,7,0,0,NULL,NULL,'0.00','0.00',NULL,1,'8.00'),(912,27,'GEN00190','EXITATION DIODE (PERKINS)','2021-10-17 21:16:49',5,7,0,0,NULL,NULL,'0.00','0.00',NULL,1,'4.00'),(913,27,'GEN00191','EXITATION DIODE UNIT COMPLETE','2021-10-17 21:16:49',5,7,0,0,NULL,NULL,'0.00','0.00',NULL,1,'5.00'),(914,27,'GEN00192','EXITATION ROTOR REWINDING MATERIALS (LISTER PETTER','2021-10-17 21:16:49',5,7,0,0,NULL,NULL,'0.00','0.00',NULL,1,'5.00'),(915,27,'GEN00193','EXITATION ROTOR REWINDING MATERIALS (PERKINS)','2021-10-17 21:16:49',5,7,0,0,NULL,NULL,'0.00','0.00',NULL,1,'9.00'),(916,27,'GEN00194','EXITATION WINDING ROTATION','2021-10-17 21:16:49',5,7,0,0,NULL,NULL,'0.00','0.00',NULL,1,'2.00'),(917,27,'GEN00195','FAN BELT  4PK875 (LISTER PETTER)','2021-10-17 21:16:49',5,7,0,0,NULL,NULL,'0.00','0.00',NULL,1,'10.00'),(918,27,'GEN00196','FAN BELT (PERKINS DK) 30KVA','2021-10-17 21:16:49',5,7,0,0,NULL,NULL,'0.00','0.00',NULL,1,'5.00'),(919,27,'GEN00197','FAN BELT 10000-06096(PERKINS)','2021-10-17 21:16:49',5,7,0,0,NULL,NULL,'0.00','0.00',NULL,1,'5.00'),(920,27,'GEN00198','FAN BELT 998_651','2021-10-17 21:16:49',5,7,0,0,NULL,NULL,'0.00','0.00',NULL,1,'10.00'),(921,27,'GEN00199','FAN BELT A38','2021-10-17 21:16:49',5,7,0,0,NULL,NULL,'0.00','0.00',NULL,1,'3.00'),(922,27,'GEN00200','FAN BELT AX52','2021-10-17 21:16:49',5,7,0,0,NULL,NULL,'0.00','0.00',NULL,1,'7.00'),(923,27,'GEN00201','FAN BELT CAT 438-1597','2021-10-17 21:16:49',5,7,0,0,NULL,NULL,'0.00','0.00',NULL,1,'3.00'),(924,27,'GEN00202','FAN BELT CUMMINS (0511-0246)','2021-10-17 21:16:49',5,7,0,0,NULL,NULL,'0.00','0.00',NULL,1,'8.00'),(925,27,'GEN00203','FAN BELT PERKINS 998-378','2021-10-17 21:16:49',5,7,0,0,NULL,NULL,'0.00','0.00',NULL,1,'9.00'),(926,27,'GEN00204','FAN BLADE (LISTER PETTER) 751-45740','2021-10-17 21:16:49',5,7,0,0,NULL,NULL,'0.00','0.00',NULL,1,'3.00'),(927,27,'GEN00205','FAN BLADE 915-163 (PERKINS)','2021-10-17 21:16:49',5,7,0,0,NULL,NULL,'0.00','0.00',NULL,1,'5.00'),(928,27,'GEN00206','FAN BLADE ASSEMBLY','2021-10-17 21:16:49',5,7,0,0,NULL,NULL,'0.00','0.00',NULL,1,'6.00'),(929,27,'GEN00207','FAN BLADE LISTER 751-41190(Red)','2021-10-17 21:16:49',5,7,0,0,NULL,NULL,'0.00','0.00',NULL,1,'7.00'),(930,27,'GEN00208','FANBELT 2614B555','2021-10-17 21:16:49',5,7,0,0,NULL,NULL,'0.00','0.00',NULL,1,'7.00'),(931,27,'GEN00209','FANBELT 4PK780','2021-10-17 21:16:49',5,7,0,0,NULL,NULL,'0.00','0.00',NULL,1,'2.00'),(932,27,'GEN00210','FANBELT 4PK870','2021-10-17 21:16:49',5,7,0,0,NULL,NULL,'0.00','0.00',NULL,1,'10.00'),(933,27,'GEN00211','FANBELT 4PK925','2021-10-17 21:16:49',5,7,0,0,NULL,NULL,'0.00','0.00',NULL,1,'4.00'),(934,27,'GEN00212','FANBELT A1560','2021-10-17 21:16:49',5,7,0,0,NULL,NULL,'0.00','0.00',NULL,1,'9.00'),(935,27,'GEN00213','FANBELT AX43','2021-10-17 21:16:49',5,7,0,0,NULL,NULL,'0.00','0.00',NULL,1,'3.00'),(936,27,'GEN00214','FILTER','2021-10-17 21:16:49',5,7,0,0,NULL,NULL,'0.00','0.00',NULL,1,'9.00'),(937,27,'GEN00215','FLEX BELLOW (LISTER PETTER)','2021-10-17 21:16:49',5,7,0,0,NULL,NULL,'0.00','0.00',NULL,1,'5.00'),(938,27,'GEN00216','FLEX BELLOW (PERKINS)','2021-10-17 21:16:49',5,7,0,0,NULL,NULL,'0.00','0.00',NULL,1,'8.00'),(939,27,'GEN00217','FLEX BELLOW LONG','2021-10-17 21:16:49',5,7,0,0,NULL,NULL,'0.00','0.00',NULL,1,'6.00'),(940,27,'GEN00218','FLEX BELLOW SHORT','2021-10-17 21:16:49',5,7,0,0,NULL,NULL,'0.00','0.00',NULL,1,'4.00'),(941,27,'GEN00219','FLEX CONDUIT BLACK 25MM','2021-10-17 21:16:49',5,7,0,0,NULL,NULL,'0.00','0.00',NULL,1,'3.00'),(942,27,'GEN00220','FREQUENCY METER (KUBOTA)','2021-10-17 21:16:49',5,7,0,0,NULL,NULL,'0.00','0.00',NULL,1,'1.00'),(943,27,'GEN00221','FREQUENCY METER (LISTER PETTER)','2021-10-17 21:16:49',5,7,0,0,NULL,NULL,'0.00','0.00',NULL,1,'9.00'),(944,27,'GEN00222','FREQUENCY METER (PERKINS)','2021-10-17 21:16:49',5,7,0,0,NULL,NULL,'0.00','0.00',NULL,1,'2.00'),(945,27,'GEN00223','FRONT ENGINE COVER GASKET (LISTER PETTER)','2021-10-17 21:16:49',5,7,0,0,NULL,NULL,'0.00','0.00',NULL,1,'2.00'),(946,27,'GEN00224','FRONT ENGINE COVER GASKET (PERKINS)','2021-10-17 21:16:49',5,7,0,0,NULL,NULL,'0.00','0.00',NULL,1,'2.00'),(947,27,'GEN00225','FRONT ENGINE COVER GASKET LPW4','2021-10-17 21:16:49',5,7,0,0,NULL,NULL,'0.00','0.00',NULL,1,'6.00'),(948,27,'GEN00226','FRONT ENGINE OIL SEALS (KUBOTA)','2021-10-17 21:16:49',5,7,0,0,NULL,NULL,'0.00','0.00',NULL,1,'6.00'),(949,27,'GEN00227','FRONT ENGINE OIL SEALS (PERKINS)','2021-10-17 21:16:49',5,7,0,0,NULL,NULL,'0.00','0.00',NULL,1,'9.00'),(950,27,'GEN00228','FRONT ENGINE OIL SEALS LISTER (751-10390)','2021-10-17 21:16:49',5,7,0,0,NULL,NULL,'0.00','0.00',NULL,1,'7.00'),(951,27,'GEN00229','FRONT PANEL MIRROR','2021-10-17 21:16:49',5,7,0,0,NULL,NULL,'0.00','0.00',NULL,1,'7.00'),(952,27,'GEN00230','FRONT PLENUM PLATE','2021-10-17 21:16:49',5,7,0,0,NULL,NULL,'0.00','0.00',NULL,1,'4.00'),(953,27,'GEN00231','FUEL DELIVERY PIPES','2021-10-17 21:16:49',5,7,0,0,NULL,NULL,'0.00','0.00',NULL,1,'0.00'),(954,27,'GEN00232','FUEL FILTER (LP 751-18100)','2021-10-17 21:16:49',5,7,0,0,NULL,NULL,'0.00','0.00',NULL,1,'9.00'),(955,27,'GEN00233','FUEL FILTER (LPW 751-47370)','2021-10-17 21:16:49',5,7,0,0,NULL,NULL,'0.00','0.00',NULL,1,'2.00'),(956,27,'GEN00234','FUEL FILTER (PERKINS 1000-00339)','2021-10-17 21:16:49',5,7,0,0,NULL,NULL,'0.00','0.00',NULL,1,'7.00'),(957,27,'GEN00235','FUEL FILTER (PERKINS 901-202)','2021-10-17 21:16:49',5,7,0,0,NULL,NULL,'0.00','0.00',NULL,1,'5.00'),(958,27,'GEN00236','FUEL FILTER 751-47370','2021-10-17 21:16:49',5,7,0,0,NULL,NULL,'0.00','0.00',NULL,1,'7.00'),(959,27,'GEN00237','FUEL FILTER 934-181','2021-10-17 21:16:49',5,7,0,0,NULL,NULL,'0.00','0.00',NULL,1,'1.00'),(960,27,'GEN00238','FUEL FILTER BASE (KUBOTA)','2021-10-17 21:16:49',5,7,0,0,NULL,NULL,'0.00','0.00',NULL,1,'2.00'),(961,27,'GEN00239','FUEL FILTER BASE (LISTER PETTER)','2021-10-17 21:16:49',5,7,0,0,NULL,NULL,'0.00','0.00',NULL,1,'7.00'),(962,27,'GEN00240','FUEL FILTER BASE (PERKINS)','2021-10-17 21:16:49',5,7,0,0,NULL,NULL,'0.00','0.00',NULL,1,'8.00'),(963,27,'GEN00241','FUEL FILTER ELEMENT CUMMINS (0149-2883)','2021-10-17 21:16:49',5,7,0,0,NULL,NULL,'0.00','0.00',NULL,1,'0.00'),(964,27,'GEN00242','FUEL FILTER FS1275','2021-10-17 21:16:49',5,7,0,0,NULL,NULL,'0.00','0.00',NULL,1,'8.00'),(965,27,'GEN00243','FUEL FILTER HOLDER (AGGLOMERATOR) (LISTER PETTER)','2021-10-17 21:16:49',5,7,0,0,NULL,NULL,'0.00','0.00',NULL,1,'9.00'),(966,27,'GEN00244','FUEL FILTER HOLDER (AGGLOMERATOR) (PERKINS)','2021-10-17 21:16:49',5,7,0,0,NULL,NULL,'0.00','0.00',NULL,1,'9.00'),(967,27,'GEN00245','FUEL FILTER HOLDER LPW-LONGRUN (751-47320)','2021-10-17 21:16:50',5,7,0,0,NULL,NULL,'0.00','0.00',NULL,1,'7.00'),(968,27,'GEN00246','FUEL FILTER KALA 15KVA (Kirloskar)','2021-10-17 21:16:50',5,7,0,0,NULL,NULL,'0.00','0.00',NULL,1,'1.00'),(969,27,'GEN00247','FUEL FILTER P550127 (SDMO)','2021-10-17 21:16:50',5,7,0,0,NULL,NULL,'0.00','0.00',NULL,1,'3.00'),(970,27,'GEN00248','FUEL FILTER P550587','2021-10-17 21:16:50',5,7,0,0,NULL,NULL,'0.00','0.00',NULL,1,'1.00'),(971,27,'GEN00249','FUEL FILTER PERKINS 110KVA (934-181)','2021-10-17 21:16:50',5,7,0,0,NULL,NULL,'0.00','0.00',NULL,1,'9.00'),(972,27,'GEN00250','FUEL FILTER PERKINS 40KVA (934-181)','2021-10-17 21:16:50',5,7,0,0,NULL,NULL,'0.00','0.00',NULL,1,'9.00'),(973,27,'GEN00251','FUEL FILTER SDMO 22KVA (P550127)','2021-10-17 21:16:50',5,7,0,0,NULL,NULL,'0.00','0.00',NULL,1,'1.00'),(974,27,'GEN00252','FUEL FILTER SDMO 44KVA (P550127)','2021-10-17 21:16:50',5,7,0,0,NULL,NULL,'0.00','0.00',NULL,1,'6.00'),(975,27,'GEN00253','FUEL GAUGE PIPE (1/2\'\')','2021-10-17 21:16:50',5,7,0,0,NULL,NULL,'0.00','0.00',NULL,1,'6.00'),(976,27,'GEN00254','FUEL INJECTOR PUMP (KUBOTA)','2021-10-17 21:16:50',5,7,0,0,NULL,NULL,'0.00','0.00',NULL,1,'2.00'),(977,27,'GEN00255','FUEL INJECTOR PUMP (LISTER PETTER)','2021-10-17 21:16:50',5,7,0,0,NULL,NULL,'0.00','0.00',NULL,1,'2.00'),(978,27,'GEN00256','FUEL INJECTOR PUMP- 3 CYLINDER (PERKINS)','2021-10-17 21:16:50',5,7,0,0,NULL,NULL,'0.00','0.00',NULL,1,'3.00'),(979,27,'GEN00257','FUEL INJECTOR PUMP- 4 CYLIDER (PERKINS)','2021-10-17 21:16:50',5,7,0,0,NULL,NULL,'0.00','0.00',NULL,1,'1.00'),(980,27,'GEN00258','FUEL LEVEL INSPECTION PIPE','2021-10-17 21:16:50',5,7,0,0,NULL,NULL,'0.00','0.00',NULL,1,'4.00'),(981,27,'GEN00259','FUEL LIFT PUMP (ELECTRIC)','2021-10-17 21:16:50',5,7,0,0,NULL,NULL,'0.00','0.00',NULL,1,'7.00'),(982,27,'GEN00260','FUEL LIFT PUMP (KUBOTA)','2021-10-17 21:16:50',5,7,0,0,NULL,NULL,'0.00','0.00',NULL,1,'4.00'),(983,27,'GEN00261','FUEL LIFT PUMP (LISTER PETTER) 757-14173','2021-10-17 21:16:50',5,7,0,0,NULL,NULL,'0.00','0.00',NULL,1,'0.00'),(984,27,'GEN00262','FUEL LIFT PUMP (PERKINS)','2021-10-17 21:16:50',5,7,0,0,NULL,NULL,'0.00','0.00',NULL,1,'9.00'),(985,27,'GEN00263','FUEL LIFT PUMP(ASCOT)','2021-10-17 21:16:50',5,7,0,0,NULL,NULL,'0.00','0.00',NULL,1,'4.00'),(986,27,'GEN00264','FUEL PIPE','2021-10-17 21:16:50',5,7,0,0,NULL,NULL,'0.00','0.00',NULL,1,'1.00'),(987,27,'GEN00265','Fuel Pipe (1/4 OD Black Nylon)_code NP14BL','2021-10-17 21:16:50',5,7,0,0,NULL,NULL,'0.00','0.00',NULL,1,'3.00'),(988,27,'GEN00266','FUEL PIPE 8MM','2021-10-17 21:16:50',5,7,0,0,NULL,NULL,'0.00','0.00',NULL,1,'4.00'),(989,27,'GEN00267','FUEL PIPE ASCOT POWERCUBE','2021-10-17 21:16:50',5,7,0,0,NULL,NULL,'0.00','0.00',NULL,1,'10.00'),(990,27,'GEN00268','FUEL PIPE CLEAR 1/2','2021-10-17 21:16:50',5,7,0,0,NULL,NULL,'0.00','0.00',NULL,1,'7.00'),(991,27,'GEN00269','FUEL PIPE CLEAR 1/2 INCH','2021-10-17 21:16:50',5,7,0,0,NULL,NULL,'0.00','0.00',NULL,1,'8.00'),(992,27,'GEN00270','FUEL PIPE CLEAR 8MM','2021-10-17 21:16:50',5,7,0,0,NULL,NULL,'0.00','0.00',NULL,1,'6.00'),(993,27,'GEN00271','FUEL PIPE PERKINS 3 CYLINDER 915-141','2021-10-17 21:16:50',5,7,0,0,NULL,NULL,'0.00','0.00',NULL,1,'5.00'),(994,27,'GEN00272','FUEL PIPE PERKINS 915-141','2021-10-17 21:16:50',5,7,0,0,NULL,NULL,'0.00','0.00',NULL,1,'8.00'),(995,27,'GEN00273','FUEL PIPES (PERKINS)','2021-10-17 21:16:50',5,7,0,0,NULL,NULL,'0.00','0.00',NULL,1,'5.00'),(996,27,'GEN00274','FUEL PIPES LISTER TO INJECTOR PUMP (754-44840)','2021-10-17 21:16:50',5,7,0,0,NULL,NULL,'0.00','0.00',NULL,1,'0.00'),(997,27,'GEN00275','FUEL PRIMING PUMP (KUBOTA)','2021-10-17 21:16:50',5,7,0,0,NULL,NULL,'0.00','0.00',NULL,1,'7.00'),(998,27,'GEN00276','FUEL PRIMING PUMP (LISTER PETTER)','2021-10-17 21:16:50',5,7,0,0,NULL,NULL,'0.00','0.00',NULL,1,'3.00'),(999,27,'GEN00277','FUEL PRIMING PUMP (PERKINS)','2021-10-17 21:16:50',5,7,0,0,NULL,NULL,'0.00','0.00',NULL,1,'6.00'),(1000,27,'GEN00278','FUEL PROBE (LOW)','2021-10-17 21:16:50',5,7,0,0,NULL,NULL,'0.00','0.00',NULL,1,'2.00'),(1001,27,'GEN00279','FUEL PUMP GASKET 753-10802','2021-10-17 21:16:50',5,7,0,0,NULL,NULL,'0.00','0.00',NULL,1,'9.00'),(1002,27,'GEN00280','FUEL SOLENOID (KUBOTA)','2021-10-17 21:16:50',5,7,0,0,NULL,NULL,'0.00','0.00',NULL,1,'0.00'),(1003,27,'GEN00281','FUEL SOLENOID (LISTER PETTER)','2021-10-17 21:16:50',5,7,0,0,NULL,NULL,'0.00','0.00',NULL,1,'3.00'),(1004,27,'GEN00282','FUEL SOLENOID (PERKINS)','2021-10-17 21:16:50',5,7,0,0,NULL,NULL,'0.00','0.00',NULL,1,'6.00'),(1005,27,'GEN00283','FUEL SOLENOID BRACKET (757-22950)','2021-10-17 21:16:50',5,7,0,0,NULL,NULL,'0.00','0.00',NULL,1,'2.00'),(1006,27,'GEN00284','FUEL SOLENOID CLIP','2021-10-17 21:16:50',5,7,0,0,NULL,NULL,'0.00','0.00',NULL,1,'2.00'),(1007,27,'GEN00285','FUEL SOLENOID FUSE','2021-10-17 21:16:50',5,7,0,0,NULL,NULL,'0.00','0.00',NULL,1,'4.00'),(1008,27,'GEN00286','FUEL SOLENOID HOLDER LISTER','2021-10-17 21:16:50',5,7,0,0,NULL,NULL,'0.00','0.00',NULL,1,'4.00'),(1009,27,'GEN00287','FUEL SOLENOID KIRLOSKAR 0266310','2021-10-17 21:16:50',5,7,0,0,NULL,NULL,'0.00','0.00',NULL,1,'10.00'),(1010,27,'GEN00288','FUEL SOLENOID LISTER BRACKET 757-22950','2021-10-17 21:16:50',5,7,0,0,NULL,NULL,'0.00','0.00',NULL,1,'4.00'),(1011,27,'GEN00289','Fuel Solenoid Lister Locating Rod','2021-10-17 21:16:50',5,7,0,0,NULL,NULL,'0.00','0.00',NULL,1,'4.00'),(1012,27,'GEN00290','Fuel Solenoid Lister Nut M6','2021-10-17 21:16:50',5,7,0,0,NULL,NULL,'0.00','0.00',NULL,1,'5.00'),(1013,27,'GEN00291','Fuel Solenoid Lister Rod & Bracket assembly','2021-10-17 21:16:50',5,7,0,0,NULL,NULL,'0.00','0.00',NULL,1,'5.00'),(1014,27,'GEN00292','FUEL SOLENOID PERKINS 10000-60853','2021-10-17 21:16:50',5,7,0,0,NULL,NULL,'0.00','0.00',NULL,1,'10.00'),(1015,27,'GEN00293','FUEL SOLENOID PERKINS(10000-47899)','2021-10-17 21:16:50',5,7,0,0,NULL,NULL,'0.00','0.00',NULL,1,'3.00'),(1016,27,'GEN00294','FUEL SYSTEM CLEARING AND NOZZLE CALIBRATION','2021-10-17 21:16:50',5,7,0,0,NULL,NULL,'0.00','0.00',NULL,1,'5.00'),(1017,27,'GEN00295','FUEL TANK GAUGE PIPE','2021-10-17 21:16:50',5,7,0,0,NULL,NULL,'0.00','0.00',NULL,1,'5.00'),(1018,27,'GEN00296','FUEL T-JUNCTIONS','2021-10-17 21:16:50',5,7,0,0,NULL,NULL,'0.00','0.00',NULL,1,'1.00'),(1019,27,'GEN00297','FUSE (KUBOTA)','2021-10-17 21:16:50',5,7,0,0,NULL,NULL,'0.00','0.00',NULL,1,'8.00'),(1020,27,'GEN00298','FUSE (LISTER PETTER)','2021-10-17 21:16:50',5,7,0,0,NULL,NULL,'0.00','0.00',NULL,1,'9.00'),(1021,27,'GEN00299','FUSE (PERKINS)','2021-10-17 21:16:50',5,7,0,0,NULL,NULL,'0.00','0.00',NULL,1,'1.00'),(1022,27,'GEN00300','GALLON OF OIL (KUBOTA)','2021-10-17 21:16:50',5,7,0,0,NULL,NULL,'0.00','0.00',NULL,1,'9.00'),(1023,27,'GEN00301','GALLON OF OIL (LISTER PETTER)','2021-10-17 21:16:50',5,7,0,0,NULL,NULL,'0.00','0.00',NULL,1,'1.00'),(1024,27,'GEN00302','GALLON OF OIL (PERKINS)','2021-10-17 21:16:50',5,7,0,0,NULL,NULL,'0.00','0.00',NULL,1,'9.00'),(1025,27,'GEN00303','GASKET KIT (KUBOTA)','2021-10-17 21:16:50',5,7,0,0,NULL,NULL,'0.00','0.00',NULL,1,'10.00'),(1026,27,'GEN00304','GASKET KIT (LISTER PETTER)','2021-10-17 21:16:50',5,7,0,0,NULL,NULL,'0.00','0.00',NULL,1,'2.00'),(1027,27,'GEN00305','GASKET KIT (PERKINS)','2021-10-17 21:16:50',5,7,0,0,NULL,NULL,'0.00','0.00',NULL,1,'1.00'),(1028,27,'GEN00306','GATE MAGNET','2021-10-17 21:16:50',5,7,0,0,NULL,NULL,'0.00','0.00',NULL,1,'10.00'),(1029,27,'GEN00307','GAUGE(DIGITAL HOUR METER)','2021-10-17 21:16:50',5,7,0,0,NULL,NULL,'0.00','0.00',NULL,1,'6.00'),(1030,27,'GEN00308','GEN CIRCUIT BREAKER (KUBOTA)','2021-10-17 21:16:50',5,7,0,0,NULL,NULL,'0.00','0.00',NULL,1,'8.00'),(1031,27,'GEN00309','GEN CIRCUIT BREAKER (LISTER PETTER)','2021-10-17 21:16:50',5,7,0,0,NULL,NULL,'0.00','0.00',NULL,1,'5.00'),(1032,27,'GEN00310','GEN CIRCUIT BREAKER (PERKINS)','2021-10-17 21:16:50',5,7,0,0,NULL,NULL,'0.00','0.00',NULL,1,'10.00'),(1033,27,'GEN00311','GEN FAN BLADE PERKINS','2021-10-17 21:16:50',5,7,0,0,NULL,NULL,'0.00','0.00',NULL,1,'4.00'),(1034,27,'GEN00312','GENERATOR OVERHAUL LISTER 12.2KVA','2021-10-17 21:16:50',5,7,0,0,NULL,NULL,'0.00','0.00',NULL,1,'1.00'),(1035,27,'GEN00313','GENERATOR OVERHAUL LISTER 22KVA','2021-10-17 21:16:50',5,7,0,0,NULL,NULL,'0.00','0.00',NULL,1,'1.00'),(1036,27,'GEN00314','GENERATOR OVERHAUL LISTER 8.7KVA','2021-10-17 21:16:50',5,7,0,0,NULL,NULL,'0.00','0.00',NULL,1,'2.00'),(1037,27,'GEN00315','GENERATOR OVERHAUL PERKINS 10KVA','2021-10-17 21:16:50',5,7,0,0,NULL,NULL,'0.00','0.00',NULL,1,'8.00'),(1038,27,'GEN00316','GENERATOR OVERHAUL PERKINS 16KVA','2021-10-17 21:16:50',5,7,0,0,NULL,NULL,'0.00','0.00',NULL,1,'2.00'),(1039,27,'GEN00317','GENERATOR PCB CARD 650-091','2021-10-17 21:16:50',5,7,0,0,NULL,NULL,'0.00','0.00',NULL,1,'7.00'),(1040,27,'GEN00318','GOVERNER THRUST WASHER','2021-10-17 21:16:50',5,7,0,0,NULL,NULL,'0.00','0.00',NULL,1,'8.00'),(1041,27,'GEN00319','GOVERNER WEIGHT 751-12983','2021-10-17 21:16:50',5,7,0,0,NULL,NULL,'0.00','0.00',NULL,1,'1.00'),(1042,27,'GEN00320','GOVERNOR (Thrust)COLLAR (751-12823)','2021-10-17 21:16:50',5,7,0,0,NULL,NULL,'0.00','0.00',NULL,1,'10.00'),(1043,27,'GEN00321','GOVERNOR PINS (KUBOTA)','2021-10-17 21:16:50',5,7,0,0,NULL,NULL,'0.00','0.00',NULL,1,'6.00'),(1044,27,'GEN00322','GOVERNOR PINS (LISTER PETTER)','2021-10-17 21:16:50',5,7,0,0,NULL,NULL,'0.00','0.00',NULL,1,'2.00'),(1045,27,'GEN00323','GOVERNOR PINS (PERKINS)','2021-10-17 21:16:50',5,7,0,0,NULL,NULL,'0.00','0.00',NULL,1,'1.00'),(1046,27,'GEN00324','GOVERNOR UNIT (KUBOTA)','2021-10-17 21:16:50',5,7,0,0,NULL,NULL,'0.00','0.00',NULL,1,'8.00'),(1047,27,'GEN00325','GOVERNOR UNIT (LISTER PETTER)','2021-10-17 21:16:50',5,7,0,0,NULL,NULL,'0.00','0.00',NULL,1,'8.00'),(1048,27,'GEN00326','GOVERNOR UNIT (PERKINS)','2021-10-17 21:16:50',5,7,0,0,NULL,NULL,'0.00','0.00',NULL,1,'6.00'),(1049,27,'GEN00327','GRINDING PASTE','2021-10-17 21:16:50',5,7,0,0,NULL,NULL,'0.00','0.00',NULL,1,'4.00'),(1050,27,'GEN00328','HARNESS CABLE','2021-10-17 21:16:50',5,7,0,0,NULL,NULL,'0.00','0.00',NULL,1,'5.00'),(1051,27,'GEN00329','HARNESS CABLE 917-652','2021-10-17 21:16:50',5,7,0,0,NULL,NULL,'0.00','0.00',NULL,1,'3.00'),(1052,27,'GEN00330','HEATER PLUG PERKINS 40KVA (998-699)','2021-10-17 21:16:50',5,7,0,0,NULL,NULL,'0.00','0.00',NULL,1,'9.00'),(1053,27,'GEN00331','HEATER PLUGS (LISTER PETTER)','2021-10-17 21:16:50',5,7,0,0,NULL,NULL,'0.00','0.00',NULL,1,'8.00'),(1054,27,'GEN00332','HEATER, DELAY TIMERS (LISTER PETTER)','2021-10-17 21:16:50',5,7,0,0,NULL,NULL,'0.00','0.00',NULL,1,'2.00'),(1055,27,'GEN00333','HEATER, DELAY TIMERS (PERKINS)','2021-10-17 21:16:50',5,7,0,0,NULL,NULL,'0.00','0.00',NULL,1,'6.00'),(1056,27,'GEN00334','HIGH  FUEL PROBES (KUBOTA)','2021-10-17 21:16:50',5,7,0,0,NULL,NULL,'0.00','0.00',NULL,1,'4.00'),(1057,27,'GEN00335','HIGH  FUEL PROBES (LISTER PETTER)','2021-10-17 21:16:50',5,7,0,0,NULL,NULL,'0.00','0.00',NULL,1,'1.00'),(1058,27,'GEN00336','HIGH  FUEL PROBES (PERKINS)','2021-10-17 21:16:50',5,7,0,0,NULL,NULL,'0.00','0.00',NULL,1,'5.00'),(1059,27,'GEN00337','HOSE PIPE -COOLANT (KUBOTA)','2021-10-17 21:16:50',5,7,0,0,NULL,NULL,'0.00','0.00',NULL,1,'0.00'),(1060,27,'GEN00338','HOSE PIPE -COOLANT (LISTER PETTER)','2021-10-17 21:16:50',5,7,0,0,NULL,NULL,'0.00','0.00',NULL,1,'7.00'),(1061,27,'GEN00339','HOSE PIPE -COOLANT (PERKINS)','2021-10-17 21:16:50',5,7,0,0,NULL,NULL,'0.00','0.00',NULL,1,'2.00'),(1062,27,'GEN00340','HOSE PIPE -WATER (KUBOTA)','2021-10-17 21:16:50',5,7,0,0,NULL,NULL,'0.00','0.00',NULL,1,'1.00'),(1063,27,'GEN00341','HOSE PIPE -WATER (LISTER PETTER)','2021-10-17 21:16:50',5,7,0,0,NULL,NULL,'0.00','0.00',NULL,1,'8.00'),(1064,27,'GEN00342','HOSE PIPE -WATER (PERKINS)','2021-10-17 21:16:50',5,7,0,0,NULL,NULL,'0.00','0.00',NULL,1,'9.00'),(1065,27,'GEN00343','HOSE PIPE-CLIP','2021-10-17 21:16:50',5,7,0,0,NULL,NULL,'0.00','0.00',NULL,1,'10.00'),(1066,27,'GEN00344','HOUR METER (ANALOG)','2021-10-17 21:16:50',5,7,0,0,NULL,NULL,'0.00','0.00',NULL,1,'3.00'),(1067,27,'GEN00345','HOUR METER (DIGITAL)','2021-10-17 21:16:50',5,7,0,0,NULL,NULL,'0.00','0.00',NULL,1,'4.00'),(1068,27,'GEN00346','HUAFENG CHARGING ALTERNATOR','2021-10-17 21:16:50',5,7,0,0,NULL,NULL,'0.00','0.00',NULL,1,'3.00'),(1069,27,'GEN00347','HUAFENG WATER PUMP','2021-10-17 21:16:50',5,7,0,0,NULL,NULL,'0.00','0.00',NULL,1,'2.00'),(1070,27,'GEN00348','INJECTION PIPE (10000-01545)','2021-10-17 21:16:50',5,7,0,0,NULL,NULL,'0.00','0.00',NULL,1,'10.00'),(1071,27,'GEN00349','INJECTION PIPE (915-131)','2021-10-17 21:16:50',5,7,0,0,NULL,NULL,'0.00','0.00',NULL,1,'4.00'),(1072,27,'GEN00350','INJECTION PIPE (915-132)','2021-10-17 21:16:50',5,7,0,0,NULL,NULL,'0.00','0.00',NULL,1,'10.00'),(1073,27,'GEN00351','INJECTION PIPE PERKINS','2021-10-17 21:16:50',5,7,0,0,NULL,NULL,'0.00','0.00',NULL,1,'8.00'),(1074,27,'GEN00352','INJECTOR FUEL PIPE','2021-10-17 21:16:50',5,7,0,0,NULL,NULL,'0.00','0.00',NULL,1,'1.00'),(1075,27,'GEN00353','INJECTOR NOZZLE COPPER WASHERS','2021-10-17 21:16:50',5,7,0,0,NULL,NULL,'0.00','0.00',NULL,1,'2.00'),(1076,27,'GEN00354','INJECTOR NOZZLE TIPS (PERKINS)','2021-10-17 21:16:50',5,7,0,0,NULL,NULL,'0.00','0.00',NULL,1,'5.00'),(1077,27,'GEN00355','INJECTOR NOZZLES (LISTER PETTER)','2021-10-17 21:16:50',5,7,0,0,NULL,NULL,'0.00','0.00',NULL,1,'9.00'),(1078,27,'GEN00356','INJECTOR NOZZLES (PERKINS)','2021-10-17 21:16:50',5,7,0,0,NULL,NULL,'0.00','0.00',NULL,1,'1.00'),(1079,27,'GEN00357','INJECTOR NOZZLES TIPS LISTER (751-15871)','2021-10-17 21:16:50',5,7,0,0,NULL,NULL,'0.00','0.00',NULL,1,'6.00'),(1080,27,'GEN00358','INJECTOR PUMP (LISTER PETTER)','2021-10-17 21:16:50',5,7,0,0,NULL,NULL,'0.00','0.00',NULL,1,'8.00'),(1081,27,'GEN00359','INJECTOR PUMP 4CYL (PERKINS)','2021-10-17 21:16:50',5,7,0,0,NULL,NULL,'0.00','0.00',NULL,1,'1.00'),(1082,27,'GEN00360','INJECTOR PUMP BUNGLE BOLT','2021-10-17 21:16:50',5,7,0,0,NULL,NULL,'0.00','0.00',NULL,1,'1.00'),(1083,27,'GEN00361','INJECTOR PUMP GASKET','2021-10-17 21:16:50',5,7,0,0,NULL,NULL,'0.00','0.00',NULL,1,'3.00'),(1084,27,'GEN00362','Injector Pump Lister (Fuel pumps complete) 751-413','2021-10-17 21:16:50',5,7,0,0,NULL,NULL,'0.00','0.00',NULL,1,'2.00'),(1085,27,'GEN00363','INJECTOR PUMP PERKINS 3 CYLINDERS','2021-10-17 21:16:50',5,7,0,0,NULL,NULL,'0.00','0.00',NULL,1,'10.00'),(1086,27,'GEN00364','INJECTOR PUMP PLUNGER (KUBOTA)','2021-10-17 21:16:50',5,7,0,0,NULL,NULL,'0.00','0.00',NULL,1,'3.00'),(1087,27,'GEN00365','INJECTOR PUMP PLUNGER (LISTER PETTER)','2021-10-17 21:16:50',5,7,0,0,NULL,NULL,'0.00','0.00',NULL,1,'5.00'),(1088,27,'GEN00366','INJECTOR PUMP PLUNGER (PERKINS)','2021-10-17 21:16:50',5,7,0,0,NULL,NULL,'0.00','0.00',NULL,1,'8.00'),(1089,27,'GEN00367','INJECTOR PUMP RACK SPACER','2021-10-17 21:16:50',5,7,0,0,NULL,NULL,'0.00','0.00',NULL,1,'5.00'),(1090,27,'GEN00368','INJECTOR PUMP REPAIRS','2021-10-17 21:16:50',5,7,0,0,NULL,NULL,'0.00','0.00',NULL,1,'0.00'),(1091,27,'GEN00369','INJECTOR PUMP SERVICE KIT 404','2021-10-17 21:16:50',5,7,0,0,NULL,NULL,'0.00','0.00',NULL,1,'6.00'),(1092,27,'GEN00370','INJECTOR PUMP SERVICE KIT PERKINS 403','2021-10-17 21:16:50',5,7,0,0,NULL,NULL,'0.00','0.00',NULL,1,'1.00'),(1093,27,'GEN00371','INJECTOR WASHER (LISTER PETTER)','2021-10-17 21:16:50',5,7,0,0,NULL,NULL,'0.00','0.00',NULL,1,'7.00'),(1094,27,'GEN00372','INJECTOR WASHER (PERKINS)','2021-10-17 21:16:50',5,7,0,0,NULL,NULL,'0.00','0.00',NULL,1,'2.00'),(1095,27,'GEN00373','INLET MANIFOLD GASKET 751-11171','2021-10-17 21:16:50',5,7,0,0,NULL,NULL,'0.00','0.00',NULL,1,'7.00'),(1096,27,'GEN00374','INLET MANIFOLD JOINT (KUBOTA)','2021-10-17 21:16:50',5,7,0,0,NULL,NULL,'0.00','0.00',NULL,1,'1.00'),(1097,27,'GEN00375','INLET MANIFOLD JOINT (LISTER PETTER)','2021-10-17 21:16:50',5,7,0,0,NULL,NULL,'0.00','0.00',NULL,1,'4.00'),(1098,27,'GEN00376','INLET MANIFOLD JOINT (PERKINS)','2021-10-17 21:16:50',5,7,0,0,NULL,NULL,'0.00','0.00',NULL,1,'5.00'),(1099,27,'GEN00377','INLET VALVES (KUBOTA)','2021-10-17 21:16:50',5,7,0,0,NULL,NULL,'0.00','0.00',NULL,1,'3.00'),(1100,27,'GEN00378','INLET VALVES (LISTER PETTER)','2021-10-17 21:16:50',5,7,0,0,NULL,NULL,'0.00','0.00',NULL,1,'0.00'),(1101,27,'GEN00379','INLET VALVES (PERKINS)','2021-10-17 21:16:50',5,7,0,0,NULL,NULL,'0.00','0.00',NULL,1,'3.00'),(1102,27,'GEN00380','INTERFACE MODULE','2021-10-17 21:16:50',5,7,0,0,NULL,NULL,'0.00','0.00',NULL,1,'3.00'),(1103,27,'GEN00381','INTERPHASE MODULE FUSE','2021-10-17 21:16:50',5,7,0,0,NULL,NULL,'0.00','0.00',NULL,1,'5.00'),(1104,27,'GEN00382','INVERTER CHARGER PB3048PX','2021-10-17 21:16:50',5,7,0,0,NULL,NULL,'0.00','0.00',NULL,1,'9.00'),(1105,27,'GEN00383','LABOUR FOR REPAIRS','2021-10-17 21:16:50',5,7,0,0,NULL,NULL,'0.00','0.00',NULL,1,'9.00'),(1106,27,'GEN00384','LABOUR FOR REWINDING AND TESTING','2021-10-17 21:16:50',5,7,0,0,NULL,NULL,'0.00','0.00',NULL,1,'7.00'),(1107,27,'GEN00385','LIFT PUMP (KUBOTA)','2021-10-17 21:16:50',5,7,0,0,NULL,NULL,'0.00','0.00',NULL,1,'8.00'),(1108,27,'GEN00386','LIFT PUMP (LISTER PETTER)','2021-10-17 21:16:50',5,7,0,0,NULL,NULL,'0.00','0.00',NULL,1,'7.00'),(1109,27,'GEN00387','LIFT PUMP (PERKINS)','2021-10-17 21:16:50',5,7,0,0,NULL,NULL,'0.00','0.00',NULL,1,'4.00'),(1110,27,'GEN00388','LIGHTENING ARRESTOR (KUBOTA)','2021-10-17 21:16:50',5,7,0,0,NULL,NULL,'0.00','0.00',NULL,1,'8.00'),(1111,27,'GEN00389','LIGHTENING ARRESTOR (LISTER PETTER)','2021-10-17 21:16:50',5,7,0,0,NULL,NULL,'0.00','0.00',NULL,1,'7.00'),(1112,27,'GEN00390','LIGHTENING ARRESTOR (PERKINS)','2021-10-17 21:16:50',5,7,0,0,NULL,NULL,'0.00','0.00',NULL,1,'1.00'),(1113,27,'GEN00391','LIGHTING TUBES (KUBOTA)','2021-10-17 21:16:50',5,7,0,0,NULL,NULL,'0.00','0.00',NULL,1,'6.00'),(1114,27,'GEN00392','LIGHTING TUBES (LISTER PETTER)','2021-10-17 21:16:50',5,7,0,0,NULL,NULL,'0.00','0.00',NULL,1,'5.00'),(1115,27,'GEN00393','LIGHTING TUBES (PERKINS)','2021-10-17 21:16:50',5,7,0,0,NULL,NULL,'0.00','0.00',NULL,1,'6.00'),(1116,27,'GEN00394','LISTER AVR 4.5KVA (PORTABLE)','2021-10-17 21:16:50',5,7,0,0,NULL,NULL,'0.00','0.00',NULL,1,'5.00'),(1117,27,'GEN00395','LISTER DIODES(Stamford)','2021-10-17 21:16:50',5,7,0,0,NULL,NULL,'0.00','0.00',NULL,1,'9.00'),(1118,27,'GEN00396','LISTER PETTER BLOCK RESLEVED GREEN','2021-10-17 21:16:50',5,7,0,0,NULL,NULL,'0.00','0.00',NULL,1,'0.00'),(1119,27,'GEN00397','LISTER SOLENOID BRACKET','2021-10-17 21:16:50',5,7,0,0,NULL,NULL,'0.00','0.00',NULL,1,'4.00'),(1120,27,'GEN00398','lister solenoid plate','2021-10-17 21:16:50',5,7,0,0,NULL,NULL,'0.00','0.00',NULL,1,'8.00'),(1121,27,'GEN00399','LOCATING ROD 757-24730','2021-10-17 21:16:50',5,7,0,0,NULL,NULL,'0.00','0.00',NULL,1,'0.00'),(1122,27,'GEN00400','LOW FUEL PROBES (KUBOTA)','2021-10-17 21:16:50',5,7,0,0,NULL,NULL,'0.00','0.00',NULL,1,'7.00'),(1123,27,'GEN00401','LOW FUEL PROBES (LISTER PETTER)','2021-10-17 21:16:50',5,7,0,0,NULL,NULL,'0.00','0.00',NULL,1,'2.00'),(1124,27,'GEN00402','LOW FUEL PROBES (PERKINS)','2021-10-17 21:16:50',5,7,0,0,NULL,NULL,'0.00','0.00',NULL,1,'1.00'),(1125,27,'GEN00403','LOWER RADIATOR METAL GUARD','2021-10-17 21:16:50',5,7,0,0,NULL,NULL,'0.00','0.00',NULL,1,'0.00'),(1126,27,'GEN00404','LPW3 OVERHAUL GASKET','2021-10-17 21:16:50',5,7,0,0,NULL,NULL,'0.00','0.00',NULL,1,'7.00'),(1127,27,'GEN00405','MAGNETIC PICK UP (LISTER PETTER)','2021-10-17 21:16:50',5,7,0,0,NULL,NULL,'0.00','0.00',NULL,1,'6.00'),(1128,27,'GEN00406','MAGNETIC PICK UP (Perkins:-171-233)','2021-10-17 21:16:50',5,7,0,0,NULL,NULL,'0.00','0.00',NULL,1,'6.00'),(1129,27,'GEN00407','MAGNETIC PICK UP (PERKINS:-171-257)','2021-10-17 21:16:50',5,7,0,0,NULL,NULL,'0.00','0.00',NULL,1,'4.00'),(1130,27,'GEN00408','MAGNETIC PICK UP 171-186','2021-10-17 21:16:50',5,7,0,0,NULL,NULL,'0.00','0.00',NULL,1,'2.00'),(1131,27,'GEN00409','MAGNETIC PICK UP CONNECTOR 610-590','2021-10-17 21:16:50',5,7,0,0,NULL,NULL,'0.00','0.00',NULL,1,'7.00'),(1132,27,'GEN00410','MAGNETIC PICK UP PINS 610-591','2021-10-17 21:16:50',5,7,0,0,NULL,NULL,'0.00','0.00',NULL,1,'9.00'),(1133,27,'GEN00411','MAGNETIC PICKUP  PERKINS (171-232)','2021-10-17 21:16:50',5,7,0,0,NULL,NULL,'0.00','0.00',NULL,1,'5.00'),(1134,27,'GEN00412','MAGNETIC PICK-UP LISTER 171-189','2021-10-17 21:16:50',5,7,0,0,NULL,NULL,'0.00','0.00',NULL,1,'6.00'),(1135,27,'GEN00413','MAIN  BEARING PERKINS(3 CYL) 915-636','2021-10-17 21:16:50',5,7,0,0,NULL,NULL,'0.00','0.00',NULL,1,'7.00'),(1136,27,'GEN00414','MAIN ALTERNATOR (KUBOTA)','2021-10-17 21:16:50',5,7,0,0,NULL,NULL,'0.00','0.00',NULL,1,'5.00'),(1137,27,'GEN00415','MAIN ALTERNATOR (PERKINS)','2021-10-17 21:16:50',5,7,0,0,NULL,NULL,'0.00','0.00',NULL,1,'4.00'),(1138,27,'GEN00416','MAIN ALTERNATOR BEARING 6207','2021-10-17 21:16:50',5,7,0,0,NULL,NULL,'0.00','0.00',NULL,1,'7.00'),(1139,27,'GEN00417','MAIN ALTERNATOR BEARING 6306','2021-10-17 21:16:50',5,7,0,0,NULL,NULL,'0.00','0.00',NULL,1,'0.00'),(1140,27,'GEN00418','MAIN ALTERNATOR BEARING LISTER','2021-10-17 21:16:50',5,7,0,0,NULL,NULL,'0.00','0.00',NULL,1,'1.00'),(1141,27,'GEN00419','MAIN ALTERNATOR EXCITATION REWINDING','2021-10-17 21:16:50',5,7,0,0,NULL,NULL,'0.00','0.00',NULL,1,'5.00'),(1142,27,'GEN00420','MAIN BEARING 750-11210','2021-10-17 21:16:50',5,7,0,0,NULL,NULL,'0.00','0.00',NULL,1,'4.00'),(1143,27,'GEN00421','MAIN BEARING 750-11240','2021-10-17 21:16:50',5,7,0,0,NULL,NULL,'0.00','0.00',NULL,1,'2.00'),(1144,27,'GEN00422','MAIN BEARING PERKINS(4CYL)984-856','2021-10-17 21:16:50',5,7,0,0,NULL,NULL,'0.00','0.00',NULL,1,'1.00'),(1145,27,'GEN00423','MAIN BEARINGS 3CYL (LISTER PETTER)','2021-10-17 21:16:50',5,7,0,0,NULL,NULL,'0.00','0.00',NULL,1,'7.00'),(1146,27,'GEN00424','MAIN BEARINGS 998-648 (PERKINS)','2021-10-17 21:16:50',5,7,0,0,NULL,NULL,'0.00','0.00',NULL,1,'3.00'),(1147,27,'GEN00425','MAIN BEARINGS-CENTRE (KUBOTA)','2021-10-17 21:16:50',5,7,0,0,NULL,NULL,'0.00','0.00',NULL,1,'5.00'),(1148,27,'GEN00426','MAIN BEARINGS-FLYWHEEL (KUBOTA)','2021-10-17 21:16:50',5,7,0,0,NULL,NULL,'0.00','0.00',NULL,1,'6.00'),(1149,27,'GEN00427','MAIN BEARINGS-FLYWHEEL (LISTER PETTER)','2021-10-17 21:16:50',5,7,0,0,NULL,NULL,'0.00','0.00',NULL,1,'4.00'),(1150,27,'GEN00428','MAIN BEARINGS-FLYWHEEL (PERKINS)','2021-10-17 21:16:50',5,7,0,0,NULL,NULL,'0.00','0.00',NULL,1,'3.00'),(1151,27,'GEN00429','MAIN DRIVE COUPLING PLATE','2021-10-17 21:16:50',5,7,0,0,NULL,NULL,'0.00','0.00',NULL,1,'3.00'),(1152,27,'GEN00430','MAIN STATOR REWINDING','2021-10-17 21:16:50',5,7,0,0,NULL,NULL,'0.00','0.00',NULL,1,'8.00'),(1153,27,'GEN00431','MAIN STATOR REWINDING MATERIALS (KUBOTA)','2021-10-17 21:16:50',5,7,0,0,NULL,NULL,'0.00','0.00',NULL,1,'8.00'),(1154,27,'GEN00432','MAIN STATOR REWINDING MATERIALS (PERKINS)','2021-10-17 21:16:50',5,7,0,0,NULL,NULL,'0.00','0.00',NULL,1,'5.00'),(1155,27,'GEN00433','MAJOR RADIATOR REPAIRS,CLEANING AND DESCALING','2021-10-17 21:16:50',5,7,0,0,NULL,NULL,'0.00','0.00',NULL,1,'4.00'),(1156,27,'GEN00434','MANIFOLD  MXC 2669','2021-10-17 21:16:50',5,7,0,0,NULL,NULL,'0.00','0.00',NULL,1,'2.00'),(1157,27,'GEN00435','MANIFOLD GASKET KIT {LPW4 _751-10103)','2021-10-17 21:16:50',5,7,0,0,NULL,NULL,'0.00','0.00',NULL,1,'0.00'),(1158,27,'GEN00436','MANIFOLD JOINT(inlet gasket) 751-11121','2021-10-17 21:16:50',5,7,0,0,NULL,NULL,'0.00','0.00',NULL,1,'4.00'),(1159,27,'GEN00437','MANIFOLD JOINT(Outlet Gasket) 751-10103','2021-10-17 21:16:50',5,7,0,0,NULL,NULL,'0.00','0.00',NULL,1,'9.00'),(1160,27,'GEN00438','MANIFOLD MXC 2668','2021-10-17 21:16:50',5,7,0,0,NULL,NULL,'0.00','0.00',NULL,1,'5.00'),(1161,27,'GEN00439','MILD STEEL ROD','2021-10-17 21:16:50',5,7,0,0,NULL,NULL,'0.00','0.00',NULL,1,'7.00'),(1162,27,'GEN00440','NUT 272-00372','2021-10-17 21:16:50',5,7,0,0,NULL,NULL,'0.00','0.00',NULL,1,'9.00'),(1163,27,'GEN00441','NUT M5','2021-10-17 21:16:50',5,7,0,0,NULL,NULL,'0.00','0.00',NULL,1,'7.00'),(1164,27,'GEN00442','NUT M6','2021-10-17 21:16:50',5,7,0,0,NULL,NULL,'0.00','0.00',NULL,1,'6.00'),(1165,27,'GEN00443','\'O\' RINGS LISTER(TOP COVER)','2021-10-17 21:16:50',5,7,0,0,NULL,NULL,'0.00','0.00',NULL,1,'7.00'),(1166,27,'GEN00444','OIL (Rubia TIR 7400) 15W40 CARTON 4*5L','2021-10-17 21:16:50',5,7,0,0,NULL,NULL,'0.00','0.00',NULL,1,'9.00'),(1167,27,'GEN00445','OIL FILTER  SDMO 22KVA (LF3665)','2021-10-17 21:16:50',5,7,0,0,NULL,NULL,'0.00','0.00',NULL,1,'4.00'),(1168,27,'GEN00446','OIL FILTER (KUBOTA P550162)','2021-10-17 21:16:50',5,7,0,0,NULL,NULL,'0.00','0.00',NULL,1,'4.00'),(1169,27,'GEN00447','OIL FILTER (LP 328-21600)','2021-10-17 21:16:50',5,7,0,0,NULL,NULL,'0.00','0.00',NULL,1,'9.00'),(1170,27,'GEN00448','OIL FILTER (LPW 328-11500)','2021-10-17 21:16:50',5,7,0,0,NULL,NULL,'0.00','0.00',NULL,1,'10.00'),(1171,27,'GEN00449','OIL FILTER (PERKINS 901-104)','2021-10-17 21:16:50',5,7,0,0,NULL,NULL,'0.00','0.00',NULL,1,'4.00'),(1172,27,'GEN00450','OIL FILTER (PERKINS 915-155)','2021-10-17 21:16:50',5,7,0,0,NULL,NULL,'0.00','0.00',NULL,1,'9.00'),(1173,27,'GEN00451','OIL FILTER 328-11500','2021-10-17 21:16:50',5,7,0,0,NULL,NULL,'0.00','0.00',NULL,1,'4.00'),(1174,27,'GEN00452','OIL FILTER CUMMINS (0122-0922)','2021-10-17 21:16:50',5,7,0,0,NULL,NULL,'0.00','0.00',NULL,1,'4.00'),(1175,27,'GEN00453','OIL FILTER KALA 15KVA (Kirloskar)','2021-10-17 21:16:50',5,7,0,0,NULL,NULL,'0.00','0.00',NULL,1,'5.00'),(1176,27,'GEN00454','OIL FILTER PERKINS 110KVA (901-103)','2021-10-17 21:16:50',5,7,0,0,NULL,NULL,'0.00','0.00',NULL,1,'5.00'),(1177,27,'GEN00455','OIL FILTER PERKINS(901-102)','2021-10-17 21:16:50',5,7,0,0,NULL,NULL,'0.00','0.00',NULL,1,'9.00'),(1178,27,'GEN00456','OIL FILTER SDMO 44KVA (LF3665)','2021-10-17 21:16:50',5,7,0,0,NULL,NULL,'0.00','0.00',NULL,1,'1.00'),(1179,27,'GEN00457','OIL FILTER WRETCH','2021-10-17 21:16:50',5,7,0,0,NULL,NULL,'0.00','0.00',NULL,1,'6.00'),(1180,27,'GEN00458','OIL PRESSURE SENDER (LISTER PETTER)','2021-10-17 21:16:50',5,7,0,0,NULL,NULL,'0.00','0.00',NULL,1,'9.00'),(1181,27,'GEN00459','OIL PRESSURE SENDER (PERKINS)','2021-10-17 21:16:50',5,7,0,0,NULL,NULL,'0.00','0.00',NULL,1,'6.00'),(1182,27,'GEN00460','OIL PRESSURE SWITCH  757-15420','2021-10-17 21:16:50',5,7,0,0,NULL,NULL,'0.00','0.00',NULL,1,'2.00'),(1183,27,'GEN00461','OIL PRESSURE SWITCH (KUBOTA)','2021-10-17 21:16:50',5,7,0,0,NULL,NULL,'0.00','0.00',NULL,1,'5.00'),(1184,27,'GEN00462','OIL PRESSURE SWITCH (LISTER PETTER)','2021-10-17 21:16:50',5,7,0,0,NULL,NULL,'0.00','0.00',NULL,1,'7.00'),(1185,27,'GEN00463','OIL PRESSURE SWITCH (PERKINS)','2021-10-17 21:16:50',5,7,0,0,NULL,NULL,'0.00','0.00',NULL,1,'10.00'),(1186,27,'GEN00464','OIL PRESSURE SWITCH 10000-48455','2021-10-17 21:16:50',5,7,0,0,NULL,NULL,'0.00','0.00',NULL,1,'9.00'),(1187,27,'GEN00465','OIL PRESSURE SWITCH 622-333','2021-10-17 21:16:50',5,7,0,0,NULL,NULL,'0.00','0.00',NULL,1,'6.00'),(1188,27,'GEN00466','OIL PUMP (KUBOTA)','2021-10-17 21:16:50',5,7,0,0,NULL,NULL,'0.00','0.00',NULL,1,'0.00'),(1189,27,'GEN00467','OIL PUMP (LISTER PETTER)','2021-10-17 21:16:50',5,7,0,0,NULL,NULL,'0.00','0.00',NULL,1,'6.00'),(1190,27,'GEN00468','OIL PUMP (PERKINS)','2021-10-17 21:16:50',5,7,0,0,NULL,NULL,'0.00','0.00',NULL,1,'7.00'),(1191,27,'GEN00469','OIL PUMP 750-12021','2021-10-17 21:16:51',5,7,0,0,NULL,NULL,'0.00','0.00',NULL,1,'6.00'),(1192,27,'GEN00470','OIL SEAL FRONT PERKINS','2021-10-17 21:16:51',5,7,0,0,NULL,NULL,'0.00','0.00',NULL,1,'0.00'),(1193,27,'GEN00471','OIL SEAL LISTER','2021-10-17 21:16:51',5,7,0,0,NULL,NULL,'0.00','0.00',NULL,1,'4.00'),(1194,27,'GEN00472','OIL SENSOR (KUBOTA)','2021-10-17 21:16:51',5,7,0,0,NULL,NULL,'0.00','0.00',NULL,1,'9.00'),(1195,27,'GEN00473','OIL SENSOR (LISTER PETTER) 622-332','2021-10-17 21:16:51',5,7,0,0,NULL,NULL,'0.00','0.00',NULL,1,'1.00'),(1196,27,'GEN00474','OIL SENSOR (PERKINS)','2021-10-17 21:16:51',5,7,0,0,NULL,NULL,'0.00','0.00',NULL,1,'1.00'),(1197,27,'GEN00475','OIL SENSOR PERKINS','2021-10-17 21:16:51',5,7,0,0,NULL,NULL,'0.00','0.00',NULL,1,'10.00'),(1198,27,'GEN00476','OIL TEMPERATURE SENDER (KUBOTA)','2021-10-17 21:16:51',5,7,0,0,NULL,NULL,'0.00','0.00',NULL,1,'7.00'),(1199,27,'GEN00477','OIL TEMPERATURE SENDER (LISTER PETTER)','2021-10-17 21:16:51',5,7,0,0,NULL,NULL,'0.00','0.00',NULL,1,'6.00'),(1200,27,'GEN00478','OIL TEMPERATURE SENDER (PERKINS)','2021-10-17 21:16:51',5,7,0,0,NULL,NULL,'0.00','0.00',NULL,1,'8.00'),(1201,27,'GEN00479','OLIVE (KUBOTA)','2021-10-17 21:16:51',5,7,0,0,NULL,NULL,'0.00','0.00',NULL,1,'4.00'),(1202,27,'GEN00480','OLIVE (LISTER PETTER)','2021-10-17 21:16:51',5,7,0,0,NULL,NULL,'0.00','0.00',NULL,1,'3.00'),(1203,27,'GEN00481','OLIVE (PERKINS)','2021-10-17 21:16:51',5,7,0,0,NULL,NULL,'0.00','0.00',NULL,1,'5.00'),(1204,27,'GEN00482','OVERHAUL GASKET (KUBOTA)','2021-10-17 21:16:51',5,7,0,0,NULL,NULL,'0.00','0.00',NULL,1,'4.00'),(1205,27,'GEN00483','OVERHAUL GASKET (LISTER PETTER)','2021-10-17 21:16:51',5,7,0,0,NULL,NULL,'0.00','0.00',NULL,1,'7.00'),(1206,27,'GEN00484','OVERHAUL GASKET 3CYL (PERKINS) 916-401','2021-10-17 21:16:51',5,7,0,0,NULL,NULL,'0.00','0.00',NULL,1,'3.00'),(1207,27,'GEN00485','OVERHAUL GASKET 657-34281','2021-10-17 21:16:51',5,7,0,0,NULL,NULL,'0.00','0.00',NULL,1,'2.00'),(1208,27,'GEN00486','OVERHAUL GASKET 934-660','2021-10-17 21:16:51',5,7,0,0,NULL,NULL,'0.00','0.00',NULL,1,'1.00'),(1209,27,'GEN00487','OVERHAUL GASKET 996-440','2021-10-17 21:16:51',5,7,0,0,NULL,NULL,'0.00','0.00',NULL,1,'9.00'),(1210,27,'GEN00488','OVERHAUL GASKET KIT (KUBOTA)','2021-10-17 21:16:51',5,7,0,0,NULL,NULL,'0.00','0.00',NULL,1,'3.00'),(1211,27,'GEN00489','OVERHAUL GASKET KIT (LISTER PETTER)','2021-10-17 21:16:51',5,7,0,0,NULL,NULL,'0.00','0.00',NULL,1,'6.00'),(1212,27,'GEN00490','OVERHAUL GASKET KIT (PERKINS)','2021-10-17 21:16:51',5,7,0,0,NULL,NULL,'0.00','0.00',NULL,1,'2.00'),(1213,27,'GEN00491','OVERHAUL GASKET KIT PERKINS 4 CYLINDER','2021-10-17 21:16:51',5,7,0,0,NULL,NULL,'0.00','0.00',NULL,1,'3.00'),(1214,27,'GEN00492','OVERHAUL GASKET LPW3 657-34261','2021-10-17 21:16:51',5,7,0,0,NULL,NULL,'0.00','0.00',NULL,1,'8.00'),(1215,27,'GEN00493','PCB CARD (LISTER PETTER)','2021-10-17 21:16:51',5,7,0,0,NULL,NULL,'0.00','0.00',NULL,1,'0.00'),(1216,27,'GEN00494','PCB CARD (PERKINS)','2021-10-17 21:16:51',5,7,0,0,NULL,NULL,'0.00','0.00',NULL,1,'8.00'),(1217,27,'GEN00495','PCB CARD 650-091','2021-10-17 21:16:51',5,7,0,0,NULL,NULL,'0.00','0.00',NULL,1,'8.00'),(1218,27,'GEN00496','PERKINS 403 RESLEEVED BLUE AND YELLOW COVER','2021-10-17 21:16:51',5,7,0,0,NULL,NULL,'0.00','0.00',NULL,1,'5.00'),(1219,27,'GEN00497','PERKINS CHARGING ALTERNATOR (10000-61332) ','2021-10-17 21:16:51',5,7,0,0,NULL,NULL,'0.00','0.00',NULL,1,'4.00'),(1220,27,'GEN00498','PERKINS DIODES 922-220','2021-10-17 21:16:51',5,7,0,0,NULL,NULL,'0.00','0.00',NULL,1,'2.00'),(1221,27,'GEN00499','PERKINS DJ HOSE FOR AIRCLEANER','2021-10-17 21:16:51',5,7,0,0,NULL,NULL,'0.00','0.00',NULL,1,'10.00'),(1222,27,'GEN00500','PERKINS INJECTOR PUMP REPAIR','2021-10-17 21:16:51',5,7,0,0,NULL,NULL,'0.00','0.00',NULL,1,'3.00'),(1223,27,'GEN00501','PERKINS INJECTOR SHIM 915-591','2021-10-17 21:16:51',5,7,0,0,NULL,NULL,'0.00','0.00',NULL,1,'7.00'),(1224,27,'GEN00502','PERKINS INJECTOR SHIM 915-593','2021-10-17 21:16:51',5,7,0,0,NULL,NULL,'0.00','0.00',NULL,1,'7.00'),(1225,27,'GEN00503','PERKINS WATER PUMP (KUBOTA)','2021-10-17 21:16:51',5,7,0,0,NULL,NULL,'0.00','0.00',NULL,1,'0.00'),(1226,27,'GEN00504','PERKINS WATER PUMP (LISTER PETTER)','2021-10-17 21:16:51',5,7,0,0,NULL,NULL,'0.00','0.00',NULL,1,'2.00'),(1227,27,'GEN00505','PERKINS WATER PUMP (PERKINS)','2021-10-17 21:16:51',5,7,0,0,NULL,NULL,'0.00','0.00',NULL,1,'0.00'),(1228,27,'GEN00506','PHASE FAILURE RELAY','2021-10-17 21:16:51',5,7,0,0,NULL,NULL,'0.00','0.00',NULL,1,'5.00'),(1229,27,'GEN00507','PISTON ASSY 750-41610 (LISTER PETTER)','2021-10-17 21:16:51',5,7,0,0,NULL,NULL,'0.00','0.00',NULL,1,'2.00'),(1230,27,'GEN00508','PISTON ASSY PERKINS 10000-05321/05805','2021-10-17 21:16:51',5,7,0,0,NULL,NULL,'0.00','0.00',NULL,1,'7.00'),(1231,27,'GEN00509','PISTON LPW4 750-42230','2021-10-17 21:16:51',5,7,0,0,NULL,NULL,'0.00','0.00',NULL,1,'8.00'),(1232,27,'GEN00510','PISTON PERKINS PER UNIT','2021-10-17 21:16:51',5,7,0,0,NULL,NULL,'0.00','0.00',NULL,1,'8.00'),(1233,27,'GEN00511','PISTON RINGS FG Wilson Type Lister Petter LPW4','2021-10-17 21:16:51',5,7,0,0,NULL,NULL,'0.00','0.00',NULL,1,'9.00'),(1234,27,'GEN00512','PISTON RINGS LISTER(750-13120)','2021-10-17 21:16:51',5,7,0,0,NULL,NULL,'0.00','0.00',NULL,1,'9.00'),(1235,27,'GEN00513','PISTON RINGS P750-13120','2021-10-17 21:16:51',5,7,0,0,NULL,NULL,'0.00','0.00',NULL,1,'9.00'),(1236,27,'GEN00514','PISTON RINGS-STD (LISTER PETTER)','2021-10-17 21:16:51',5,7,0,0,NULL,NULL,'0.00','0.00',NULL,1,'10.00'),(1237,27,'GEN00515','PISTON RINGS-STD (PERKINS) (998-400)','2021-10-17 21:16:51',5,7,0,0,NULL,NULL,'0.00','0.00',NULL,1,'9.00'),(1238,27,'GEN00516','PORTABLE GENERATORS','2021-10-17 21:16:51',5,7,0,0,NULL,NULL,'0.00','0.00',NULL,1,'8.00'),(1239,27,'GEN00517','POSITIVE  AND NEGATIVE BATTERY TERMINALS','2021-10-17 21:16:51',5,7,0,0,NULL,NULL,'0.00','0.00',NULL,1,'2.00'),(1240,27,'GEN00518','POWER CABLE 25MM YELLOW/GREEN','2021-10-17 21:16:51',5,7,0,0,NULL,NULL,'0.00','0.00',NULL,1,'6.00'),(1241,27,'GEN00519','POWER CABLE 50MM DC BLACK','2021-10-17 21:16:51',5,7,0,0,NULL,NULL,'0.00','0.00',NULL,1,'2.00'),(1242,27,'GEN00520','POWER CABLE 50MM DC RED','2021-10-17 21:16:51',5,7,0,0,NULL,NULL,'0.00','0.00',NULL,1,'5.00'),(1243,27,'GEN00521','POWER SUPPLY UNIT (LISTER PETTER)','2021-10-17 21:16:51',5,7,0,0,NULL,NULL,'0.00','0.00',NULL,1,'9.00'),(1244,27,'GEN00522','POWER SUPPLY UNIT (PERKINS)','2021-10-17 21:16:51',5,7,0,0,NULL,NULL,'0.00','0.00',NULL,1,'8.00'),(1245,27,'GEN00523','POWER WIZARD (LISTER PETTER)','2021-10-17 21:16:51',5,7,0,0,NULL,NULL,'0.00','0.00',NULL,1,'3.00'),(1246,27,'GEN00524','POWER WIZARD 1.0 (917-466)','2021-10-17 21:16:51',5,7,0,0,NULL,NULL,'0.00','0.00',NULL,1,'1.00'),(1247,27,'GEN00525','POWER WIZARD 1.1 (350-5851-01)','2021-10-17 21:16:51',5,7,0,0,NULL,NULL,'0.00','0.00',NULL,1,'8.00'),(1248,27,'GEN00526','POWER WIZARD FUSE','2021-10-17 21:16:51',5,7,0,0,NULL,NULL,'0.00','0.00',NULL,1,'6.00'),(1249,27,'GEN00527','PRE HEATER PLUGS (LISTER PETTER)','2021-10-17 21:16:51',5,7,0,0,NULL,NULL,'0.00','0.00',NULL,1,'6.00'),(1250,27,'GEN00528','PRE HEATER PLUGS (PERKINS)','2021-10-17 21:16:51',5,7,0,0,NULL,NULL,'0.00','0.00',NULL,1,'3.00'),(1251,27,'GEN00529','PRIMING BALOON (KUBOTA)','2021-10-17 21:16:51',5,7,0,0,NULL,NULL,'0.00','0.00',NULL,1,'4.00'),(1252,27,'GEN00530','PRIMING BALOON (LISTER PETTER)','2021-10-17 21:16:51',5,7,0,0,NULL,NULL,'0.00','0.00',NULL,1,'3.00'),(1253,27,'GEN00531','PRIMING BALOON (PERKINS)','2021-10-17 21:16:51',5,7,0,0,NULL,NULL,'0.00','0.00',NULL,1,'5.00'),(1254,27,'GEN00532','PUSH BUTTON LISTER','2021-10-17 21:16:51',5,7,0,0,NULL,NULL,'0.00','0.00',NULL,1,'3.00'),(1255,27,'GEN00533','PUSH ROD TUBE SEAL-CRANK (LISTER PETTER)','2021-10-17 21:16:51',5,7,0,0,NULL,NULL,'0.00','0.00',NULL,1,'0.00'),(1256,27,'GEN00534','PUSH ROD TUBE SEAL-CRANK (PERKINS)','2021-10-17 21:16:51',5,7,0,0,NULL,NULL,'0.00','0.00',NULL,1,'3.00'),(1257,27,'GEN00535','PUSH ROD TUBE SEAL-HEAD (KUBOTA)','2021-10-17 21:16:51',5,7,0,0,NULL,NULL,'0.00','0.00',NULL,1,'3.00'),(1258,27,'GEN00536','PUSH ROD TUBE SEAL-HEAD (LISTER PETTER)','2021-10-17 21:16:51',5,7,0,0,NULL,NULL,'0.00','0.00',NULL,1,'5.00'),(1259,27,'GEN00537','PUSH ROD TUBE SEAL-HEAD (PERKINS)','2021-10-17 21:16:51',5,7,0,0,NULL,NULL,'0.00','0.00',NULL,1,'8.00'),(1260,27,'GEN00538','PUSH ROD TUBE WASHER (KUBOTA)','2021-10-17 21:16:51',5,7,0,0,NULL,NULL,'0.00','0.00',NULL,1,'4.00'),(1261,27,'GEN00539','PUSH ROD TUBE WASHER (LISTER PETTER)','2021-10-17 21:16:51',5,7,0,0,NULL,NULL,'0.00','0.00',NULL,1,'5.00'),(1262,27,'GEN00540','PUSH ROD TUBE WASHER (PERKINS)','2021-10-17 21:16:51',5,7,0,0,NULL,NULL,'0.00','0.00',NULL,1,'4.00'),(1263,27,'GEN00541','PUSH RODS (KUBOTA)','2021-10-17 21:16:51',5,7,0,0,NULL,NULL,'0.00','0.00',NULL,1,'5.00'),(1264,27,'GEN00542','PUSH RODS (LISTER PETTER)','2021-10-17 21:16:51',5,7,0,0,NULL,NULL,'0.00','0.00',NULL,1,'2.00'),(1265,27,'GEN00543','PUSH RODS (PERKINS) 3 CYLINDERS','2021-10-17 21:16:51',5,7,0,0,NULL,NULL,'0.00','0.00',NULL,1,'5.00'),(1266,27,'GEN00544','PUSH RODS 996-559  (PERKINS) 4 CYLINDERS','2021-10-17 21:16:51',5,7,0,0,NULL,NULL,'0.00','0.00',NULL,1,'9.00'),(1267,27,'GEN00545','RADIATOR  CAP (LISTER PETTER)','2021-10-17 21:16:51',5,7,0,0,NULL,NULL,'0.00','0.00',NULL,1,'2.00'),(1268,27,'GEN00546','RADIATOR  CAP (PERKINS)','2021-10-17 21:16:51',5,7,0,0,NULL,NULL,'0.00','0.00',NULL,1,'1.00'),(1269,27,'GEN00547','RADIATOR (LISTER PETTER) ORIGINAL','2021-10-17 21:16:51',5,7,0,0,NULL,NULL,'0.00','0.00',NULL,1,'8.00'),(1270,27,'GEN00548','RADIATOR (PERKINS)','2021-10-17 21:16:51',5,7,0,0,NULL,NULL,'0.00','0.00',NULL,1,'9.00'),(1271,27,'GEN00549','RADIATOR 120-669','2021-10-17 21:16:51',5,7,0,0,NULL,NULL,'0.00','0.00',NULL,1,'9.00'),(1272,27,'GEN00550','RADIATOR 40KVA PERKINS  120-672','2021-10-17 21:16:51',5,7,0,0,NULL,NULL,'0.00','0.00',NULL,1,'1.00'),(1273,27,'GEN00551','RADIATOR ASSEMBLY 757-31010','2021-10-17 21:16:51',5,7,0,0,NULL,NULL,'0.00','0.00',NULL,1,'6.00'),(1274,27,'GEN00552','RADIATOR BOTTOM HOSE PIPE(PERKINS) DK','2021-10-17 21:16:51',5,7,0,0,NULL,NULL,'0.00','0.00',NULL,1,'9.00'),(1275,27,'GEN00553','Radiator Cleaning and Descaling','2021-10-17 21:16:51',5,7,0,0,NULL,NULL,'0.00','0.00',NULL,1,'8.00'),(1276,27,'GEN00554','RADIATOR COOLANT- 5LITRE (KUBOTA)','2021-10-17 21:16:51',5,7,0,0,NULL,NULL,'0.00','0.00',NULL,1,'10.00'),(1277,27,'GEN00555','RADIATOR COOLANT- 5LITRE (LISTER PETTER)','2021-10-17 21:16:51',5,7,0,0,NULL,NULL,'0.00','0.00',NULL,1,'5.00'),(1278,27,'GEN00556','RADIATOR COOLANT- 5LITRE (PERKINS)','2021-10-17 21:16:51',5,7,0,0,NULL,NULL,'0.00','0.00',NULL,1,'9.00'),(1279,27,'GEN00557','RADIATOR HOSE CLIP','2021-10-17 21:16:51',5,7,0,0,NULL,NULL,'0.00','0.00',NULL,1,'6.00'),(1280,27,'GEN00558','RADIATOR HOSE PIPE-LOWER (KUBOTA)','2021-10-17 21:16:51',5,7,0,0,NULL,NULL,'0.00','0.00',NULL,1,'5.00'),(1281,27,'GEN00559','RADIATOR HOSE PIPE-LOWER (LISTER PETTER)','2021-10-17 21:16:51',5,7,0,0,NULL,NULL,'0.00','0.00',NULL,1,'8.00'),(1282,27,'GEN00560','RADIATOR HOSE PIPE-LOWER (PERKINS)','2021-10-17 21:16:51',5,7,0,0,NULL,NULL,'0.00','0.00',NULL,1,'3.00'),(1283,27,'GEN00561','RADIATOR HOSE PIPE-UPPER (KUBOTA)','2021-10-17 21:16:51',5,7,0,0,NULL,NULL,'0.00','0.00',NULL,1,'1.00'),(1284,27,'GEN00562','RADIATOR HOSE PIPE-UPPER (LISTER PETTER)','2021-10-17 21:16:51',5,7,0,0,NULL,NULL,'0.00','0.00',NULL,1,'6.00'),(1285,27,'GEN00563','RADIATOR HOSE PIPE-UPPER (PERKINS)','2021-10-17 21:16:51',5,7,0,0,NULL,NULL,'0.00','0.00',NULL,1,'7.00'),(1286,27,'GEN00564','RADIATOR METAL GUARD','2021-10-17 21:16:51',5,7,0,0,NULL,NULL,'0.00','0.00',NULL,1,'6.00'),(1287,27,'GEN00565','RADIATOR MOUNTING','2021-10-17 21:16:51',5,7,0,0,NULL,NULL,'0.00','0.00',NULL,1,'2.00'),(1288,27,'GEN00566','RADIATOR MOUNTING PERKINS 998-490','2021-10-17 21:16:51',5,7,0,0,NULL,NULL,'0.00','0.00',NULL,1,'0.00'),(1289,27,'GEN00567','RADIATOR MOUNTINGS','2021-10-17 21:16:51',5,7,0,0,NULL,NULL,'0.00','0.00',NULL,1,'6.00'),(1290,27,'GEN00568','RADIATOR PERKINS ORIGINAL','2021-10-17 21:16:51',5,7,0,0,NULL,NULL,'0.00','0.00',NULL,1,'1.00'),(1291,27,'GEN00569','REAR  ENGINE OIL SEALS (KUBOTA)','2021-10-17 21:16:51',5,7,0,0,NULL,NULL,'0.00','0.00',NULL,1,'4.00'),(1292,27,'GEN00570','REAR  ENGINE OIL SEALS (PERKINS) 403 (987-848)','2021-10-17 21:16:51',5,7,0,0,NULL,NULL,'0.00','0.00',NULL,1,'6.00'),(1293,27,'GEN00571','REAR  ENGINE OIL SEALS LISTER (751-10430)','2021-10-17 21:16:51',5,7,0,0,NULL,NULL,'0.00','0.00',NULL,1,'1.00'),(1294,27,'GEN00572','REAR CRANKSHAFT SEAL (KUBOTA)','2021-10-17 21:16:51',5,7,0,0,NULL,NULL,'0.00','0.00',NULL,1,'4.00'),(1295,27,'GEN00573','REAR CRANKSHAFT SEAL (LISTER PETTER)','2021-10-17 21:16:51',5,7,0,0,NULL,NULL,'0.00','0.00',NULL,1,'8.00'),(1296,27,'GEN00574','REAR CRANKSHAFT SEAL (PERKINS)','2021-10-17 21:16:51',5,7,0,0,NULL,NULL,'0.00','0.00',NULL,1,'7.00'),(1297,27,'GEN00575','REAR ENGINE OIL SEALS (KUBOTA)','2021-10-17 21:16:51',5,7,0,0,NULL,NULL,'0.00','0.00',NULL,1,'0.00'),(1298,27,'GEN00576','REAR ENGINE OIL SEALS (PERKINS) 404 (915-017)','2021-10-17 21:16:51',5,7,0,0,NULL,NULL,'0.00','0.00',NULL,1,'2.00'),(1299,27,'GEN00577','REAR OIL SEAL PERKINS DK','2021-10-17 21:16:51',5,7,0,0,NULL,NULL,'0.00','0.00',NULL,1,'10.00'),(1300,27,'GEN00578','RECTANGULAR AVR 220UF 350V','2021-10-17 21:16:51',5,7,0,0,NULL,NULL,'0.00','0.00',NULL,1,'2.00'),(1301,27,'GEN00579','RECTIFIER BRIDGE','2021-10-17 21:16:51',5,7,0,0,NULL,NULL,'0.00','0.00',NULL,1,'3.00'),(1302,27,'GEN00580','RECTIFIER CAPACITORS (KUBOTA)','2021-10-17 21:16:51',5,7,0,0,NULL,NULL,'0.00','0.00',NULL,1,'6.00'),(1303,27,'GEN00581','RECTIFIER CAPACITORS (LISTER PETTER)','2021-10-17 21:16:51',5,7,0,0,NULL,NULL,'0.00','0.00',NULL,1,'2.00'),(1304,27,'GEN00582','RECTIFIER CAPACITORS (PERKINS)','2021-10-17 21:16:51',5,7,0,0,NULL,NULL,'0.00','0.00',NULL,1,'2.00'),(1305,27,'GEN00583','RECTIFIER DIODES (KUBOTA)','2021-10-17 21:16:51',5,7,0,0,NULL,NULL,'0.00','0.00',NULL,1,'2.00'),(1306,27,'GEN00584','RECTIFIER DIODES (LISTER PETTER)','2021-10-17 21:16:51',5,7,0,0,NULL,NULL,'0.00','0.00',NULL,1,'7.00'),(1307,27,'GEN00585','RECTIFIER DIODES (PERKINS)','2021-10-17 21:16:51',5,7,0,0,NULL,NULL,'0.00','0.00',NULL,1,'0.00'),(1308,27,'GEN00586','RECTIFIER PLATES','2021-10-17 21:16:51',5,7,0,0,NULL,NULL,'0.00','0.00',NULL,1,'8.00'),(1309,27,'GEN00587','RECTIFIER UNIT (ASCOM)','2021-10-17 21:16:51',5,7,0,0,NULL,NULL,'0.00','0.00',NULL,1,'8.00'),(1310,27,'GEN00588','RECTIFIER UNIT (DELTA)','2021-10-17 21:16:51',5,7,0,0,NULL,NULL,'0.00','0.00',NULL,1,'6.00'),(1311,27,'GEN00589','RELAY 757-14981','2021-10-17 21:16:51',5,7,0,0,NULL,NULL,'0.00','0.00',NULL,1,'9.00'),(1312,27,'GEN00590','RELAY 941-364','2021-10-17 21:16:51',5,7,0,0,NULL,NULL,'0.00','0.00',NULL,1,'5.00'),(1313,27,'GEN00591','RELAY LISTER 064-42402','2021-10-17 21:16:51',5,7,0,0,NULL,NULL,'0.00','0.00',NULL,1,'9.00'),(1314,27,'GEN00592','REPLACEMENT AVR','2021-10-17 21:16:51',5,7,0,0,NULL,NULL,'0.00','0.00',NULL,1,'9.00'),(1315,27,'GEN00593','REPLACEMENT DIODES','2021-10-17 21:16:51',5,7,0,0,NULL,NULL,'0.00','0.00',NULL,1,'8.00'),(1316,27,'GEN00594','REPLACEMENT OF BEARING','2021-10-17 21:16:51',5,7,0,0,NULL,NULL,'0.00','0.00',NULL,1,'5.00'),(1317,27,'GEN00595','REPROGRAMMED LOGO','2021-10-17 21:16:51',5,7,0,0,NULL,NULL,'0.00','0.00',NULL,1,'10.00'),(1318,27,'GEN00596','RESTRICTOR','2021-10-17 21:16:51',5,7,0,0,NULL,NULL,'0.00','0.00',NULL,1,'3.00'),(1319,27,'GEN00597','RETURN  PIPE PERKINS 3CYL (915-141)','2021-10-17 21:16:51',5,7,0,0,NULL,NULL,'0.00','0.00',NULL,1,'7.00'),(1320,27,'GEN00598','RETURN FUEL PIPE LISTER','2021-10-17 21:16:51',5,7,0,0,NULL,NULL,'0.00','0.00',NULL,1,'4.00'),(1321,27,'GEN00599','RETURN PIPE 4CYL','2021-10-17 21:16:51',5,7,0,0,NULL,NULL,'0.00','0.00',NULL,1,'2.00'),(1322,27,'GEN00600','RETURN PIPE WASHERS PERKINS','2021-10-17 21:16:51',5,7,0,0,NULL,NULL,'0.00','0.00',NULL,1,'7.00'),(1323,27,'GEN00601','REWIND 3 PHASE STATOR','2021-10-17 21:16:51',5,7,0,0,NULL,NULL,'0.00','0.00',NULL,1,'7.00'),(1324,27,'GEN00602','REWIND EXCITOR ROTOR','2021-10-17 21:16:51',5,7,0,0,NULL,NULL,'0.00','0.00',NULL,1,'5.00'),(1325,27,'GEN00603','REWIND EXCITOR STATOR','2021-10-17 21:16:51',5,7,0,0,NULL,NULL,'0.00','0.00',NULL,1,'6.00'),(1326,27,'GEN00604','REWINDING - STARTER MOTOR 18.5KVA','2021-10-17 21:16:51',5,7,0,0,NULL,NULL,'0.00','0.00',NULL,1,'3.00'),(1327,27,'GEN00605','REWINDING - STARTER MOTOR 27KVA','2021-10-17 21:16:51',5,7,0,0,NULL,NULL,'0.00','0.00',NULL,1,'6.00'),(1328,27,'GEN00606','REWINDING PORTABLE GENERATOR 4K.V.A','2021-10-17 21:16:51',5,7,0,0,NULL,NULL,'0.00','0.00',NULL,1,'1.00'),(1329,27,'GEN00607','REWINDING STATOR','2021-10-17 21:16:51',5,7,0,0,NULL,NULL,'0.00','0.00',NULL,1,'8.00'),(1330,27,'GEN00608','RING SQUEZEER','2021-10-17 21:16:51',5,7,0,0,NULL,NULL,'0.00','0.00',NULL,1,'7.00'),(1331,27,'GEN00609','ROCKER ARM UNIT (KUBOTA)','2021-10-17 21:16:51',5,7,0,0,NULL,NULL,'0.00','0.00',NULL,1,'3.00'),(1332,27,'GEN00610','ROCKER ARM UNIT (LISTER PETTER)','2021-10-17 21:16:51',5,7,0,0,NULL,NULL,'0.00','0.00',NULL,1,'2.00'),(1333,27,'GEN00611','ROCKER ARM UNIT (PERKINS)','2021-10-17 21:16:51',5,7,0,0,NULL,NULL,'0.00','0.00',NULL,1,'2.00'),(1334,27,'GEN00612','ROCKER COVER GASKET403','2021-10-17 21:16:51',5,7,0,0,NULL,NULL,'0.00','0.00',NULL,1,'3.00'),(1335,27,'GEN00613','ROCKER LEVER','2021-10-17 21:16:51',5,7,0,0,NULL,NULL,'0.00','0.00',NULL,1,'7.00'),(1336,27,'GEN00614','ROD AND BRACKET 757-24700','2021-10-17 21:16:51',5,7,0,0,NULL,NULL,'0.00','0.00',NULL,1,'9.00'),(1337,27,'GEN00615','ROLLER','2021-10-17 21:16:51',5,7,0,0,NULL,NULL,'0.00','0.00',NULL,1,'4.00'),(1338,27,'GEN00616','ROTATING DIODE LISTER','2021-10-17 21:16:51',5,7,0,0,NULL,NULL,'0.00','0.00',NULL,1,'2.00'),(1339,27,'GEN00617','ROTATING DIODES','2021-10-17 21:16:51',5,7,0,0,NULL,NULL,'0.00','0.00',NULL,1,'8.00'),(1340,27,'GEN00618','ROTOR POLISHING','2021-10-17 21:16:51',5,7,0,0,NULL,NULL,'0.00','0.00',NULL,1,'2.00'),(1341,27,'GEN00619','ROTOR REWINDING','2021-10-17 21:16:51',5,7,0,0,NULL,NULL,'0.00','0.00',NULL,1,'8.00'),(1342,27,'GEN00620','ROTOR SHAFT REBUILDING& MACHINING','2021-10-17 21:16:51',5,7,0,0,NULL,NULL,'0.00','0.00',NULL,1,'5.00'),(1343,27,'GEN00621','ROTOR WINDING','2021-10-17 21:16:51',5,7,0,0,NULL,NULL,'0.00','0.00',NULL,1,'9.00'),(1344,27,'GEN00622','ROTOR WINDING ONLY','2021-10-17 21:16:51',5,7,0,0,NULL,NULL,'0.00','0.00',NULL,1,'3.00'),(1345,27,'GEN00623','SCREW M5','2021-10-17 21:16:51',5,7,0,0,NULL,NULL,'0.00','0.00',NULL,1,'5.00'),(1346,27,'GEN00624','SCREW M6 14MM','2021-10-17 21:16:51',5,7,0,0,NULL,NULL,'0.00','0.00',NULL,1,'9.00'),(1347,27,'GEN00625','SDMO J22 (22KVA) Air filter','2021-10-17 21:16:51',5,7,0,0,NULL,NULL,'0.00','0.00',NULL,1,'9.00'),(1348,27,'GEN00626','SDMO J22 (22KVA) Fuel filters','2021-10-17 21:16:51',5,7,0,0,NULL,NULL,'0.00','0.00',NULL,1,'6.00'),(1349,27,'GEN00627','SDMO J22 (22KVA) Oil filters','2021-10-17 21:16:51',5,7,0,0,NULL,NULL,'0.00','0.00',NULL,1,'5.00'),(1350,27,'GEN00628','SDMO J44 (44KVA) Air filter','2021-10-17 21:16:51',5,7,0,0,NULL,NULL,'0.00','0.00',NULL,1,'5.00'),(1351,27,'GEN00629','SDMO J44 (44KVA) Fuel filters','2021-10-17 21:16:51',5,7,0,0,NULL,NULL,'0.00','0.00',NULL,1,'3.00'),(1352,27,'GEN00630','SDMO J44 (44KVA) Oil filters','2021-10-17 21:16:51',5,7,0,0,NULL,NULL,'0.00','0.00',NULL,1,'7.00'),(1353,27,'GEN00631','SDMO T17 (17KVA) Air filter','2021-10-17 21:16:51',5,7,0,0,NULL,NULL,'0.00','0.00',NULL,1,'9.00'),(1354,27,'GEN00632','SDMO T17 (17KVA) Fuel filters','2021-10-17 21:16:51',5,7,0,0,NULL,NULL,'0.00','0.00',NULL,1,'1.00'),(1355,27,'GEN00633','SDMO T17 (17KVA) Oil filters','2021-10-17 21:16:51',5,7,0,0,NULL,NULL,'0.00','0.00',NULL,1,'8.00'),(1356,27,'GEN00634','SDMO T33 (33KVA) Air filter','2021-10-17 21:16:51',5,7,0,0,NULL,NULL,'0.00','0.00',NULL,1,'7.00'),(1357,27,'GEN00635','SDMO T33 (33KVA) Fuel filters','2021-10-17 21:16:51',5,7,0,0,NULL,NULL,'0.00','0.00',NULL,1,'2.00'),(1358,27,'GEN00636','SDMO T33 (33KVA) Oil filters','2021-10-17 21:16:51',5,7,0,0,NULL,NULL,'0.00','0.00',NULL,1,'9.00'),(1359,27,'GEN00637','SDMO T5.5,T11.5, T12 - T16 (5.5-16KVA) Air filter','2021-10-17 21:16:51',5,7,0,0,NULL,NULL,'0.00','0.00',NULL,1,'7.00'),(1360,27,'GEN00638','SDMO T5.5,T11.5, T12 - T16 (5.5-16KVA) Fuel filter','2021-10-17 21:16:51',5,7,0,0,NULL,NULL,'0.00','0.00',NULL,1,'9.00'),(1361,27,'GEN00639','SDMO T5.5,T11.5, T12 - T16 (5.5-16KVA) Oil filters','2021-10-17 21:16:51',5,7,0,0,NULL,NULL,'0.00','0.00',NULL,1,'4.00'),(1362,27,'GEN00640','SEALANT (KUBOTA)','2021-10-17 21:16:51',5,7,0,0,NULL,NULL,'0.00','0.00',NULL,1,'3.00'),(1363,27,'GEN00641','SEALANT (LISTER PETTER)','2021-10-17 21:16:51',5,7,0,0,NULL,NULL,'0.00','0.00',NULL,1,'3.00'),(1364,27,'GEN00642','SEALANT (PERKINS)','2021-10-17 21:16:51',5,7,0,0,NULL,NULL,'0.00','0.00',NULL,1,'6.00'),(1365,27,'GEN00643','SEALED MAINTAINANCE FREE BATTERY (12V) NS7O','2021-10-17 21:16:51',5,7,0,0,NULL,NULL,'0.00','0.00',NULL,1,'10.00'),(1366,27,'GEN00644','SERCING PORTABLE GEN','2021-10-17 21:16:51',5,7,0,0,NULL,NULL,'0.00','0.00',NULL,1,'2.00'),(1367,27,'GEN00645','SERVICE OF PORTABLE ENGINE','2021-10-17 21:16:51',5,7,0,0,NULL,NULL,'0.00','0.00',NULL,1,'0.00'),(1368,27,'GEN00646','SHAFT AND BEARING HOUSING RE-BUILDING','2021-10-17 21:16:51',5,7,0,0,NULL,NULL,'0.00','0.00',NULL,1,'5.00'),(1369,27,'GEN00647','SIDE COVER 3CYL 753-10802','2021-10-17 21:16:51',5,7,0,0,NULL,NULL,'0.00','0.00',NULL,1,'5.00'),(1370,27,'GEN00648','SIDE COVER GASKET(CRANKCASE DOOR JOINT)(754-10804)','2021-10-17 21:16:51',5,7,0,0,NULL,NULL,'0.00','0.00',NULL,1,'9.00'),(1371,27,'GEN00649','SILICON CLEAR','2021-10-17 21:16:51',5,7,0,0,NULL,NULL,'0.00','0.00',NULL,1,'2.00'),(1372,27,'GEN00650','SKIMMING','2021-10-17 21:16:51',5,7,0,0,NULL,NULL,'0.00','0.00',NULL,1,'0.00'),(1373,27,'GEN00651','SLEEVING BALL BEARING','2021-10-17 21:16:51',5,7,0,0,NULL,NULL,'0.00','0.00',NULL,1,'7.00'),(1374,27,'GEN00652','SPACER','2021-10-17 21:16:51',5,7,0,0,NULL,NULL,'0.00','0.00',NULL,1,'6.00'),(1375,27,'GEN00653','START STOP SWITCH (ENGINE LCP2)','2021-10-17 21:16:51',5,7,0,0,NULL,NULL,'0.00','0.00',NULL,1,'5.00'),(1376,27,'GEN00654','STARTER BATTERY  MF (N70)','2021-10-17 21:16:51',5,7,0,0,NULL,NULL,'0.00','0.00',NULL,1,'1.00'),(1377,27,'GEN00655','STARTER BATTERY MTCE FREE (N90)','2021-10-17 21:16:51',5,7,0,0,NULL,NULL,'0.00','0.00',NULL,1,'7.00'),(1378,27,'GEN00656','STARTER FUSE','2021-10-17 21:16:51',5,7,0,0,NULL,NULL,'0.00','0.00',NULL,1,'1.00'),(1379,27,'GEN00657','STARTER MOTOR (KUBOTA)','2021-10-17 21:16:51',5,7,0,0,NULL,NULL,'0.00','0.00',NULL,1,'7.00'),(1380,27,'GEN00658','STARTER MOTOR (LISTER PETTER 757-2100)','2021-10-17 21:16:51',5,7,0,0,NULL,NULL,'0.00','0.00',NULL,1,'3.00'),(1381,27,'GEN00659','STARTER MOTOR (PERKINS)','2021-10-17 21:16:51',5,7,0,0,NULL,NULL,'0.00','0.00',NULL,1,'1.00'),(1382,27,'GEN00660','STARTER MOTOR PERKINS DK','2021-10-17 21:16:51',5,7,0,0,NULL,NULL,'0.00','0.00',NULL,1,'7.00'),(1383,27,'GEN00661','STARTER MOTOR REPAIRS','2021-10-17 21:16:51',5,7,0,0,NULL,NULL,'0.00','0.00',NULL,1,'2.00'),(1384,27,'GEN00662','STARTER RELAY (630-476)','2021-10-17 21:16:51',5,7,0,0,NULL,NULL,'0.00','0.00',NULL,1,'1.00'),(1385,27,'GEN00663','STARTER RELAY 80A 12VLTS','2021-10-17 21:16:51',5,7,0,0,NULL,NULL,'0.00','0.00',NULL,1,'6.00'),(1386,27,'GEN00664','STARTER RELAY LISTER (757-14981)','2021-10-17 21:16:51',5,7,0,0,NULL,NULL,'0.00','0.00',NULL,1,'9.00'),(1387,27,'GEN00665','STATOR LISTER','2021-10-17 21:16:51',5,7,0,0,NULL,NULL,'0.00','0.00',NULL,1,'5.00'),(1388,27,'GEN00666','STATOR REWINDING','2021-10-17 21:16:51',5,7,0,0,NULL,NULL,'0.00','0.00',NULL,1,'10.00'),(1389,27,'GEN00667','STATOR WINDING','2021-10-17 21:16:51',5,7,0,0,NULL,NULL,'0.00','0.00',NULL,1,'3.00'),(1390,27,'GEN00668','STEM RUBBERS 751-13570','2021-10-17 21:16:51',5,7,0,0,NULL,NULL,'0.00','0.00',NULL,1,'5.00'),(1391,27,'GEN00669','STEM RUBBERS BOTTOM 201-30261','2021-10-17 21:16:51',5,7,0,0,NULL,NULL,'0.00','0.00',NULL,1,'5.00'),(1392,27,'GEN00670','STEM RUBBERS TOP 201-42360','2021-10-17 21:16:51',5,7,0,0,NULL,NULL,'0.00','0.00',NULL,1,'1.00'),(1393,27,'GEN00671','SUMP GASKET LPW3','2021-10-17 21:16:51',5,7,0,0,NULL,NULL,'0.00','0.00',NULL,1,'0.00'),(1394,27,'GEN00672','SUMP GASKET PERKINS10000-65749','2021-10-17 21:16:51',5,7,0,0,NULL,NULL,'0.00','0.00',NULL,1,'9.00'),(1395,27,'GEN00673','SUPPRESSOR UNIT','2021-10-17 21:16:51',5,7,0,0,NULL,NULL,'0.00','0.00',NULL,1,'2.00'),(1396,27,'GEN00674','TAIL END BEARING (KUBOTA)','2021-10-17 21:16:51',5,7,0,0,NULL,NULL,'0.00','0.00',NULL,1,'6.00'),(1397,27,'GEN00675','TAIL END BEARING (LISTER PETTER)','2021-10-17 21:16:51',5,7,0,0,NULL,NULL,'0.00','0.00',NULL,1,'4.00'),(1398,27,'GEN00676','TAIL END BEARING (PERKINS)','2021-10-17 21:16:51',5,7,0,0,NULL,NULL,'0.00','0.00',NULL,1,'1.00'),(1399,27,'GEN00677','TAPPET (COMFOLLOWER) 751-11730','2021-10-17 21:16:51',5,7,0,0,NULL,NULL,'0.00','0.00',NULL,1,'3.00'),(1400,27,'GEN00678','TEE PIECE 751-13100','2021-10-17 21:16:51',5,7,0,0,NULL,NULL,'0.00','0.00',NULL,1,'0.00'),(1401,27,'GEN00679','TEE PIECE LISTER','2021-10-17 21:16:51',5,7,0,0,NULL,NULL,'0.00','0.00',NULL,1,'4.00'),(1402,27,'GEN00680','TEMPARUTE SENSOR 329-15120','2021-10-17 21:16:51',5,7,0,0,NULL,NULL,'0.00','0.00',NULL,1,'0.00'),(1403,27,'GEN00681','TEMPARUTE SWITCH TRANSDUCER(P750-10412)','2021-10-17 21:16:51',5,7,0,0,NULL,NULL,'0.00','0.00',NULL,1,'9.00'),(1404,27,'GEN00682','TEMPARUTE TRANSDUCER P750-10412','2021-10-17 21:16:51',5,7,0,0,NULL,NULL,'0.00','0.00',NULL,1,'4.00'),(1405,27,'GEN00683','TEMPERATURE SENSOR (KUBOTA)','2021-10-17 21:16:51',5,7,0,0,NULL,NULL,'0.00','0.00',NULL,1,'4.00'),(1406,27,'GEN00684','TEMPERATURE SENSOR (LISTER PETTER)','2021-10-17 21:16:51',5,7,0,0,NULL,NULL,'0.00','0.00',NULL,1,'7.00'),(1407,27,'GEN00685','TEMPERATURE SENSOR (PERKINS)','2021-10-17 21:16:51',5,7,0,0,NULL,NULL,'0.00','0.00',NULL,1,'4.00'),(1408,27,'GEN00686','TEMPERATURE SENSOR PERKINS 934-524','2021-10-17 21:16:51',5,7,0,0,NULL,NULL,'0.00','0.00',NULL,1,'9.00'),(1409,27,'GEN00687','TEMPERATURE SWITCH 329-15140','2021-10-17 21:16:51',5,7,0,0,NULL,NULL,'0.00','0.00',NULL,1,'4.00'),(1410,27,'GEN00688','TEMPERATURE SWITCH 337','2021-10-17 21:16:51',5,7,0,0,NULL,NULL,'0.00','0.00',NULL,1,'3.00'),(1411,27,'GEN00689','TEMPERATURE SWITCH 338','2021-10-17 21:16:51',5,7,0,0,NULL,NULL,'0.00','0.00',NULL,1,'4.00'),(1412,27,'GEN00690','TEMPERATURE SWITCH 622-332','2021-10-17 21:16:51',5,7,0,0,NULL,NULL,'0.00','0.00',NULL,1,'9.00'),(1413,27,'GEN00691','TERMINAL CONNECTORS 16MM','2021-10-17 21:16:52',5,7,0,0,NULL,NULL,'0.00','0.00',NULL,1,'4.00'),(1414,27,'GEN00692','THERMOSTAT COVER','2021-10-17 21:16:52',5,7,0,0,NULL,NULL,'0.00','0.00',NULL,1,'3.00'),(1415,27,'GEN00693','THRUST WASHERS (KUBOTA)','2021-10-17 21:16:52',5,7,0,0,NULL,NULL,'0.00','0.00',NULL,1,'5.00'),(1416,27,'GEN00694','THRUST WASHERS (LPW) 750-11230','2021-10-17 21:16:52',5,7,0,0,NULL,NULL,'0.00','0.00',NULL,1,'3.00'),(1417,27,'GEN00695','THRUST WASHERS (PERKINS)','2021-10-17 21:16:52',5,7,0,0,NULL,NULL,'0.00','0.00',NULL,1,'2.00'),(1418,27,'GEN00696','TIMING COVER GASKET LISTER','2021-10-17 21:16:52',5,7,0,0,NULL,NULL,'0.00','0.00',NULL,1,'1.00'),(1419,27,'GEN00697','TIMING COVER GASKET PERKINS','2021-10-17 21:16:52',5,7,0,0,NULL,NULL,'0.00','0.00',NULL,1,'10.00'),(1420,27,'GEN00698','TIMING COVER OIL SEALS (KUBOTA)','2021-10-17 21:16:52',5,7,0,0,NULL,NULL,'0.00','0.00',NULL,1,'6.00'),(1421,27,'GEN00699','TIMING COVER OIL SEALS (LISTER PETTER)','2021-10-17 21:16:52',5,7,0,0,NULL,NULL,'0.00','0.00',NULL,1,'8.00'),(1422,27,'GEN00700','TIMING COVER OIL SEALS (PERKINS)','2021-10-17 21:16:52',5,7,0,0,NULL,NULL,'0.00','0.00',NULL,1,'4.00'),(1423,27,'GEN00701','TIMING PLATE GASKET PERKINS','2021-10-17 21:16:52',5,7,0,0,NULL,NULL,'0.00','0.00',NULL,1,'6.00'),(1424,27,'GEN00702','TOP COVER GASKET','2021-10-17 21:16:52',5,7,0,0,NULL,NULL,'0.00','0.00',NULL,1,'8.00'),(1425,27,'GEN00703','TOP COVER GASKET (LPW4_ 751-11073)','2021-10-17 21:16:52',5,7,0,0,NULL,NULL,'0.00','0.00',NULL,1,'1.00'),(1426,27,'GEN00704','TOP COVER GASKET 403 U11996410','2021-10-17 21:16:52',5,7,0,0,NULL,NULL,'0.00','0.00',NULL,1,'2.00'),(1427,27,'GEN00705','TOP COVER GASKET 998-397','2021-10-17 21:16:52',5,7,0,0,NULL,NULL,'0.00','0.00',NULL,1,'8.00'),(1428,27,'GEN00706','TOP COVER GASKET 998-660','2021-10-17 21:16:52',5,7,0,0,NULL,NULL,'0.00','0.00',NULL,1,'5.00'),(1429,27,'GEN00707','TOP COVER GASKET PERKINS 3 CYL 10KVA (998-397)','2021-10-17 21:16:52',5,7,0,0,NULL,NULL,'0.00','0.00',NULL,1,'8.00'),(1430,27,'GEN00708','TOP COVER GASKET PERKINS 3681A058','2021-10-17 21:16:52',5,7,0,0,NULL,NULL,'0.00','0.00',NULL,1,'8.00'),(1431,27,'GEN00709','TOP OVERHAUL GASKET (KUBOTA)','2021-10-17 21:16:52',5,7,0,0,NULL,NULL,'0.00','0.00',NULL,1,'3.00'),(1432,27,'GEN00710','TOP OVERHAUL GASKET- 3 CYLINDER (LISTER PETTER)','2021-10-17 21:16:52',5,7,0,0,NULL,NULL,'0.00','0.00',NULL,1,'2.00'),(1433,27,'GEN00711','TOP OVERHAUL GASKET- 3 CYLINDER (PERKINS)','2021-10-17 21:16:52',5,7,0,0,NULL,NULL,'0.00','0.00',NULL,1,'10.00'),(1434,27,'GEN00712','TOP OVERHAUL GASKET- 4 CYLINDER (LISTER PETTER)','2021-10-17 21:16:52',5,7,0,0,NULL,NULL,'0.00','0.00',NULL,1,'4.00'),(1435,27,'GEN00713','TOP OVERHAUL GASKET- 4 CYLINDER (PERKINS)','2021-10-17 21:16:52',5,7,0,0,NULL,NULL,'0.00','0.00',NULL,1,'2.00'),(1436,27,'GEN00714','TOP OVERHAUL GASKET KIT (KUBOTA)','2021-10-17 21:16:52',5,7,0,0,NULL,NULL,'0.00','0.00',NULL,1,'7.00'),(1437,27,'GEN00715','TOP OVERHAUL GASKET KIT (LISTER PETTER)','2021-10-17 21:16:52',5,7,0,0,NULL,NULL,'0.00','0.00',NULL,1,'7.00'),(1438,27,'GEN00716','TOP OVERHAUL GASKET KIT (PERKINS)','2021-10-17 21:16:52',5,7,0,0,NULL,NULL,'0.00','0.00',NULL,1,'5.00'),(1439,27,'GEN00717','TRANSDUCER757-10412','2021-10-17 21:16:52',5,7,0,0,NULL,NULL,'0.00','0.00',NULL,1,'4.00'),(1440,27,'GEN00718','TRICKLE CHARGER (24V LOVATO)','2021-10-17 21:16:52',5,7,0,0,NULL,NULL,'0.00','0.00',NULL,1,'6.00'),(1441,27,'GEN00719','TRICKLE CHARGER (CCL)','2021-10-17 21:16:52',5,7,0,0,NULL,NULL,'0.00','0.00',NULL,1,'8.00'),(1442,27,'GEN00720','TRICKLE CHARGER- 24V','2021-10-17 21:16:52',5,7,0,0,NULL,NULL,'0.00','0.00',NULL,1,'3.00'),(1443,27,'GEN00721','TRICKLE CHARGER FUSE','2021-10-17 21:16:52',5,7,0,0,NULL,NULL,'0.00','0.00',NULL,1,'0.00'),(1444,27,'GEN00722','Trickle Charger(Reconditioned)','2021-10-17 21:16:52',5,7,0,0,NULL,NULL,'0.00','0.00',NULL,1,'3.00'),(1445,27,'GEN00723','TURBO CHARGER KIT (KUBOTA)','2021-10-17 21:16:52',5,7,0,0,NULL,NULL,'0.00','0.00',NULL,1,'2.00'),(1446,27,'GEN00724','TURBO CHARGER KIT (LISTER PETTER)','2021-10-17 21:16:52',5,7,0,0,NULL,NULL,'0.00','0.00',NULL,1,'1.00'),(1447,27,'GEN00725','TURBO CHARGER KIT (PERKINS)','2021-10-17 21:16:52',5,7,0,0,NULL,NULL,'0.00','0.00',NULL,1,'2.00'),(1448,27,'GEN00726','TURBO CHARGER UNIT COMPLETE','2021-10-17 21:16:52',5,7,0,0,NULL,NULL,'0.00','0.00',NULL,1,'4.00'),(1449,27,'GEN00727','TURBO GASKET','2021-10-17 21:16:52',5,7,0,0,NULL,NULL,'0.00','0.00',NULL,1,'6.00'),(1450,27,'GEN00728','VALVE CUTTERS (KUBOTA)','2021-10-17 21:16:52',5,7,0,0,NULL,NULL,'0.00','0.00',NULL,1,'6.00'),(1451,27,'GEN00729','VALVE CUTTERS (LISTER PETTER)','2021-10-17 21:16:52',5,7,0,0,NULL,NULL,'0.00','0.00',NULL,1,'5.00'),(1452,27,'GEN00730','VALVE CUTTERS (PERKINS)','2021-10-17 21:16:52',5,7,0,0,NULL,NULL,'0.00','0.00',NULL,1,'5.00'),(1453,27,'GEN00731','VALVE STEM SEALS (KUBOTA)','2021-10-17 21:16:52',5,7,0,0,NULL,NULL,'0.00','0.00',NULL,1,'10.00'),(1454,27,'GEN00732','VALVE STEM SEALS (LISTER PETTER)','2021-10-17 21:16:52',5,7,0,0,NULL,NULL,'0.00','0.00',NULL,1,'5.00'),(1455,27,'GEN00733','VALVE STEM SEALS (PERKINS)','2021-10-17 21:16:52',5,7,0,0,NULL,NULL,'0.00','0.00',NULL,1,'4.00'),(1456,27,'GEN00734','VALVE STEM SEALS 751-13570','2021-10-17 21:16:52',5,7,0,0,NULL,NULL,'0.00','0.00',NULL,1,'5.00'),(1457,27,'GEN00735','VALVE STEM SEALS 751-41701','2021-10-17 21:16:52',5,7,0,0,NULL,NULL,'0.00','0.00',NULL,1,'5.00'),(1458,27,'GEN00736','VALVES GUIDES (KUBOTA)','2021-10-17 21:16:52',5,7,0,0,NULL,NULL,'0.00','0.00',NULL,1,'10.00'),(1459,27,'GEN00737','VALVES GUIDES (LISTER PETTER)','2021-10-17 21:16:52',5,7,0,0,NULL,NULL,'0.00','0.00',NULL,1,'4.00'),(1460,27,'GEN00738','VALVES GUIDES (PERKINS)','2021-10-17 21:16:52',5,7,0,0,NULL,NULL,'0.00','0.00',NULL,1,'1.00'),(1461,27,'GEN00739','VALVES SEATS (KUBOTA)','2021-10-17 21:16:52',5,7,0,0,NULL,NULL,'0.00','0.00',NULL,1,'1.00'),(1462,27,'GEN00740','VALVES SEATS (LISTER PETTER)','2021-10-17 21:16:52',5,7,0,0,NULL,NULL,'0.00','0.00',NULL,1,'2.00'),(1463,27,'GEN00741','VALVES SEATS (PERKINS)','2021-10-17 21:16:52',5,7,0,0,NULL,NULL,'0.00','0.00',NULL,1,'9.00'),(1464,27,'GEN00742','VOLTMETER (KUBOTA)','2021-10-17 21:16:52',5,7,0,0,NULL,NULL,'0.00','0.00',NULL,1,'8.00'),(1465,27,'GEN00743','VOLTMETER (LISTER PETTER)','2021-10-17 21:16:52',5,7,0,0,NULL,NULL,'0.00','0.00',NULL,1,'4.00'),(1466,27,'GEN00744','VOLTMETER (PERKINS)','2021-10-17 21:16:52',5,7,0,0,NULL,NULL,'0.00','0.00',NULL,1,'6.00'),(1467,27,'GEN00745','WASHER M5','2021-10-17 21:16:52',5,7,0,0,NULL,NULL,'0.00','0.00',NULL,1,'7.00'),(1468,27,'GEN00746','WATER GASKET PERKINS 3 CYLINDER','2021-10-17 21:16:52',5,7,0,0,NULL,NULL,'0.00','0.00',NULL,1,'7.00'),(1469,27,'GEN00747','WATER HOSE PIPE PERKINS','2021-10-17 21:16:52',5,7,0,0,NULL,NULL,'0.00','0.00',NULL,1,'3.00'),(1470,27,'GEN00748','WATER PUMP  GASKET (KUBOTA)','2021-10-17 21:16:52',5,7,0,0,NULL,NULL,'0.00','0.00',NULL,1,'7.00'),(1471,27,'GEN00749','WATER PUMP  GASKET (LISTER PETTER)','2021-10-17 21:16:52',5,7,0,0,NULL,NULL,'0.00','0.00',NULL,1,'3.00'),(1472,27,'GEN00750','WATER PUMP  GASKET (PERKINS)','2021-10-17 21:16:52',5,7,0,0,NULL,NULL,'0.00','0.00',NULL,1,'6.00'),(1473,27,'GEN00751','WATER PUMP (KUBOTA)','2021-10-17 21:16:52',5,7,0,0,NULL,NULL,'0.00','0.00',NULL,1,'2.00'),(1474,27,'GEN00752','WATER PUMP (LISTER PETTER)','2021-10-17 21:16:52',5,7,0,0,NULL,NULL,'0.00','0.00',NULL,1,'2.00'),(1475,27,'GEN00753','WATER PUMP (PERKINS 40KVA)','2021-10-17 21:16:52',5,7,0,0,NULL,NULL,'0.00','0.00',NULL,1,'2.00'),(1476,27,'GEN00754','WATER PUMP (PERKINS)','2021-10-17 21:16:52',5,7,0,0,NULL,NULL,'0.00','0.00',NULL,1,'4.00'),(1477,27,'GEN00755','WATER PUMP CAST IRON BACK PLATE (D&S)','2021-10-17 21:16:52',5,7,0,0,NULL,NULL,'0.00','0.00',NULL,1,'4.00'),(1478,27,'GEN00756','WATER PUMP HOSE PIPE PERKINS','2021-10-17 21:16:52',5,7,0,0,NULL,NULL,'0.00','0.00',NULL,1,'9.00'),(1479,27,'GEN00757','WATER PUMP KIT (KUBOTA)','2021-10-17 21:16:52',5,7,0,0,NULL,NULL,'0.00','0.00',NULL,1,'4.00'),(1480,27,'GEN00758','WATER PUMP KIT (PERKINS)','2021-10-17 21:16:52',5,7,0,0,NULL,NULL,'0.00','0.00',NULL,1,'2.00'),(1481,27,'GEN00759','WATER PUMP PERKINS 40KVA','2021-10-17 21:16:52',5,7,0,0,NULL,NULL,'0.00','0.00',NULL,1,'6.00'),(1482,27,'GEN00760','WATER PUMP PLATE LISTER','2021-10-17 21:16:52',5,7,0,0,NULL,NULL,'0.00','0.00',NULL,1,'5.00'),(1483,27,'GEN00761','WATER PUMP PLUG(KE693)','2021-10-17 21:16:52',5,7,0,0,NULL,NULL,'0.00','0.00',NULL,1,'9.00'),(1484,27,'GEN00762','WATER PUMP(LISTER ALPHA SERIES)','2021-10-17 21:16:52',5,7,0,0,NULL,NULL,'0.00','0.00',NULL,1,'10.00'),(1485,27,'GEN00763','WATER SEPARATOR (KUBOTA)','2021-10-17 21:16:52',5,7,0,0,NULL,NULL,'0.00','0.00',NULL,1,'1.00'),(1486,27,'GEN00764','WATER SEPARATOR (LISTER PETTER)','2021-10-17 21:16:52',5,7,0,0,NULL,NULL,'0.00','0.00',NULL,1,'6.00'),(1487,27,'GEN00765','WATER SEPARATOR (PERKINS)','2021-10-17 21:16:52',5,7,0,0,NULL,NULL,'0.00','0.00',NULL,1,'5.00'),(1488,27,'GEN00766','Waterpump perkins Hose pipe  (936-002)','2021-10-17 21:16:52',5,7,0,0,NULL,NULL,'0.00','0.00',NULL,1,'9.00'),(1489,27,'GEN00767','WD 40 450 ml','2021-10-17 21:16:52',5,7,0,0,NULL,NULL,'0.00','0.00',NULL,1,'0.00'),(1490,28,'IMP00001','ANTENNAE POLES','2021-10-17 21:16:52',5,7,0,0,NULL,NULL,'0.00','0.00',NULL,1,'3.00'),(1491,28,'IMP00002','BS 241 PEDESTALS','2021-10-17 21:16:52',5,7,0,0,NULL,NULL,'0.00','0.00',NULL,1,'3.00'),(1492,28,'IMP00003','CAP WASHERS','2021-10-17 21:16:52',5,7,0,0,NULL,NULL,'0.00','0.00',NULL,1,'9.00'),(1493,28,'IMP00004','GEOTECHNICAL INVESTIGATION','2021-10-17 21:16:52',5,7,0,0,NULL,NULL,'0.00','0.00',NULL,1,'6.00'),(1494,28,'IMP00005','IF Cable','2021-10-17 21:16:52',5,7,0,0,NULL,NULL,'0.00','0.00',NULL,1,'3.00'),(1495,28,'IMP00006','LINK UPGRAGE','2021-10-17 21:16:52',5,7,0,0,NULL,NULL,'0.00','0.00',NULL,1,'5.00'),(1496,28,'IMP00007','RF DESIGN','2021-10-17 21:16:52',5,7,0,0,NULL,NULL,'0.00','0.00',NULL,1,'7.00'),(1497,28,'IMP00008','SIM Box Detection Package','2021-10-17 21:16:52',5,7,0,0,NULL,NULL,'0.00','0.00',NULL,1,'0.00'),(1498,28,'IMP00009','TRIPLE POLE GANG JAW','2021-10-17 21:16:52',5,7,0,0,NULL,NULL,'0.00','0.00',NULL,1,'0.00'),(1499,28,'IMP00010','WALL MOUNTS','2021-10-17 21:16:52',5,7,0,0,NULL,NULL,'0.00','0.00',NULL,1,'0.00'),(1500,29,'IM100001','0-9, V AND H CABLE MARKERS','2021-10-17 21:16:52',5,7,0,0,NULL,NULL,'0.00','0.00',NULL,1,'1.00'),(1501,29,'IM100002','1.5MM POWER CABLE','2021-10-17 21:16:52',5,7,0,0,NULL,NULL,'0.00','0.00',NULL,1,'6.00'),(1502,29,'IM100003','12AWG 2CORE CABLE','2021-10-17 21:16:52',5,7,0,0,NULL,NULL,'0.00','0.00',NULL,1,'3.00'),(1503,29,'IM100004','13A TWINS/OUTLET PLUS PATRACE','2021-10-17 21:16:52',5,7,0,0,NULL,NULL,'0.00','0.00',NULL,1,'1.00'),(1504,29,'IM100005','13A TWINS/OUTLET WEATHER PROOF','2021-10-17 21:16:52',5,7,0,0,NULL,NULL,'0.00','0.00',NULL,1,'3.00'),(1505,29,'IM100006','16MM YELLOW GREEN FLEX CABLE','2021-10-17 21:16:52',5,7,0,0,NULL,NULL,'0.00','0.00',NULL,1,'3.00'),(1506,29,'IM100007','2.5MM FLEX CABLE BLACK','2021-10-17 21:16:52',5,7,0,0,NULL,NULL,'0.00','0.00',NULL,1,'8.00'),(1507,29,'IM100008','2.5MM FLEX CABLE RED','2021-10-17 21:16:52',5,7,0,0,NULL,NULL,'0.00','0.00',NULL,1,'0.00'),(1508,29,'IM100009','3 CORE FLEX CABLE','2021-10-17 21:16:52',5,7,0,0,NULL,NULL,'0.00','0.00',NULL,1,'6.00'),(1509,29,'IM100010','3 PHASE CCB GANG','2021-10-17 21:16:52',5,7,0,0,NULL,NULL,'0.00','0.00',NULL,1,'2.00'),(1510,29,'IM100011','3 POLE CCT BREAKER 63A','2021-10-17 21:16:52',5,7,0,0,NULL,NULL,'0.00','0.00',NULL,1,'9.00'),(1511,29,'IM100012','35mm single core DC cable UV protected','2021-10-17 21:16:52',5,7,0,0,NULL,NULL,'0.00','0.00',NULL,1,'1.00'),(1512,29,'IM100013','4 CORE POWER CABLE 2.5MM','2021-10-17 21:16:52',5,7,0,0,NULL,NULL,'0.00','0.00',NULL,1,'8.00'),(1513,29,'IM100014','50MM SQ SC YELLOW GREEN','2021-10-17 21:16:52',5,7,0,0,NULL,NULL,'0.00','0.00',NULL,1,'8.00'),(1514,29,'IM100015','7/8 feeder cable Andrew','2021-10-17 21:16:52',5,7,0,0,NULL,NULL,'0.00','0.00',NULL,1,'3.00'),(1515,29,'IM100016','AC PDB 20A 5A 5A','2021-10-17 21:16:52',5,7,0,0,NULL,NULL,'0.00','0.00',NULL,1,'3.00'),(1516,29,'IM100017','ALL WEATHER ELECTRICAL TAPES 10M','2021-10-17 21:16:52',5,7,0,0,NULL,NULL,'0.00','0.00',NULL,1,'7.00'),(1517,29,'IM100018','All Weather Proofing Tapes','2021-10-17 21:16:52',5,7,0,0,NULL,NULL,'0.00','0.00',NULL,1,'6.00'),(1518,29,'IM100019','Aluminum Paint','2021-10-17 21:16:52',5,7,0,0,NULL,NULL,'0.00','0.00',NULL,1,'6.00'),(1519,29,'IM100020','Angle Line','2021-10-17 21:16:52',5,7,0,0,NULL,NULL,'0.00','0.00',NULL,1,'5.00'),(1520,29,'IM100021','ANGLE MAGNETS','2021-10-17 21:16:52',5,7,0,0,NULL,NULL,'0.00','0.00',NULL,1,'6.00'),(1521,29,'IM100022','ANTENNA MOUNTS','2021-10-17 21:16:52',5,7,0,0,NULL,NULL,'0.00','0.00',NULL,1,'6.00'),(1522,29,'IM100023','ARMORED CABLE','2021-10-17 21:16:52',5,7,0,0,NULL,NULL,'0.00','0.00',NULL,1,'9.00'),(1523,29,'IM100024','ARMORED CABLE 25MM DUO CORED','2021-10-17 21:16:52',5,7,0,0,NULL,NULL,'0.00','0.00',NULL,1,'1.00'),(1524,29,'IM100025','ARMORED POWER CABLE','2021-10-17 21:16:52',5,7,0,0,NULL,NULL,'0.00','0.00',NULL,1,'5.00'),(1525,29,'IM100026','AVIATION WARNING LIGHT CABLE','2021-10-17 21:16:52',5,7,0,0,NULL,NULL,'0.00','0.00',NULL,1,'4.00'),(1526,29,'IM100027','AVO METER','2021-10-17 21:16:52',5,7,0,0,NULL,NULL,'0.00','0.00',NULL,1,'4.00'),(1527,29,'IM100028','Ballast','2021-10-17 21:16:52',5,7,0,0,NULL,NULL,'0.00','0.00',NULL,1,'8.00'),(1528,29,'IM100029','BARS BAR','2021-10-17 21:16:52',5,7,0,0,NULL,NULL,'0.00','0.00',NULL,1,'8.00'),(1529,29,'IM100030','BENDS','2021-10-17 21:16:52',5,7,0,0,NULL,NULL,'0.00','0.00',NULL,1,'6.00'),(1530,29,'IM100031','BOLTS','2021-10-17 21:16:52',5,7,0,0,NULL,NULL,'0.00','0.00',NULL,1,'6.00'),(1531,29,'IM100032','BOX SPANNERS','2021-10-17 21:16:52',5,7,0,0,NULL,NULL,'0.00','0.00',NULL,1,'2.00'),(1532,29,'IM100033','BRACKETS','2021-10-17 21:16:52',5,7,0,0,NULL,NULL,'0.00','0.00',NULL,1,'4.00'),(1533,29,'IM100034','BRASS BOLTS','2021-10-17 21:16:52',5,7,0,0,NULL,NULL,'0.00','0.00',NULL,1,'1.00'),(1534,29,'IM100035','BREAKER RAILS','2021-10-17 21:16:52',5,7,0,0,NULL,NULL,'0.00','0.00',NULL,1,'2.00'),(1535,29,'IM100036','BTS ADAPTING BRACKETS','2021-10-17 21:16:52',5,7,0,0,NULL,NULL,'0.00','0.00',NULL,1,'0.00'),(1536,29,'IM100037','BTS FLOOR','2021-10-17 21:16:52',5,7,0,0,NULL,NULL,'0.00','0.00',NULL,1,'3.00'),(1537,29,'IM100038','BTS SHED KIT','2021-10-17 21:16:52',5,7,0,0,NULL,NULL,'0.00','0.00',NULL,1,'6.00'),(1538,29,'IM100039','BUSH NUTS','2021-10-17 21:16:52',5,7,0,0,NULL,NULL,'0.00','0.00',NULL,1,'9.00'),(1539,29,'IM100040','CABLE ENDS 2.5MM','2021-10-17 21:16:52',5,7,0,0,NULL,NULL,'0.00','0.00',NULL,1,'8.00'),(1540,29,'IM100041','CABLE ENTRY','2021-10-17 21:16:52',5,7,0,0,NULL,NULL,'0.00','0.00',NULL,1,'2.00'),(1541,29,'IM100042','CABLE GLANDS','2021-10-17 21:16:52',5,7,0,0,NULL,NULL,'0.00','0.00',NULL,1,'8.00'),(1542,29,'IM100043','CABLE LUGS','2021-10-17 21:16:52',5,7,0,0,NULL,NULL,'0.00','0.00',NULL,1,'2.00'),(1543,29,'IM100044','CABLE PIN PLUGS','2021-10-17 21:16:52',5,7,0,0,NULL,NULL,'0.00','0.00',NULL,1,'5.00'),(1544,29,'IM100045','CABLE TRAY','2021-10-17 21:16:52',5,7,0,0,NULL,NULL,'0.00','0.00',NULL,1,'1.00'),(1545,29,'IM100046','CABLE TRAY 200X300 WITH COVER (WITH STANDS)','2021-10-17 21:16:52',5,7,0,0,NULL,NULL,'0.00','0.00',NULL,1,'8.00'),(1546,29,'IM100047','CABLE TRAY 200X50 (WITH STANDS)','2021-10-17 21:16:52',5,7,0,0,NULL,NULL,'0.00','0.00',NULL,1,'8.00'),(1547,29,'IM100048','CABLE TRAY 400X50 WITH STANDS','2021-10-17 21:16:52',5,7,0,0,NULL,NULL,'0.00','0.00',NULL,1,'7.00'),(1548,29,'IM100049','CABLE TRAY BRACKETS 200MM','2021-10-17 21:16:52',5,7,0,0,NULL,NULL,'0.00','0.00',NULL,1,'2.00'),(1549,29,'IM100050','CABLE TRAY COVERS','2021-10-17 21:16:52',5,7,0,0,NULL,NULL,'0.00','0.00',NULL,1,'8.00'),(1550,29,'IM100051','CABLE TRAY STAND','2021-10-17 21:16:52',5,7,0,0,NULL,NULL,'0.00','0.00',NULL,1,'4.00'),(1551,29,'IM100052','CABLE YELLOW/GREEN 6MM SINGE CORE','2021-10-17 21:16:52',5,7,0,0,NULL,NULL,'0.00','0.00',NULL,1,'7.00'),(1552,29,'IM100053','CAPWASHERS','2021-10-17 21:16:52',5,7,0,0,NULL,NULL,'0.00','0.00',NULL,1,'4.00'),(1553,29,'IM100054','CARTRIDGE- FOR LABELLING MACHINE','2021-10-17 21:16:52',5,7,0,0,NULL,NULL,'0.00','0.00',NULL,1,'9.00'),(1554,29,'IM100055','CCB','2021-10-17 21:16:52',5,7,0,0,NULL,NULL,'0.00','0.00',NULL,1,'3.00'),(1555,29,'IM100056','CCB 20A SINGLE POLE','2021-10-17 21:16:52',5,7,0,0,NULL,NULL,'0.00','0.00',NULL,1,'8.00'),(1556,29,'IM100057','Cement','2021-10-17 21:16:52',5,7,0,0,NULL,NULL,'0.00','0.00',NULL,1,'2.00'),(1557,29,'IM100058','Channels','2021-10-17 21:16:52',5,7,0,0,NULL,NULL,'0.00','0.00',NULL,1,'7.00'),(1558,29,'IM100059','CHECK METER','2021-10-17 21:16:52',5,7,0,0,NULL,NULL,'0.00','0.00',NULL,1,'8.00'),(1559,29,'IM100060','CIRCUIT BREAKER 100A','2021-10-17 21:16:52',5,7,0,0,NULL,NULL,'0.00','0.00',NULL,1,'8.00'),(1560,29,'IM100061','CIRCUIT BREAKER 10A','2021-10-17 21:16:52',5,7,0,0,NULL,NULL,'0.00','0.00',NULL,1,'8.00'),(1561,29,'IM100062','CIRCUIT BREAKER 12A','2021-10-17 21:16:52',5,7,0,0,NULL,NULL,'0.00','0.00',NULL,1,'5.00'),(1562,29,'IM100063','CIRCUIT BREAKER 20A','2021-10-17 21:16:52',5,7,0,0,NULL,NULL,'0.00','0.00',NULL,1,'2.00'),(1563,29,'IM100064','CIRCUIT BREAKER 80A','2021-10-17 21:16:52',5,7,0,0,NULL,NULL,'0.00','0.00',NULL,1,'3.00'),(1564,29,'IM100065','CIRCUIT BREAKER BUS BAR','2021-10-17 21:16:52',5,7,0,0,NULL,NULL,'0.00','0.00',NULL,1,'1.00'),(1565,29,'IM100066','CIVIL WORKS','2021-10-17 21:16:52',5,7,0,0,NULL,NULL,'0.00','0.00',NULL,1,'5.00'),(1566,29,'IM100067','CLIP ROPES','2021-10-17 21:16:52',5,7,0,0,NULL,NULL,'0.00','0.00',NULL,1,'1.00'),(1567,29,'IM100068','COMMERCIAL POWER APPLICATION','2021-10-17 21:16:52',5,7,0,0,NULL,NULL,'0.00','0.00',NULL,1,'2.00'),(1568,29,'IM100069','Compass','2021-10-17 21:16:52',5,7,0,0,NULL,NULL,'0.00','0.00',NULL,1,'8.00'),(1569,29,'IM100070','CONCRETE DRILL BITS','2021-10-17 21:16:52',5,7,0,0,NULL,NULL,'0.00','0.00',NULL,1,'2.00'),(1570,29,'IM100071','Connectors','2021-10-17 21:16:52',5,7,0,0,NULL,NULL,'0.00','0.00',NULL,1,'5.00'),(1571,29,'IM100072','Contingencies','2021-10-17 21:16:52',5,7,0,0,NULL,NULL,'0.00','0.00',NULL,1,'2.00'),(1572,29,'IM100073','COOPER BAR ISOLATORS','2021-10-17 21:16:52',5,7,0,0,NULL,NULL,'0.00','0.00',NULL,1,'2.00'),(1573,29,'IM100074','COOPER BLOCK CONNECTORS','2021-10-17 21:16:52',5,7,0,0,NULL,NULL,'0.00','0.00',NULL,1,'7.00'),(1574,29,'IM100075','COOPER BUS BARS COMPLETE WITH ISOLATORS','2021-10-17 21:16:52',5,7,0,0,NULL,NULL,'0.00','0.00',NULL,1,'6.00'),(1575,29,'IM100076','COPPER BLOCKS','2021-10-17 21:16:52',5,7,0,0,NULL,NULL,'0.00','0.00',NULL,1,'1.00'),(1576,29,'IM100077','COPPER CONNECTING BLOCK','2021-10-17 21:16:52',5,7,0,0,NULL,NULL,'0.00','0.00',NULL,1,'7.00'),(1577,29,'IM100078','COPPER EARTH BARS','2021-10-17 21:16:52',5,7,0,0,NULL,NULL,'0.00','0.00',NULL,1,'2.00'),(1578,29,'IM100079','COPPER TAPE','2021-10-17 21:16:52',5,7,0,0,NULL,NULL,'0.00','0.00',NULL,1,'8.00'),(1579,29,'IM100080','CORD REEL EXTENSION POWER CABLE 50M','2021-10-17 21:16:52',5,7,0,0,NULL,NULL,'0.00','0.00',NULL,1,'6.00'),(1580,29,'IM100081','COUPLERS','2021-10-17 21:16:52',5,7,0,0,NULL,NULL,'0.00','0.00',NULL,1,'5.00'),(1581,29,'IM100082','DB COMPLETE WITH BREAKERS','2021-10-17 21:16:52',5,7,0,0,NULL,NULL,'0.00','0.00',NULL,1,'6.00'),(1582,29,'IM100083','DC PDB 4-WAY - 125A MCB 80.A 40A','2021-10-17 21:16:52',5,7,0,0,NULL,NULL,'0.00','0.00',NULL,1,'4.00'),(1583,29,'IM100084','DDF Plates','2021-10-17 21:16:52',5,7,0,0,NULL,NULL,'0.00','0.00',NULL,1,'3.00'),(1584,29,'IM100085','Delta Frames','2021-10-17 21:16:52',5,7,0,0,NULL,NULL,'0.00','0.00',NULL,1,'4.00'),(1585,29,'IM100086','DISTRIBUTION BOX','2021-10-17 21:16:52',5,7,0,0,NULL,NULL,'0.00','0.00',NULL,1,'2.00'),(1586,29,'IM100087','DOOR MAGNETS','2021-10-17 21:16:52',5,7,0,0,NULL,NULL,'0.00','0.00',NULL,1,'6.00'),(1587,29,'IM100088','Down Pipe','2021-10-17 21:16:52',5,7,0,0,NULL,NULL,'0.00','0.00',NULL,1,'3.00'),(1588,29,'IM100089','DRAW WIRE','2021-10-17 21:16:52',5,7,0,0,NULL,NULL,'0.00','0.00',NULL,1,'8.00'),(1589,29,'IM100090','DRAWINGS','2021-10-17 21:16:52',5,7,0,0,NULL,NULL,'0.00','0.00',NULL,1,'3.00'),(1590,29,'IM100091','DRILL BITS','2021-10-17 21:16:52',5,7,0,0,NULL,NULL,'0.00','0.00',NULL,1,'9.00'),(1591,29,'IM100092','DRILL BITS MASON 3MM','2021-10-17 21:16:52',5,7,0,0,NULL,NULL,'0.00','0.00',NULL,1,'8.00'),(1592,29,'IM100093','DRILL BITS STEEL 6MM','2021-10-17 21:16:52',5,7,0,0,NULL,NULL,'0.00','0.00',NULL,1,'2.00'),(1593,29,'IM100094','DRILLING BITS HARDEN STEEL','2021-10-17 21:16:52',5,7,0,0,NULL,NULL,'0.00','0.00',NULL,1,'6.00'),(1594,29,'IM100095','DRILLING MACHINE','2021-10-17 21:16:52',5,7,0,0,NULL,NULL,'0.00','0.00',NULL,1,'4.00'),(1595,29,'IM100096','EARTH BARS','2021-10-17 21:16:52',5,7,0,0,NULL,NULL,'0.00','0.00',NULL,1,'10.00'),(1596,29,'IM100097','EARTH BLOCK','2021-10-17 21:16:52',5,7,0,0,NULL,NULL,'0.00','0.00',NULL,1,'9.00'),(1597,29,'IM100098','EARTH CABLE','2021-10-17 21:16:52',5,7,0,0,NULL,NULL,'0.00','0.00',NULL,1,'7.00'),(1598,29,'IM100099','EARTH CABLE 2.5MM STRANDED YELLOW GREEN','2021-10-17 21:16:52',5,7,0,0,NULL,NULL,'0.00','0.00',NULL,1,'5.00'),(1599,29,'IM100100','EARTH ROD CLAMPS','2021-10-17 21:16:52',5,7,0,0,NULL,NULL,'0.00','0.00',NULL,1,'6.00'),(1600,29,'IM100101','EARTH TESTER','2021-10-17 21:16:52',5,7,0,0,NULL,NULL,'0.00','0.00',NULL,1,'3.00'),(1601,29,'IM100102','EDGE PROTECTION RIBBON','2021-10-17 21:16:52',5,7,0,0,NULL,NULL,'0.00','0.00',NULL,1,'9.00'),(1602,29,'IM100103','ELECTRICAL INSTALLATION','2021-10-17 21:16:52',5,7,0,0,NULL,NULL,'0.00','0.00',NULL,1,'7.00'),(1603,29,'IM100104','ELECTRICAL INSTALLATIONS','2021-10-17 21:16:52',5,7,0,0,NULL,NULL,'0.00','0.00',NULL,1,'9.00'),(1604,29,'IM100105','ELECTRICAL SUNDRY WORKS','2021-10-17 21:16:52',5,7,0,0,NULL,NULL,'0.00','0.00',NULL,1,'1.00'),(1605,29,'IM100106','ELECTRONIC TOOL KIT','2021-10-17 21:16:52',5,7,0,0,NULL,NULL,'0.00','0.00',NULL,1,'8.00'),(1606,29,'IM100107','ENCLOSURE 150X150X10','2021-10-17 21:16:52',5,7,0,0,NULL,NULL,'0.00','0.00',NULL,1,'6.00'),(1607,29,'IM100108','ENCLOSURE IP65 250X300','2021-10-17 21:16:52',5,7,0,0,NULL,NULL,'0.00','0.00',NULL,1,'9.00'),(1608,29,'IM100109','EXHAUST PIPE CAP','2021-10-17 21:16:52',5,7,0,0,NULL,NULL,'0.00','0.00',NULL,1,'7.00'),(1609,29,'IM100110','FABRICATION','2021-10-17 21:16:52',5,7,0,0,NULL,NULL,'0.00','0.00',NULL,1,'7.00'),(1610,29,'IM100111','FIXTURES','2021-10-17 21:16:52',5,7,0,0,NULL,NULL,'0.00','0.00',NULL,1,'4.00'),(1611,29,'IM100112','Flat Bar HDG','2021-10-17 21:16:52',5,7,0,0,NULL,NULL,'0.00','0.00',NULL,1,'1.00'),(1612,29,'IM100113','FLAT FILE','2021-10-17 21:16:52',5,7,0,0,NULL,NULL,'0.00','0.00',NULL,1,'10.00'),(1613,29,'IM100114','FLEX  CABLE','2021-10-17 21:16:52',5,7,0,0,NULL,NULL,'0.00','0.00',NULL,1,'8.00'),(1614,29,'IM100115','FLEX CABLE BLACK 2.5MM','2021-10-17 21:16:53',5,7,0,0,NULL,NULL,'0.00','0.00',NULL,1,'1.00'),(1615,29,'IM100116','FLEX CABLE RED 2.5MM','2021-10-17 21:16:53',5,7,0,0,NULL,NULL,'0.00','0.00',NULL,1,'9.00'),(1616,29,'IM100117','FLEX POWER CABLE','2021-10-17 21:16:53',5,7,0,0,NULL,NULL,'0.00','0.00',NULL,1,'4.00'),(1617,29,'IM100118','FLEXIBLE CABLE','2021-10-17 21:16:53',5,7,0,0,NULL,NULL,'0.00','0.00',NULL,1,'2.00'),(1618,29,'IM100119','FLOOD LIGHT','2021-10-17 21:16:53',5,7,0,0,NULL,NULL,'0.00','0.00',NULL,1,'10.00'),(1619,29,'IM100120','FLOURECENT LAMP','2021-10-17 21:16:53',5,7,0,0,NULL,NULL,'0.00','0.00',NULL,1,'2.00'),(1620,29,'IM100121','FORM FILLER 500ML','2021-10-17 21:16:53',5,7,0,0,NULL,NULL,'0.00','0.00',NULL,1,'1.00'),(1621,29,'IM100122','FOUR PAIR ETHERNET SCREENED UV PROTECTED CABLE','2021-10-17 21:16:53',5,7,0,0,NULL,NULL,'0.00','0.00',NULL,1,'9.00'),(1622,29,'IM100123','GALVANISED ANTENNAE POLES','2021-10-17 21:16:53',5,7,0,0,NULL,NULL,'0.00','0.00',NULL,1,'1.00'),(1623,29,'IM100124','GALVANISED BOOM','2021-10-17 21:16:53',5,7,0,0,NULL,NULL,'0.00','0.00',NULL,1,'7.00'),(1624,29,'IM100125','Galvanised Clamps with bolts','2021-10-17 21:16:53',5,7,0,0,NULL,NULL,'0.00','0.00',NULL,1,'3.00'),(1625,29,'IM100126','GALVANISED MICROWAVE POLE','2021-10-17 21:16:53',5,7,0,0,NULL,NULL,'0.00','0.00',NULL,1,'5.00'),(1626,29,'IM100127','GATE OVERHAUL','2021-10-17 21:16:53',5,7,0,0,NULL,NULL,'0.00','0.00',NULL,1,'4.00'),(1627,29,'IM100128','Gate Rail Kits and Wheels','2021-10-17 21:16:53',5,7,0,0,NULL,NULL,'0.00','0.00',NULL,1,'4.00'),(1628,29,'IM100129','GENERATOR PIPE','2021-10-17 21:16:53',5,7,0,0,NULL,NULL,'0.00','0.00',NULL,1,'0.00'),(1629,29,'IM100130','GENSET LUGGING MATERIAL','2021-10-17 21:16:53',5,7,0,0,NULL,NULL,'0.00','0.00',NULL,1,'8.00'),(1630,29,'IM100131','GLANDS 25MM','2021-10-17 21:16:53',5,7,0,0,NULL,NULL,'0.00','0.00',NULL,1,'8.00'),(1631,29,'IM100132','GPRS','2021-10-17 21:16:53',5,7,0,0,NULL,NULL,'0.00','0.00',NULL,1,'8.00'),(1632,29,'IM100133','GREASE','2021-10-17 21:16:53',5,7,0,0,NULL,NULL,'0.00','0.00',NULL,1,'4.00'),(1633,29,'IM100134','GROUND BAR','2021-10-17 21:16:53',5,7,0,0,NULL,NULL,'0.00','0.00',NULL,1,'9.00'),(1634,29,'IM100135','Gutter','2021-10-17 21:16:53',5,7,0,0,NULL,NULL,'0.00','0.00',NULL,1,'1.00'),(1635,29,'IM100136','Gutter Brackets HDG','2021-10-17 21:16:53',5,7,0,0,NULL,NULL,'0.00','0.00',NULL,1,'7.00'),(1636,29,'IM100137','HACKSAW BLADES','2021-10-17 21:16:53',5,7,0,0,NULL,NULL,'0.00','0.00',NULL,1,'4.00'),(1637,29,'IM100138','HAMMER','2021-10-17 21:16:53',5,7,0,0,NULL,NULL,'0.00','0.00',NULL,1,'10.00'),(1638,29,'IM100139','HASP','2021-10-17 21:16:53',5,7,0,0,NULL,NULL,'0.00','0.00',NULL,1,'5.00'),(1639,29,'IM100140','HDG DELTA FRAME','2021-10-17 21:16:53',5,7,0,0,NULL,NULL,'0.00','0.00',NULL,1,'8.00'),(1640,29,'IM100141','HDG SOLAR SHED','2021-10-17 21:16:53',5,7,0,0,NULL,NULL,'0.00','0.00',NULL,1,'3.00'),(1641,29,'IM100142','H-FRAMES','2021-10-17 21:16:53',5,7,0,0,NULL,NULL,'0.00','0.00',NULL,1,'2.00'),(1642,29,'IM100143','HILT BIT','2021-10-17 21:16:53',5,7,0,0,NULL,NULL,'0.00','0.00',NULL,1,'9.00'),(1643,29,'IM100144','HOLE SAW ARBOUR','2021-10-17 21:16:53',5,7,0,0,NULL,NULL,'0.00','0.00',NULL,1,'1.00'),(1644,29,'IM100145','HOLE SAW BLADE','2021-10-17 21:16:53',5,7,0,0,NULL,NULL,'0.00','0.00',NULL,1,'6.00'),(1645,29,'IM100146','HORSE CLIPS','2021-10-17 21:16:53',5,7,0,0,NULL,NULL,'0.00','0.00',NULL,1,'9.00'),(1646,29,'IM100147','HSS DRILL BITS','2021-10-17 21:16:53',5,7,0,0,NULL,NULL,'0.00','0.00',NULL,1,'5.00'),(1647,29,'IM100148','HSS DRILL BITS SET','2021-10-17 21:16:53',5,7,0,0,NULL,NULL,'0.00','0.00',NULL,1,'9.00'),(1648,29,'IM100149','HUAWEI BTS RACK','2021-10-17 21:16:53',5,7,0,0,NULL,NULL,'0.00','0.00',NULL,1,'9.00'),(1649,29,'IM100150','INSTALLATION','2021-10-17 21:16:53',5,7,0,0,NULL,NULL,'0.00','0.00',NULL,1,'9.00'),(1650,29,'IM100151','INSULATED SCREWDRIVERS','2021-10-17 21:16:53',5,7,0,0,NULL,NULL,'0.00','0.00',NULL,1,'9.00'),(1651,29,'IM100152','INSULATING KIT','2021-10-17 21:16:53',5,7,0,0,NULL,NULL,'0.00','0.00',NULL,1,'6.00'),(1652,29,'IM100153','INVERTER','2021-10-17 21:16:53',5,7,0,0,NULL,NULL,'0.00','0.00',NULL,1,'5.00'),(1653,29,'IM100154','IP 54 800X1000X200','2021-10-17 21:16:53',5,7,0,0,NULL,NULL,'0.00','0.00',NULL,1,'6.00'),(1654,29,'IM100155','IP 54 ENCLOSURE','2021-10-17 21:16:53',5,7,0,0,NULL,NULL,'0.00','0.00',NULL,1,'7.00'),(1655,29,'IM100156','IP3 GREASE','2021-10-17 21:16:53',5,7,0,0,NULL,NULL,'0.00','0.00',NULL,1,'5.00'),(1656,29,'IM100157','IP54 RATED ENCLOSURE','2021-10-17 21:16:53',5,7,0,0,NULL,NULL,'0.00','0.00',NULL,1,'6.00'),(1657,29,'IM100158','JUNCTION BOX PVC','2021-10-17 21:16:53',5,7,0,0,NULL,NULL,'0.00','0.00',NULL,1,'5.00'),(1658,29,'IM100159','JUNCTION BOX STEEL','2021-10-17 21:16:53',5,7,0,0,NULL,NULL,'0.00','0.00',NULL,1,'8.00'),(1659,29,'IM100160','JUNCTION BOXES','2021-10-17 21:16:53',5,7,0,0,NULL,NULL,'0.00','0.00',NULL,1,'3.00'),(1660,29,'IM100161','JUNIOR HACKSAW','2021-10-17 21:16:53',5,7,0,0,NULL,NULL,'0.00','0.00',NULL,1,'1.00'),(1661,29,'IM100162','LADDER','2021-10-17 21:16:53',5,7,0,0,NULL,NULL,'0.00','0.00',NULL,1,'5.00'),(1662,29,'IM100163','LIGHTENING ARRESTOR','2021-10-17 21:16:53',5,7,0,0,NULL,NULL,'0.00','0.00',NULL,1,'2.00'),(1663,29,'IM100164','LIGHTINING SPIKE','2021-10-17 21:16:53',5,7,0,0,NULL,NULL,'0.00','0.00',NULL,1,'6.00'),(1664,29,'IM100165','Loop Channels','2021-10-17 21:16:53',5,7,0,0,NULL,NULL,'0.00','0.00',NULL,1,'2.00'),(1665,29,'IM100166','LOW PRESSURE HOSE','2021-10-17 21:16:53',5,7,0,0,NULL,NULL,'0.00','0.00',NULL,1,'2.00'),(1666,29,'IM100167','MAGNETIC DOOR SENSOR','2021-10-17 21:16:53',5,7,0,0,NULL,NULL,'0.00','0.00',NULL,1,'4.00'),(1667,29,'IM100168','MASTERFLEX 700','2021-10-17 21:16:53',5,7,0,0,NULL,NULL,'0.00','0.00',NULL,1,'5.00'),(1668,29,'IM100169','MASTERFLEX PRIMER NO.1','2021-10-17 21:16:53',5,7,0,0,NULL,NULL,'0.00','0.00',NULL,1,'3.00'),(1669,29,'IM100170','METALLIC TRUNKING 2X2','2021-10-17 21:16:53',5,7,0,0,NULL,NULL,'0.00','0.00',NULL,1,'0.00'),(1670,29,'IM100171','METER BOX','2021-10-17 21:16:53',5,7,0,0,NULL,NULL,'0.00','0.00',NULL,1,'2.00'),(1671,29,'IM100172','MICROWAVE BOOM','2021-10-17 21:16:53',5,7,0,0,NULL,NULL,'0.00','0.00',NULL,1,'7.00'),(1672,29,'IM100173','Microwave link installation and Commissioning','2021-10-17 21:16:53',5,7,0,0,NULL,NULL,'0.00','0.00',NULL,1,'1.00'),(1673,29,'IM100174','MICROWAVE POLES','2021-10-17 21:16:53',5,7,0,0,NULL,NULL,'0.00','0.00',NULL,1,'4.00'),(1674,29,'IM100175','MOTION DETECT LAMPS','2021-10-17 21:16:53',5,7,0,0,NULL,NULL,'0.00','0.00',NULL,1,'8.00'),(1675,29,'IM100176','MOTION DETECTOR BULBS','2021-10-17 21:16:53',5,7,0,0,NULL,NULL,'0.00','0.00',NULL,1,'8.00'),(1676,29,'IM100177','NEUTRAL BLOCK','2021-10-17 21:16:53',5,7,0,0,NULL,NULL,'0.00','0.00',NULL,1,'3.00'),(1677,29,'IM100178','NEUTRO  BAR','2021-10-17 21:16:53',5,7,0,0,NULL,NULL,'0.00','0.00',NULL,1,'4.00'),(1678,29,'IM100179','NUTS','2021-10-17 21:16:53',5,7,0,0,NULL,NULL,'0.00','0.00',NULL,1,'9.00'),(1679,29,'IM100180','NYLON ROPE','2021-10-17 21:16:53',5,7,0,0,NULL,NULL,'0.00','0.00',NULL,1,'6.00'),(1680,29,'IM100181','OFF LOADING OF MATERIALS','2021-10-17 21:16:53',5,7,0,0,NULL,NULL,'0.00','0.00',NULL,1,'10.00'),(1681,29,'IM100182','PATCH CORD','2021-10-17 21:16:53',5,7,0,0,NULL,NULL,'0.00','0.00',NULL,1,'2.00'),(1682,29,'IM100183','PERFORATED TRUNKING','2021-10-17 21:16:53',5,7,0,0,NULL,NULL,'0.00','0.00',NULL,1,'2.00'),(1683,29,'IM100184','PLASTIC FLEX','2021-10-17 21:16:53',5,7,0,0,NULL,NULL,'0.00','0.00',NULL,1,'3.00'),(1684,29,'IM100185','PLUGS','2021-10-17 21:16:53',5,7,0,0,NULL,NULL,'0.00','0.00',NULL,1,'0.00'),(1685,29,'IM100186','POWER CABLE','2021-10-17 21:16:53',5,7,0,0,NULL,NULL,'0.00','0.00',NULL,1,'1.00'),(1686,29,'IM100187','POWER CABLE (STRANDED)','2021-10-17 21:16:53',5,7,0,0,NULL,NULL,'0.00','0.00',NULL,1,'4.00'),(1687,29,'IM100188','POWER CABLE 25MM 4CORE','2021-10-17 21:16:53',5,7,0,0,NULL,NULL,'0.00','0.00',NULL,1,'7.00'),(1688,29,'IM100189','PVC CABLE','2021-10-17 21:16:53',5,7,0,0,NULL,NULL,'0.00','0.00',NULL,1,'5.00'),(1689,29,'IM100190','PVC GLUE','2021-10-17 21:16:53',5,7,0,0,NULL,NULL,'0.00','0.00',NULL,1,'1.00'),(1690,29,'IM100191','RAILS','2021-10-17 21:16:53',5,7,0,0,NULL,NULL,'0.00','0.00',NULL,1,'3.00'),(1691,29,'IM100192','RAW BOLTS','2021-10-17 21:16:53',5,7,0,0,NULL,NULL,'0.00','0.00',NULL,1,'1.00'),(1692,29,'IM100193','REDUCING PERFORATED BRACKETS','2021-10-17 21:16:53',5,7,0,0,NULL,NULL,'0.00','0.00',NULL,1,'7.00'),(1693,29,'IM100194','RELAYS','2021-10-17 21:16:53',5,7,0,0,NULL,NULL,'0.00','0.00',NULL,1,'1.00'),(1694,29,'IM100195','Repairs','2021-10-17 21:16:53',5,7,0,0,NULL,NULL,'0.00','0.00',NULL,1,'5.00'),(1695,29,'IM100196','REPORTS','2021-10-17 21:16:53',5,7,0,0,NULL,NULL,'0.00','0.00',NULL,1,'9.00'),(1696,29,'IM100197','RHEOMIX 141','2021-10-17 21:16:53',5,7,0,0,NULL,NULL,'0.00','0.00',NULL,1,'3.00'),(1697,29,'IM100198','RHS','2021-10-17 21:16:53',5,7,0,0,NULL,NULL,'0.00','0.00',NULL,1,'8.00'),(1698,29,'IM100199','Roofing Sheets','2021-10-17 21:16:53',5,7,0,0,NULL,NULL,'0.00','0.00',NULL,1,'8.00'),(1699,29,'IM100200','Rotary Hammer TE 2-M','2021-10-17 21:16:53',5,7,0,0,NULL,NULL,'0.00','0.00',NULL,1,'9.00'),(1700,29,'IM100201','RUBBER PROTECTOR','2021-10-17 21:16:53',5,7,0,0,NULL,NULL,'0.00','0.00',NULL,1,'9.00'),(1701,29,'IM100202','SADDLES','2021-10-17 21:16:53',5,7,0,0,NULL,NULL,'0.00','0.00',NULL,1,'10.00'),(1702,29,'IM100203','SAFETY BELT','2021-10-17 21:16:53',5,7,0,0,NULL,NULL,'0.00','0.00',NULL,1,'2.00'),(1703,29,'IM100204','Sand','2021-10-17 21:16:53',5,7,0,0,NULL,NULL,'0.00','0.00',NULL,1,'9.00'),(1704,29,'IM100205','SCREW DIVER FLAT','2021-10-17 21:16:53',5,7,0,0,NULL,NULL,'0.00','0.00',NULL,1,'8.00'),(1705,29,'IM100206','SCREWS','2021-10-17 21:16:53',5,7,0,0,NULL,NULL,'0.00','0.00',NULL,1,'6.00'),(1706,29,'IM100207','Shafted Rods Pins HDG','2021-10-17 21:16:53',5,7,0,0,NULL,NULL,'0.00','0.00',NULL,1,'6.00'),(1707,29,'IM100208','SILICON','2021-10-17 21:16:53',5,7,0,0,NULL,NULL,'0.00','0.00',NULL,1,'2.00'),(1708,29,'IM100209','SITE ACQUISATION','2021-10-17 21:16:53',5,7,0,0,NULL,NULL,'0.00','0.00',NULL,1,'1.00'),(1709,29,'IM100210','Site Drawings','2021-10-17 21:16:53',5,7,0,0,NULL,NULL,'0.00','0.00',NULL,1,'1.00'),(1710,29,'IM100211','SITE INSPECTION AND CERTIFICATE','2021-10-17 21:16:53',5,7,0,0,NULL,NULL,'0.00','0.00',NULL,1,'10.00'),(1711,29,'IM100212','Site Testing','2021-10-17 21:16:53',5,7,0,0,NULL,NULL,'0.00','0.00',NULL,1,'6.00'),(1712,29,'IM100213','SOLDER WIRE','2021-10-17 21:16:53',5,7,0,0,NULL,NULL,'0.00','0.00',NULL,1,'3.00'),(1713,29,'IM100214','SOLDER WIRING','2021-10-17 21:16:53',5,7,0,0,NULL,NULL,'0.00','0.00',NULL,1,'6.00'),(1714,29,'IM100215','SPANNERS','2021-10-17 21:16:53',5,7,0,0,NULL,NULL,'0.00','0.00',NULL,1,'3.00'),(1715,29,'IM100216','SPIRIT LEVEL','2021-10-17 21:16:53',5,7,0,0,NULL,NULL,'0.00','0.00',NULL,1,'3.00'),(1716,29,'IM100217','SPRAY','2021-10-17 21:16:53',5,7,0,0,NULL,NULL,'0.00','0.00',NULL,1,'10.00'),(1717,29,'IM100218','Square Block','2021-10-17 21:16:53',5,7,0,0,NULL,NULL,'0.00','0.00',NULL,1,'8.00'),(1718,29,'IM100219','SQUARE BLOCKS','2021-10-17 21:16:53',5,7,0,0,NULL,NULL,'0.00','0.00',NULL,1,'9.00'),(1719,29,'IM100220','STAND','2021-10-17 21:16:53',5,7,0,0,NULL,NULL,'0.00','0.00',NULL,1,'2.00'),(1720,29,'IM100221','STATUTORY FEES','2021-10-17 21:16:53',5,7,0,0,NULL,NULL,'0.00','0.00',NULL,1,'5.00'),(1721,29,'IM100222','STEEL BENDS 20MM','2021-10-17 21:16:53',5,7,0,0,NULL,NULL,'0.00','0.00',NULL,1,'6.00'),(1722,29,'IM100223','STEEL BIT','2021-10-17 21:16:53',5,7,0,0,NULL,NULL,'0.00','0.00',NULL,1,'5.00'),(1723,29,'IM100224','STEEL CONDUITS 25MM','2021-10-17 21:16:53',5,7,0,0,NULL,NULL,'0.00','0.00',NULL,1,'8.00'),(1724,29,'IM100225','STEEL COUPLERS 20MM','2021-10-17 21:16:53',5,7,0,0,NULL,NULL,'0.00','0.00',NULL,1,'4.00'),(1725,29,'IM100226','STEEL NAILS','2021-10-17 21:16:53',5,7,0,0,NULL,NULL,'0.00','0.00',NULL,1,'5.00'),(1726,29,'IM100227','STEEL PLASTIC COATED FLEXI 20MM','2021-10-17 21:16:53',5,7,0,0,NULL,NULL,'0.00','0.00',NULL,1,'3.00'),(1727,29,'IM100228','STEEL PLASTIC COATED FLEXI 25MM','2021-10-17 21:16:53',5,7,0,0,NULL,NULL,'0.00','0.00',NULL,1,'2.00'),(1728,29,'IM100229','STM1 SHELTER ROOF','2021-10-17 21:16:53',5,7,0,0,NULL,NULL,'0.00','0.00',NULL,1,'1.00'),(1729,29,'IM100230','STRIP CONNECTORS','2021-10-17 21:16:53',5,7,0,0,NULL,NULL,'0.00','0.00',NULL,1,'7.00'),(1730,29,'IM100231','Structural Analysis','2021-10-17 21:16:53',5,7,0,0,NULL,NULL,'0.00','0.00',NULL,1,'5.00'),(1731,29,'IM100232','SURVEY','2021-10-17 21:16:53',5,7,0,0,NULL,NULL,'0.00','0.00',NULL,1,'1.00'),(1732,29,'IM100233','T-BRACKETS FOR MW BOOM','2021-10-17 21:16:53',5,7,0,0,NULL,NULL,'0.00','0.00',NULL,1,'3.00'),(1733,29,'IM100234','TE-C CHUCK','2021-10-17 21:16:53',5,7,0,0,NULL,NULL,'0.00','0.00',NULL,1,'10.00'),(1734,29,'IM100235','TERMINAL BLOCKS 4MM','2021-10-17 21:16:53',5,7,0,0,NULL,NULL,'0.00','0.00',NULL,1,'9.00'),(1735,29,'IM100236','TERMINAL BLOCKS 95MM','2021-10-17 21:16:53',5,7,0,0,NULL,NULL,'0.00','0.00',NULL,1,'9.00'),(1736,29,'IM100237','THREAD ROD','2021-10-17 21:16:53',5,7,0,0,NULL,NULL,'0.00','0.00',NULL,1,'5.00'),(1737,29,'IM100238','TRUNKING','2021-10-17 21:16:53',5,7,0,0,NULL,NULL,'0.00','0.00',NULL,1,'9.00'),(1738,29,'IM100239','Twin Blank Plates','2021-10-17 21:16:53',5,7,0,0,NULL,NULL,'0.00','0.00',NULL,1,'9.00'),(1739,29,'IM100240','Twin Patress Boxes','2021-10-17 21:16:53',5,7,0,0,NULL,NULL,'0.00','0.00',NULL,1,'9.00'),(1740,29,'IM100241','TWIN SOCKET','2021-10-17 21:16:53',5,7,0,0,NULL,NULL,'0.00','0.00',NULL,1,'8.00'),(1741,29,'IM100242','U-BOLTS','2021-10-17 21:16:53',5,7,0,0,NULL,NULL,'0.00','0.00',NULL,1,'4.00'),(1742,29,'IM100243','UNIVERSAL ALARM CABLE','2021-10-17 21:16:53',5,7,0,0,NULL,NULL,'0.00','0.00',NULL,1,'7.00'),(1743,29,'IM100244','V-Bolts','2021-10-17 21:16:53',5,7,0,0,NULL,NULL,'0.00','0.00',NULL,1,'10.00'),(1744,29,'IM100245','V-CLAMPS','2021-10-17 21:16:53',5,7,0,0,NULL,NULL,'0.00','0.00',NULL,1,'10.00'),(1745,29,'IM100246','VEE CLAMPS','2021-10-17 21:16:53',5,7,0,0,NULL,NULL,'0.00','0.00',NULL,1,'8.00'),(1746,29,'IM100247','WALL PLUGS','2021-10-17 21:16:53',5,7,0,0,NULL,NULL,'0.00','0.00',NULL,1,'3.00'),(1747,29,'IM100248','WATER PIPE PLIERS','2021-10-17 21:16:53',5,7,0,0,NULL,NULL,'0.00','0.00',NULL,1,'9.00'),(1748,29,'IM100249','Water Tank with Tap & Accessories','2021-10-17 21:16:53',5,7,0,0,NULL,NULL,'0.00','0.00',NULL,1,'8.00'),(1749,29,'IM100250','WEATHER PROOF SOCKETS','2021-10-17 21:16:53',5,7,0,0,NULL,NULL,'0.00','0.00',NULL,1,'4.00'),(1750,29,'IM100251','WEATHER PROOF SWITCH','2021-10-17 21:16:53',5,7,0,0,NULL,NULL,'0.00','0.00',NULL,1,'3.00'),(1751,29,'IM100252','WEATHER PROOF SWITCHES','2021-10-17 21:16:53',5,7,0,0,NULL,NULL,'0.00','0.00',NULL,1,'6.00'),(1752,29,'IM100253','Wedge Steel Plates','2021-10-17 21:16:53',5,7,0,0,NULL,NULL,'0.00','0.00',NULL,1,'1.00'),(1753,29,'IM100254','WIRING CERTIFICATE','2021-10-17 21:16:53',5,7,0,0,NULL,NULL,'0.00','0.00',NULL,1,'6.00'),(1754,29,'IM100255','YELLOW/GREEN','2021-10-17 21:16:53',5,7,0,0,NULL,NULL,'0.00','0.00',NULL,1,'7.00'),(1755,30,'ITE00001','13A Twin Socket Outlet','2021-10-17 21:16:53',5,7,0,0,NULL,NULL,'0.00','0.00',NULL,1,'6.00'),(1756,30,'ITE00002','Access Points','2021-10-17 21:16:53',5,7,0,0,NULL,NULL,'0.00','0.00',NULL,1,'1.00'),(1757,30,'ITE00003','BATTERY N70','2021-10-17 21:16:53',5,7,0,0,NULL,NULL,'0.00','0.00',NULL,1,'6.00'),(1758,30,'ITE00004','cabinet','2021-10-17 21:16:53',5,7,0,0,NULL,NULL,'0.00','0.00',NULL,1,'8.00'),(1759,30,'ITE00005','Camera','2021-10-17 21:16:53',5,7,0,0,NULL,NULL,'0.00','0.00',NULL,1,'0.00'),(1760,30,'ITE00006','CID R2.0 Software Package','2021-10-17 21:16:53',5,7,0,0,NULL,NULL,'0.00','0.00',NULL,1,'8.00'),(1761,30,'ITE00007','Clipping tool','2021-10-17 21:16:53',5,7,0,0,NULL,NULL,'0.00','0.00',NULL,1,'1.00'),(1762,30,'ITE00008','COMPUTER POWER UNIT','2021-10-17 21:16:53',5,7,0,0,NULL,NULL,'0.00','0.00',NULL,1,'10.00'),(1763,30,'ITE00009','Configurations','2021-10-17 21:16:53',5,7,0,0,NULL,NULL,'0.00','0.00',NULL,1,'5.00'),(1764,30,'ITE00010','Desktop','2021-10-17 21:16:53',5,7,0,0,NULL,NULL,'0.00','0.00',NULL,1,'6.00'),(1765,30,'ITE00011','Desktop Phone','2021-10-17 21:16:53',5,7,0,0,NULL,NULL,'0.00','0.00',NULL,1,'7.00'),(1766,30,'ITE00012','Desktop Ram','2021-10-17 21:16:53',5,7,0,0,NULL,NULL,'0.00','0.00',NULL,1,'6.00'),(1767,30,'ITE00013','domain registration','2021-10-17 21:16:53',5,7,0,0,NULL,NULL,'0.00','0.00',NULL,1,'8.00'),(1768,30,'ITE00014','Domain Renewal','2021-10-17 21:16:53',5,7,0,0,NULL,NULL,'0.00','0.00',NULL,1,'2.00'),(1769,30,'ITE00015','Ethernet cable','2021-10-17 21:16:53',5,7,0,0,NULL,NULL,'0.00','0.00',NULL,1,'5.00'),(1770,30,'ITE00016','Ethernet Sockets','2021-10-17 21:16:53',5,7,0,0,NULL,NULL,'0.00','0.00',NULL,1,'0.00'),(1771,30,'ITE00017','FISCAL PRINTER','2021-10-17 21:16:53',5,7,0,0,NULL,NULL,'0.00','0.00',NULL,1,'7.00'),(1772,30,'ITE00018','Flash disk','2021-10-17 21:16:53',5,7,0,0,NULL,NULL,'0.00','0.00',NULL,1,'2.00'),(1773,30,'ITE00019','Grey List Package Grace Period','2021-10-17 21:16:53',5,7,0,0,NULL,NULL,'0.00','0.00',NULL,1,'2.00'),(1774,30,'ITE00020','Hard disk','2021-10-17 21:16:53',5,7,0,0,NULL,NULL,'0.00','0.00',NULL,1,'2.00'),(1775,30,'ITE00021','HOUSE RELAY','2021-10-17 21:16:53',5,7,0,0,NULL,NULL,'0.00','0.00',NULL,1,'6.00'),(1776,30,'ITE00022','Integration Package with Authority\'s system','2021-10-17 21:16:53',5,7,0,0,NULL,NULL,'0.00','0.00',NULL,1,'4.00'),(1777,30,'ITE00023','IP Phones','2021-10-17 21:16:53',5,7,0,0,NULL,NULL,'0.00','0.00',NULL,1,'2.00'),(1778,30,'ITE00024','Keyboard','2021-10-17 21:16:53',5,7,0,0,NULL,NULL,'0.00','0.00',NULL,1,'7.00'),(1779,30,'ITE00025','Laptop','2021-10-17 21:16:53',5,7,0,0,NULL,NULL,'0.00','0.00',NULL,1,'9.00'),(1780,30,'ITE00026','Laptop Bag','2021-10-17 21:16:53',5,7,0,0,NULL,NULL,'0.00','0.00',NULL,1,'6.00'),(1781,30,'ITE00027','Laptop Battery','2021-10-17 21:16:53',5,7,0,0,NULL,NULL,'0.00','0.00',NULL,1,'2.00'),(1782,30,'ITE00028','Laptop Parts','2021-10-17 21:16:53',5,7,0,0,NULL,NULL,'0.00','0.00',NULL,1,'4.00'),(1783,30,'ITE00029','Laptop power adapter','2021-10-17 21:16:53',5,7,0,0,NULL,NULL,'0.00','0.00',NULL,1,'2.00'),(1784,30,'ITE00030','Laptop Ram','2021-10-17 21:16:53',5,7,0,0,NULL,NULL,'0.00','0.00',NULL,1,'8.00'),(1785,30,'ITE00031','Laptop Repair','2021-10-17 21:16:53',5,7,0,0,NULL,NULL,'0.00','0.00',NULL,1,'5.00'),(1786,30,'ITE00032','Laptop Screen','2021-10-17 21:16:53',5,7,0,0,NULL,NULL,'0.00','0.00',NULL,1,'9.00'),(1787,30,'ITE00033','Mini Trunking','2021-10-17 21:16:53',5,7,0,0,NULL,NULL,'0.00','0.00',NULL,1,'1.00'),(1788,30,'ITE00034','Mobile phone','2021-10-17 21:16:53',5,7,0,0,NULL,NULL,'0.00','0.00',NULL,1,'7.00'),(1789,30,'ITE00035','MODEM','2021-10-17 21:16:53',5,7,0,0,NULL,NULL,'0.00','0.00',NULL,1,'3.00'),(1790,30,'ITE00036','Monitor','2021-10-17 21:16:53',5,7,0,0,NULL,NULL,'0.00','0.00',NULL,1,'3.00'),(1791,30,'ITE00037','Mouse','2021-10-17 21:16:53',5,7,0,0,NULL,NULL,'0.00','0.00',NULL,1,'7.00'),(1792,30,'ITE00038','OCR Capture Package','2021-10-17 21:16:53',5,7,0,0,NULL,NULL,'0.00','0.00',NULL,1,'5.00'),(1793,30,'ITE00039','OFFICE  ACCESS CARDS','2021-10-17 21:16:53',5,7,0,0,NULL,NULL,'0.00','0.00',NULL,1,'5.00'),(1794,30,'ITE00040','PBX','2021-10-17 21:16:53',5,7,0,0,NULL,NULL,'0.00','0.00',NULL,1,'0.00'),(1795,30,'ITE00041','PHONE CHARGER','2021-10-17 21:16:53',5,7,0,0,NULL,NULL,'0.00','0.00',NULL,1,'7.00'),(1796,30,'ITE00042','Phone/Tab cover','2021-10-17 21:16:53',5,7,0,0,NULL,NULL,'0.00','0.00',NULL,1,'2.00'),(1797,30,'ITE00043','Power Extension','2021-10-17 21:16:53',5,7,0,0,NULL,NULL,'0.00','0.00',NULL,1,'9.00'),(1798,30,'ITE00044','Printer','2021-10-17 21:16:53',5,7,0,0,NULL,NULL,'0.00','0.00',NULL,1,'1.00'),(1799,30,'ITE00045','Printer -Part- Imaging Drum','2021-10-17 21:16:53',5,7,0,0,NULL,NULL,'0.00','0.00',NULL,1,'6.00'),(1800,30,'ITE00046','PROCESSOR','2021-10-17 21:16:53',5,7,0,0,NULL,NULL,'0.00','0.00',NULL,1,'9.00'),(1801,30,'ITE00047','Professional Services ','2021-10-17 21:16:53',5,7,0,0,NULL,NULL,'0.00','0.00',NULL,1,'5.00'),(1802,30,'ITE00048','PVC trunking','2021-10-17 21:16:53',5,7,0,0,NULL,NULL,'0.00','0.00',NULL,1,'0.00'),(1803,30,'ITE00049','Rack','2021-10-17 21:16:53',5,7,0,0,NULL,NULL,'0.00','0.00',NULL,1,'4.00'),(1804,30,'ITE00050','RAM','2021-10-17 21:16:53',5,7,0,0,NULL,NULL,'0.00','0.00',NULL,1,'2.00'),(1805,30,'ITE00051','REMOTE BUTTON','2021-10-17 21:16:53',5,7,0,0,NULL,NULL,'0.00','0.00',NULL,1,'5.00'),(1806,30,'ITE00052','REMOTE RECEIVER','2021-10-17 21:16:53',5,7,0,0,NULL,NULL,'0.00','0.00',NULL,1,'0.00'),(1807,30,'ITE00053','Rj 45 connectors','2021-10-17 21:16:53',5,7,0,0,NULL,NULL,'0.00','0.00',NULL,1,'5.00'),(1808,30,'ITE00054','Router cisco Licences','2021-10-17 21:16:53',5,7,0,0,NULL,NULL,'0.00','0.00',NULL,1,'6.00'),(1809,30,'ITE00055','Routers','2021-10-17 21:16:53',5,7,1,0,NULL,NULL,'0.00','0.00',NULL,1,'6.00'),(1810,30,'ITE00056','SAFARICOM LINE','2021-10-17 21:16:53',5,7,0,0,NULL,NULL,'0.00','0.00',NULL,1,'9.00'),(1811,30,'ITE00057','Samsung toner d104s','2021-10-17 21:16:53',5,7,0,0,NULL,NULL,'0.00','0.00',NULL,1,'0.00'),(1812,30,'ITE00058','Server','2021-10-17 21:16:53',5,7,0,0,NULL,NULL,'0.00','0.00',NULL,1,'3.00'),(1813,30,'ITE00059','SERVER RAM','2021-10-17 21:16:53',5,7,0,0,NULL,NULL,'0.00','0.00',NULL,1,'5.00'),(1814,30,'ITE00060','Service','2021-10-17 21:16:53',5,7,0,0,NULL,NULL,'0.00','0.00',NULL,1,'7.00'),(1815,30,'ITE00061','Single Pole MCB','2021-10-17 21:16:53',5,7,0,0,NULL,NULL,'0.00','0.00',NULL,1,'9.00'),(1816,30,'ITE00062','Software Licence','2021-10-17 21:16:53',5,7,0,0,NULL,NULL,'0.00','0.00',NULL,1,'4.00'),(1817,30,'ITE00063','Softwares','2021-10-17 21:16:53',5,7,0,0,NULL,NULL,'0.00','0.00',NULL,1,'1.00'),(1818,30,'ITE00064','Speakers','2021-10-17 21:16:53',5,7,0,0,NULL,NULL,'0.00','0.00',NULL,1,'6.00'),(1819,30,'ITE00065','Storage','2021-10-17 21:16:53',5,7,0,0,NULL,NULL,'0.00','0.00',NULL,1,'6.00'),(1820,30,'ITE00066','Switch','2021-10-17 21:16:53',5,7,0,0,NULL,NULL,'0.00','0.00',NULL,1,'10.00'),(1821,30,'ITE00067','Toner','2021-10-17 21:16:53',5,7,0,0,NULL,NULL,'0.00','0.00',NULL,1,'2.00'),(1822,30,'ITE00068','Twin Socket Patrice','2021-10-17 21:16:53',5,7,0,0,NULL,NULL,'0.00','0.00',NULL,1,'2.00'),(1823,30,'ITE00069','Ups','2021-10-17 21:16:53',5,7,0,0,NULL,NULL,'0.00','0.00',NULL,1,'4.00'),(1824,30,'ITE00070','UPS BATTERY','2021-10-17 21:16:53',5,7,0,0,NULL,NULL,'0.00','0.00',NULL,1,'2.00'),(1825,30,'ITE00071','VGA ADAPTER','2021-10-17 21:16:53',5,7,0,0,NULL,NULL,'0.00','0.00',NULL,1,'10.00'),(1826,30,'ITE00072','VOIP LINE','2021-10-17 21:16:53',5,7,0,0,NULL,NULL,'0.00','0.00',NULL,1,'2.00'),(1827,30,'ITE00073','Website development fro Broadcom','2021-10-17 21:16:53',5,7,0,0,NULL,NULL,'0.00','0.00',NULL,1,'10.00'),(1828,33,'MOT00001','BONVOYAGE CARDS','2021-10-17 21:16:53',5,7,0,0,NULL,NULL,'0.00','0.00',NULL,1,'3.00'),(1829,33,'MOT00002','Brake Linings','2021-10-17 21:16:53',5,7,0,0,NULL,NULL,'0.00','0.00',NULL,1,'4.00'),(1830,33,'MOT00003','CAR WASH','2021-10-17 21:16:53',5,7,0,0,NULL,NULL,'0.00','0.00',NULL,1,'3.00'),(1831,33,'MOT00004','FRONT SHOCKS ABSORBERS','2021-10-17 21:16:53',5,7,0,0,NULL,NULL,'0.00','0.00',NULL,1,'3.00'),(1832,33,'MOT00005','REAR SHOCKS ABSORBERS','2021-10-17 21:16:53',5,7,0,0,NULL,NULL,'0.00','0.00',NULL,1,'4.00'),(1833,33,'MOT00006','Vehicle expenses','2021-10-17 21:16:53',5,7,0,0,NULL,NULL,'0.00','0.00',NULL,1,'1.00'),(1834,33,'MOT00007','Vehicle Repairs','2021-10-17 21:16:53',5,7,0,0,NULL,NULL,'0.00','0.00',NULL,1,'4.00'),(1835,35,'OTH00001','Accommodation','2021-10-17 21:16:53',5,7,0,0,NULL,NULL,'0.00','0.00',NULL,1,'9.00'),(1836,35,'OTH00002','ACCOMODATION & MISCELLANEOUS','2021-10-17 21:16:53',5,7,0,0,NULL,NULL,'0.00','0.00',NULL,1,'0.00'),(1837,35,'OTH00003','Accomodation and Travel Expenses','2021-10-17 21:16:53',5,7,0,0,NULL,NULL,'0.00','0.00',NULL,1,'5.00'),(1838,35,'OTH00004','Accounting Charges','2021-10-17 21:16:53',5,7,0,0,NULL,NULL,'0.00','0.00',NULL,1,'5.00'),(1839,35,'OTH00005','Advertisement','2021-10-17 21:16:53',5,7,0,0,NULL,NULL,'0.00','0.00',NULL,1,'10.00'),(1840,35,'OTH00006','Air Ticket','2021-10-17 21:16:53',5,7,0,0,NULL,NULL,'0.00','0.00',NULL,1,'3.00'),(1841,35,'OTH00007','Airtime','2021-10-17 21:16:53',5,7,0,0,NULL,NULL,'0.00','0.00',NULL,1,'8.00'),(1842,35,'OTH00008','Aluminium Spray Can','2021-10-17 21:16:53',5,7,0,0,NULL,NULL,'0.00','0.00',NULL,1,'1.00'),(1843,35,'OTH00009','Audio-metry(Hearing Test]','2021-10-17 21:16:54',5,7,0,0,NULL,NULL,'0.00','0.00',NULL,1,'10.00'),(1844,35,'OTH00010','Awards','2021-10-17 21:16:54',5,7,0,0,NULL,NULL,'0.00','0.00',NULL,1,'6.00'),(1845,35,'OTH00011','Banner','2021-10-17 21:16:54',5,7,0,0,NULL,NULL,'0.00','0.00',NULL,1,'3.00'),(1846,35,'OTH00012','Battery Charger','2021-10-17 21:16:54',5,7,0,0,NULL,NULL,'0.00','0.00',NULL,1,'5.00'),(1847,35,'OTH00013','BIG SIZE WATER METERS','2021-10-17 21:16:54',5,7,0,0,NULL,NULL,'0.00','0.00',NULL,1,'6.00'),(1848,35,'OTH00014','BINS','2021-10-17 21:16:54',5,7,0,0,NULL,NULL,'0.00','0.00',NULL,1,'5.00'),(1849,35,'OTH00015','Boat hire','2021-10-17 21:16:54',5,7,0,0,NULL,NULL,'0.00','0.00',NULL,1,'5.00'),(1850,35,'OTH00016','Bull Dozer','2021-10-17 21:16:54',5,7,0,0,NULL,NULL,'0.00','0.00',NULL,1,'3.00'),(1851,35,'OTH00017','Casuals','2021-10-17 21:16:54',5,7,0,0,NULL,NULL,'0.00','0.00',NULL,1,'8.00'),(1852,35,'OTH00018','CERTIFICATE','2021-10-17 21:16:54',5,7,0,0,NULL,NULL,'0.00','0.00',NULL,1,'0.00'),(1853,35,'OTH00019','CHARGING VALVES','2021-10-17 21:16:54',5,7,0,0,NULL,NULL,'0.00','0.00',NULL,1,'8.00'),(1854,35,'OTH00020','Chokes','2021-10-17 21:16:54',5,7,0,0,NULL,NULL,'0.00','0.00',NULL,1,'1.00'),(1855,35,'OTH00021','Circulation fee','2021-10-17 21:16:54',5,7,0,0,NULL,NULL,'0.00','0.00',NULL,1,'0.00'),(1856,35,'OTH00022','CLAMPS','2021-10-17 21:16:54',5,7,0,0,NULL,NULL,'0.00','0.00',NULL,1,'7.00'),(1857,35,'OTH00023','Clearance fee','2021-10-17 21:16:54',5,7,0,0,NULL,NULL,'0.00','0.00',NULL,1,'7.00'),(1858,35,'OTH00024','Cocktail','2021-10-17 21:16:54',5,7,0,0,NULL,NULL,'0.00','0.00',NULL,1,'2.00'),(1859,35,'OTH00025','Combination Padlocks','2021-10-17 21:16:54',5,7,0,0,NULL,NULL,'0.00','0.00',NULL,1,'1.00'),(1860,35,'OTH00026','Commissions','2021-10-17 21:16:54',5,7,0,0,NULL,NULL,'0.00','0.00',NULL,1,'9.00'),(1861,35,'OTH00027','Compensation','2021-10-17 21:16:54',5,7,0,0,NULL,NULL,'0.00','0.00',NULL,1,'1.00'),(1862,35,'OTH00028','Consultant Fee','2021-10-17 21:16:54',5,7,0,0,NULL,NULL,'0.00','0.00',NULL,1,'8.00'),(1863,35,'OTH00029','Contigencies','2021-10-17 21:16:54',5,7,0,0,NULL,NULL,'0.00','0.00',NULL,1,'5.00'),(1864,35,'OTH00030','Contractors Permit','2021-10-17 21:16:54',5,7,0,0,NULL,NULL,'0.00','0.00',NULL,1,'4.00'),(1865,35,'OTH00031','CORE DRILLING','2021-10-17 21:16:54',5,7,0,0,NULL,NULL,'0.00','0.00',NULL,1,'6.00'),(1866,35,'OTH00032','Courier Services','2021-10-17 21:16:54',5,7,0,0,NULL,NULL,'0.00','0.00',NULL,1,'6.00'),(1867,35,'OTH00033','Crane Hire','2021-10-17 21:16:54',5,7,0,0,NULL,NULL,'0.00','0.00',NULL,1,'1.00'),(1868,35,'OTH00034','Crane Mobilization','2021-10-17 21:16:54',5,7,0,0,NULL,NULL,'0.00','0.00',NULL,1,'6.00'),(1869,35,'OTH00035','CSR-Corporate Social Responsibility','2021-10-17 21:16:54',5,7,0,0,NULL,NULL,'0.00','0.00',NULL,1,'8.00'),(1870,35,'OTH00036','Design','2021-10-17 21:16:54',5,7,0,0,NULL,NULL,'0.00','0.00',NULL,1,'2.00'),(1871,35,'OTH00037','DIGITAL VOICE RECORDER','2021-10-17 21:16:54',5,7,0,0,NULL,NULL,'0.00','0.00',NULL,1,'8.00'),(1872,35,'OTH00038','Dinner','2021-10-17 21:16:54',5,7,0,0,NULL,NULL,'0.00','0.00',NULL,1,'1.00'),(1873,35,'OTH00039','DONATION','2021-10-17 21:16:54',5,7,0,0,NULL,NULL,'0.00','0.00',NULL,1,'3.00'),(1874,35,'OTH00040','DOUBLE 4FT WATERPROOF LED BRACKET','2021-10-17 21:16:54',5,7,0,0,NULL,NULL,'0.00','0.00',NULL,1,'2.00'),(1875,35,'OTH00041','Drive Test Services','2021-10-17 21:16:54',5,7,0,0,NULL,NULL,'0.00','0.00',NULL,1,'1.00'),(1876,35,'OTH00042','DSTV','2021-10-17 21:16:54',5,7,0,0,NULL,NULL,'0.00','0.00',NULL,1,'10.00'),(1877,35,'OTH00043','Dummy Cheque','2021-10-17 21:16:54',5,7,0,0,NULL,NULL,'0.00','0.00',NULL,1,'4.00'),(1878,35,'OTH00044','Duties','2021-10-17 21:16:54',5,7,0,0,NULL,NULL,'0.00','0.00',NULL,1,'2.00'),(1879,35,'OTH00045','Electric Fence Overhaul','2021-10-17 21:16:54',5,7,0,0,NULL,NULL,'0.00','0.00',NULL,1,'6.00'),(1880,35,'OTH00046','Electric Fence Repair','2021-10-17 21:16:54',5,7,0,0,NULL,NULL,'0.00','0.00',NULL,1,'6.00'),(1881,35,'OTH00047','Electricity Bill','2021-10-17 21:16:54',5,7,0,0,NULL,NULL,'0.00','0.00',NULL,1,'9.00'),(1882,35,'OTH00048','Emergency Fuelling','2021-10-17 21:16:54',5,7,0,0,NULL,NULL,'0.00','0.00',NULL,1,'10.00'),(1883,35,'OTH00049','Entertainment','2021-10-17 21:16:54',5,7,0,0,NULL,NULL,'0.00','0.00',NULL,1,'2.00'),(1884,35,'OTH00050','ENTRANCE FEE','2021-10-17 21:16:54',5,7,0,0,NULL,NULL,'0.00','0.00',NULL,1,'10.00'),(1885,35,'OTH00051','Exhibition','2021-10-17 21:16:54',5,7,0,0,NULL,NULL,'0.00','0.00',NULL,1,'3.00'),(1886,35,'OTH00052','EXTENSION SOCKET','2021-10-17 21:16:54',5,7,0,0,NULL,NULL,'0.00','0.00',NULL,1,'7.00'),(1887,35,'OTH00053','Facilitation Fee','2021-10-17 21:16:54',5,7,0,0,NULL,NULL,'0.00','0.00',NULL,1,'4.00'),(1888,35,'OTH00054','FARES','2021-10-17 21:16:54',5,7,0,0,NULL,NULL,'0.00','0.00',NULL,1,'8.00'),(1889,35,'OTH00055','Ferry Charges','2021-10-17 21:16:54',5,7,0,0,NULL,NULL,'0.00','0.00',NULL,1,'8.00'),(1890,35,'OTH00056','First Aid Box','2021-10-17 21:16:54',5,7,0,0,NULL,NULL,'0.00','0.00',NULL,1,'7.00'),(1891,35,'OTH00057','FISCAL MACHINE','2021-10-17 21:16:54',5,7,0,0,NULL,NULL,'0.00','0.00',NULL,1,'3.00'),(1892,35,'OTH00058','Fittings','2021-10-17 21:16:54',5,7,0,0,NULL,NULL,'0.00','0.00',NULL,1,'2.00'),(1893,35,'OTH00059','Float','2021-10-17 21:16:54',5,7,0,0,NULL,NULL,'0.00','0.00',NULL,1,'0.00'),(1894,35,'OTH00060','Fluorescent tube','2021-10-17 21:16:54',5,7,0,0,NULL,NULL,'0.00','0.00',NULL,1,'7.00'),(1895,35,'OTH00061','Freight charges','2021-10-17 21:16:54',5,7,0,0,NULL,NULL,'0.00','0.00',NULL,1,'4.00'),(1896,35,'OTH00062','Fuel','2021-10-17 21:16:54',5,7,0,0,NULL,NULL,'0.00','0.00',NULL,1,'9.00'),(1897,35,'OTH00063','Fuel Tank Cap','2021-10-17 21:16:54',5,7,0,0,NULL,NULL,'0.00','0.00',NULL,1,'1.00'),(1898,35,'OTH00064','Full Body Tower harness','2021-10-17 21:16:54',5,7,0,0,NULL,NULL,'0.00','0.00',NULL,1,'9.00'),(1899,35,'OTH00065','FUMIGATION','2021-10-17 21:16:54',5,7,0,0,NULL,NULL,'0.00','0.00',NULL,1,'4.00'),(1900,35,'OTH00066','Fusion splicer electrodes','2021-10-17 21:16:54',5,7,0,0,NULL,NULL,'0.00','0.00',NULL,1,'2.00'),(1901,35,'OTH00067','Generator Deployment','2021-10-17 21:16:54',5,7,0,0,NULL,NULL,'0.00','0.00',NULL,1,'7.00'),(1902,35,'OTH00068','GENERATOR PLUG','2021-10-17 21:16:54',5,7,0,0,NULL,NULL,'0.00','0.00',NULL,1,'1.00'),(1903,35,'OTH00069','GRIP GLOVES','2021-10-17 21:16:54',5,7,0,0,NULL,NULL,'0.00','0.00',NULL,1,'3.00'),(1904,35,'OTH00070','Hire of Motor vehicle','2021-10-17 21:16:54',5,7,0,0,NULL,NULL,'0.00','0.00',NULL,1,'4.00'),(1905,35,'OTH00071','Hotel Charges','2021-10-17 21:16:54',5,7,0,0,NULL,NULL,'0.00','0.00',NULL,1,'10.00'),(1906,35,'OTH00072','Import Standardization Mark Stickers','2021-10-17 21:16:54',5,7,0,0,NULL,NULL,'0.00','0.00',NULL,1,'6.00'),(1907,35,'OTH00073','Imprest','2021-10-17 21:16:54',5,7,0,0,NULL,NULL,'0.00','0.00',NULL,1,'2.00'),(1908,35,'OTH00074','Incidental','2021-10-17 21:16:54',5,7,0,0,NULL,NULL,'0.00','0.00',NULL,1,'3.00'),(1909,35,'OTH00075','INSTALLATION & COMMISSIONING.','2021-10-17 21:16:54',5,7,0,0,NULL,NULL,'0.00','0.00',NULL,1,'8.00'),(1910,35,'OTH00076','Insurance','2021-10-17 21:16:54',5,7,0,0,NULL,NULL,'0.00','0.00',NULL,1,'0.00'),(1911,35,'OTH00077','Intercompany Transfer','2021-10-17 21:16:54',5,7,0,0,NULL,NULL,'0.00','0.00',NULL,1,'8.00'),(1912,35,'OTH00078','Internet','2021-10-17 21:16:54',5,7,0,0,NULL,NULL,'0.00','0.00',NULL,1,'0.00'),(1913,35,'OTH00079','Jerican','2021-10-17 21:16:54',5,7,0,0,NULL,NULL,'0.00','0.00',NULL,1,'6.00'),(1914,35,'OTH00080','Labour','2021-10-17 21:16:54',5,7,0,0,NULL,NULL,'0.00','0.00',NULL,1,'8.00'),(1915,35,'OTH00081','Lanyards','2021-10-17 21:16:54',5,7,0,0,NULL,NULL,'0.00','0.00',NULL,1,'4.00'),(1916,35,'OTH00082','Lawyers Fee','2021-10-17 21:16:54',5,7,0,0,NULL,NULL,'0.00','0.00',NULL,1,'4.00'),(1917,35,'OTH00083','LED LIGHTS','2021-10-17 21:16:54',5,7,0,0,NULL,NULL,'0.00','0.00',NULL,1,'10.00'),(1918,35,'OTH00084','Legal Fees','2021-10-17 21:16:54',5,7,0,0,NULL,NULL,'0.00','0.00',NULL,1,'5.00'),(1919,35,'OTH00085','LICENCE','2021-10-17 21:16:54',5,7,0,0,NULL,NULL,'0.00','0.00',NULL,1,'7.00'),(1920,35,'OTH00086','Life Insurance','2021-10-17 21:16:54',5,7,0,0,NULL,NULL,'0.00','0.00',NULL,1,'0.00'),(1921,35,'OTH00087','Literature Stand','2021-10-17 21:16:54',5,7,0,0,NULL,NULL,'0.00','0.00',NULL,1,'10.00'),(1922,35,'OTH00088','Loan','2021-10-17 21:16:54',5,7,0,0,NULL,NULL,'0.00','0.00',NULL,1,'8.00'),(1923,35,'OTH00089','Low Loader','2021-10-17 21:16:54',5,7,0,0,NULL,NULL,'0.00','0.00',NULL,1,'1.00'),(1924,35,'OTH00090','Main Gate Repair','2021-10-17 21:16:54',5,7,0,0,NULL,NULL,'0.00','0.00',NULL,1,'1.00'),(1925,35,'OTH00091','MATERIAL LOADING AND OFFLOADING','2021-10-17 21:16:54',5,7,0,0,NULL,NULL,'0.00','0.00',NULL,1,'3.00'),(1926,35,'OTH00092','Materials','2021-10-17 21:16:54',5,7,0,0,NULL,NULL,'0.00','0.00',NULL,1,'2.00'),(1927,35,'OTH00093','Meals','2021-10-17 21:16:54',5,7,0,0,NULL,NULL,'0.00','0.00',NULL,1,'1.00'),(1928,35,'OTH00094','Medical expenses','2021-10-17 21:16:54',5,7,0,0,NULL,NULL,'0.00','0.00',NULL,1,'9.00'),(1929,35,'OTH00095','MEETING VENUE','2021-10-17 21:16:54',5,7,0,0,NULL,NULL,'0.00','0.00',NULL,1,'3.00'),(1930,35,'OTH00096','MEMBERSHIP','2021-10-17 21:16:54',5,7,0,0,NULL,NULL,'0.00','0.00',NULL,1,'9.00'),(1931,35,'OTH00097','MISCELLANEOUS COST','2021-10-17 21:16:54',5,7,0,0,NULL,NULL,'0.00','0.00',NULL,1,'4.00'),(1932,35,'OTH00098','MOBILISATION/DEMOBILISATION','2021-10-17 21:16:54',5,7,0,0,NULL,NULL,'0.00','0.00',NULL,1,'6.00'),(1933,35,'OTH00099','Motorbike','2021-10-17 21:16:54',5,7,0,0,NULL,NULL,'0.00','0.00',NULL,1,'5.00'),(1934,35,'OTH00100','Mpesa Transaction','2021-10-17 21:16:54',5,7,0,0,NULL,NULL,'0.00','0.00',NULL,1,'6.00'),(1935,35,'OTH00101','Mugs','2021-10-17 21:16:54',5,7,0,0,NULL,NULL,'0.00','0.00',NULL,1,'7.00'),(1936,35,'OTH00102','NHIF','2021-10-17 21:16:54',5,7,0,0,NULL,NULL,'0.00','0.00',NULL,1,'8.00'),(1937,35,'OTH00103','NIGHT OUT','2021-10-17 21:16:54',5,7,0,0,NULL,NULL,'0.00','0.00',NULL,1,'6.00'),(1938,35,'OTH00104','Office equipment','2021-10-17 21:16:54',5,7,0,0,NULL,NULL,'0.00','0.00',NULL,1,'7.00'),(1939,35,'OTH00105','Office Furniture','2021-10-17 21:16:54',5,7,0,0,NULL,NULL,'0.00','0.00',NULL,1,'6.00'),(1940,35,'OTH00106','Optical Fiber Cable','2021-10-17 21:16:54',5,7,0,0,NULL,NULL,'0.00','0.00',NULL,1,'10.00'),(1941,35,'OTH00107','Padlocks','2021-10-17 21:16:54',5,7,0,0,NULL,NULL,'0.00','0.00',NULL,1,'1.00'),(1942,35,'OTH00108','PAINT','2021-10-17 21:16:54',5,7,0,0,NULL,NULL,'0.00','0.00',NULL,1,'6.00'),(1943,35,'OTH00109','PANNING ROD FOR 2.4M VSAT DISH','2021-10-17 21:16:54',5,7,0,0,NULL,NULL,'0.00','0.00',NULL,1,'6.00'),(1944,35,'OTH00110','Parking Expenses','2021-10-17 21:16:54',5,7,0,0,NULL,NULL,'0.00','0.00',NULL,1,'2.00'),(1945,35,'OTH00111','Pension','2021-10-17 21:16:54',5,7,0,0,NULL,NULL,'0.00','0.00',NULL,1,'3.00'),(1946,35,'OTH00112','Per-diem','2021-10-17 21:16:54',5,7,0,0,NULL,NULL,'0.00','0.00',NULL,1,'9.00'),(1947,35,'OTH00113','PERMIT','2021-10-17 21:16:54',5,7,0,0,NULL,NULL,'0.00','0.00',NULL,1,'5.00'),(1948,35,'OTH00114','Phone','2021-10-17 21:16:54',5,7,0,0,NULL,NULL,'0.00','0.00',NULL,1,'8.00'),(1949,35,'OTH00115','Phone Battery','2021-10-17 21:16:54',5,7,0,0,NULL,NULL,'0.00','0.00',NULL,1,'4.00'),(1950,35,'OTH00116','phone repair','2021-10-17 21:16:54',5,7,0,0,NULL,NULL,'0.00','0.00',NULL,1,'5.00'),(1951,35,'OTH00117','PICTURE FRAMES','2021-10-17 21:16:54',5,7,0,0,NULL,NULL,'0.00','0.00',NULL,1,'6.00'),(1952,35,'OTH00118','Planning fee','2021-10-17 21:16:54',5,7,0,0,NULL,NULL,'0.00','0.00',NULL,1,'2.00'),(1953,35,'OTH00119','Police Abstract','2021-10-17 21:16:54',5,7,0,0,NULL,NULL,'0.00','0.00',NULL,1,'4.00'),(1954,35,'OTH00120','Police Facilitation Fee','2021-10-17 21:16:54',5,7,0,0,NULL,NULL,'0.00','0.00',NULL,1,'5.00'),(1955,35,'OTH00121','Police Station Fee','2021-10-17 21:16:54',5,7,0,0,NULL,NULL,'0.00','0.00',NULL,1,'2.00'),(1956,35,'OTH00122','Positioning Belt complete with webbing lanyard','2021-10-17 21:16:54',5,7,0,0,NULL,NULL,'0.00','0.00',NULL,1,'3.00'),(1957,35,'OTH00123','Power cord','2021-10-17 21:16:54',5,7,0,0,NULL,NULL,'0.00','0.00',NULL,1,'1.00'),(1958,35,'OTH00124','POWER UPGRADE','2021-10-17 21:16:54',5,7,0,0,NULL,NULL,'0.00','0.00',NULL,1,'6.00'),(1959,35,'OTH00125','Professional Fee','2021-10-17 21:16:54',5,7,0,0,NULL,NULL,'0.00','0.00',NULL,1,'6.00'),(1960,35,'OTH00126','Professional Services','2021-10-17 21:16:54',5,7,0,0,NULL,NULL,'0.00','0.00',NULL,1,'3.00'),(1961,35,'OTH00127','Project incidential','2021-10-17 21:16:54',5,7,0,0,NULL,NULL,'0.00','0.00',NULL,1,'6.00'),(1962,35,'OTH00128','PROTECTION EQUIPMENT','2021-10-17 21:16:54',5,7,0,0,NULL,NULL,'0.00','0.00',NULL,1,'2.00'),(1963,35,'OTH00129','Reflective jackets','2021-10-17 21:16:54',5,7,0,0,NULL,NULL,'0.00','0.00',NULL,1,'10.00'),(1964,35,'OTH00130','Renovation','2021-10-17 21:16:54',5,7,0,0,NULL,NULL,'0.00','0.00',NULL,1,'5.00'),(1965,35,'OTH00131','Rent','2021-10-17 21:16:54',5,7,0,0,NULL,NULL,'0.00','0.00',NULL,1,'4.00'),(1966,35,'OTH00132','RESCUE KITS','2021-10-17 21:16:54',5,7,0,0,NULL,NULL,'0.00','0.00',NULL,1,'8.00'),(1967,35,'OTH00133','RF WORKS','2021-10-17 21:16:54',5,7,0,0,NULL,NULL,'0.00','0.00',NULL,1,'5.00'),(1968,35,'OTH00134','Rigging Canvas Bags','2021-10-17 21:16:54',5,7,0,0,NULL,NULL,'0.00','0.00',NULL,1,'2.00'),(1969,35,'OTH00135','Rigging Services','2021-10-17 21:16:54',5,7,0,0,NULL,NULL,'0.00','0.00',NULL,1,'5.00'),(1970,35,'OTH00136','RUBBER MASTIC TAPES','2021-10-17 21:16:54',5,7,0,0,NULL,NULL,'0.00','0.00',NULL,1,'9.00'),(1971,35,'OTH00137','SAFARICOM BUNDLES','2021-10-17 21:16:54',5,7,0,0,NULL,NULL,'0.00','0.00',NULL,1,'1.00'),(1972,35,'OTH00138','SAFARICOM MODEM','2021-10-17 21:16:54',5,7,0,0,NULL,NULL,'0.00','0.00',NULL,1,'7.00'),(1973,35,'OTH00139','SAFARIICOM LINE','2021-10-17 21:16:54',5,7,0,0,NULL,NULL,'0.00','0.00',NULL,1,'3.00'),(1974,35,'OTH00140','SCAFFOLDING SET HIRING','2021-10-17 21:16:54',5,7,0,0,NULL,NULL,'0.00','0.00',NULL,1,'2.00'),(1975,35,'OTH00141','Security','2021-10-17 21:16:54',5,7,0,0,NULL,NULL,'0.00','0.00',NULL,1,'0.00'),(1976,35,'OTH00142','Signs','2021-10-17 21:16:54',5,7,0,0,NULL,NULL,'0.00','0.00',NULL,1,'7.00'),(1977,35,'OTH00143','Silencer decarbonization','2021-10-17 21:16:54',5,7,0,0,NULL,NULL,'0.00','0.00',NULL,1,'6.00'),(1978,35,'OTH00144','Sim card','2021-10-17 21:16:54',5,7,0,0,NULL,NULL,'0.00','0.00',NULL,1,'6.00'),(1979,35,'OTH00145','Site Keys','2021-10-17 21:16:54',5,7,0,0,NULL,NULL,'0.00','0.00',NULL,1,'4.00'),(1980,35,'OTH00146','Site Padlock','2021-10-17 21:16:54',5,7,0,0,NULL,NULL,'0.00','0.00',NULL,1,'1.00'),(1981,35,'OTH00147','Site Rehabillitation','2021-10-17 21:16:54',5,7,0,0,NULL,NULL,'0.00','0.00',NULL,1,'2.00'),(1982,35,'OTH00148','SITE VISIT','2021-10-17 21:16:54',5,7,0,0,NULL,NULL,'0.00','0.00',NULL,1,'9.00'),(1983,35,'OTH00149','Solar Charge Controller','2021-10-17 21:16:54',5,7,0,0,NULL,NULL,'0.00','0.00',NULL,1,'9.00'),(1984,35,'OTH00150','Solar LED Lamp','2021-10-17 21:16:54',5,7,0,0,NULL,NULL,'0.00','0.00',NULL,1,'8.00'),(1985,35,'OTH00151','Solar panels','2021-10-17 21:16:54',5,7,0,0,NULL,NULL,'0.00','0.00',NULL,1,'5.00'),(1986,35,'OTH00152','Sponsorship','2021-10-17 21:16:54',5,7,0,0,NULL,NULL,'0.00','0.00',NULL,1,'8.00'),(1987,35,'OTH00153','Staff Welfare','2021-10-17 21:16:54',5,7,0,0,NULL,NULL,'0.00','0.00',NULL,1,'6.00'),(1988,35,'OTH00154','Starter','2021-10-17 21:16:54',5,7,0,0,NULL,NULL,'0.00','0.00',NULL,1,'6.00'),(1989,35,'OTH00155','stationery items','2021-10-17 21:16:54',5,7,0,0,NULL,NULL,'0.00','0.00',NULL,1,'3.00'),(1990,35,'OTH00156','Stickers','2021-10-17 21:16:54',5,7,0,0,NULL,NULL,'0.00','0.00',NULL,1,'8.00'),(1991,35,'OTH00157','STORE HIRE','2021-10-17 21:16:54',5,7,0,0,NULL,NULL,'0.00','0.00',NULL,1,'8.00'),(1992,35,'OTH00158','Subscription','2021-10-17 21:16:54',5,7,0,0,NULL,NULL,'0.00','0.00',NULL,1,'7.00'),(1993,35,'OTH00159','TANGIT GUM','2021-10-17 21:16:54',5,7,0,0,NULL,NULL,'0.00','0.00',NULL,1,'3.00'),(1994,35,'OTH00160','TAX','2021-10-17 21:16:54',5,7,0,0,NULL,NULL,'0.00','0.00',NULL,1,'4.00'),(1995,35,'OTH00161','Team Building','2021-10-17 21:16:54',5,7,0,0,NULL,NULL,'0.00','0.00',NULL,1,'0.00'),(1996,35,'OTH00162','Telephone','2021-10-17 21:16:54',5,7,0,0,NULL,NULL,'0.00','0.00',NULL,1,'9.00'),(1997,35,'OTH00163','Tems Kit Hire','2021-10-17 21:16:54',5,7,0,0,NULL,NULL,'0.00','0.00',NULL,1,'5.00'),(1998,35,'OTH00164','Tender','2021-10-17 21:16:54',5,7,0,0,NULL,NULL,'0.00','0.00',NULL,1,'9.00'),(1999,35,'OTH00165','Test Equipment & Accessories','2021-10-17 21:16:54',5,7,0,0,NULL,NULL,'0.00','0.00',NULL,1,'8.00'),(2000,35,'OTH00166','Thuraya Simcard','2021-10-17 21:16:54',5,7,0,0,NULL,NULL,'0.00','0.00',NULL,1,'3.00'),(2001,35,'OTH00167','Tower Fabrication','2021-10-17 21:16:54',5,7,0,0,NULL,NULL,'0.00','0.00',NULL,1,'3.00'),(2002,35,'OTH00168','TRAINING','2021-10-17 21:16:54',5,7,0,0,NULL,NULL,'0.00','0.00',NULL,1,'6.00'),(2003,35,'OTH00169','Training & workshops','2021-10-17 21:16:54',5,7,0,0,NULL,NULL,'0.00','0.00',NULL,1,'8.00'),(2004,35,'OTH00170','Transport','2021-10-17 21:16:54',5,7,0,0,NULL,NULL,'0.00','0.00',NULL,1,'5.00'),(2005,35,'OTH00171','Tree Cutting','2021-10-17 21:16:54',5,7,0,0,NULL,NULL,'0.00','0.00',NULL,1,'8.00'),(2006,35,'OTH00172','TRIMMING & CAPPING','2021-10-17 21:16:54',5,7,0,0,NULL,NULL,'0.00','0.00',NULL,1,'8.00'),(2007,35,'OTH00173','Trophies','2021-10-17 21:16:54',5,7,0,0,NULL,NULL,'0.00','0.00',NULL,1,'6.00'),(2008,35,'OTH00174','TURBINE RELOCATION','2021-10-17 21:16:54',5,7,0,0,NULL,NULL,'0.00','0.00',NULL,1,'6.00'),(2009,35,'OTH00175','Twin expandable lanyard','2021-10-17 21:16:54',5,7,0,0,NULL,NULL,'0.00','0.00',NULL,1,'3.00'),(2010,35,'OTH00176','Ultrasonic Water Meters','2021-10-17 21:16:54',5,7,0,0,NULL,NULL,'0.00','0.00',NULL,1,'8.00'),(2011,35,'OTH00177','VAT','2021-10-17 21:16:54',5,7,0,0,NULL,NULL,'0.00','0.00',NULL,1,'9.00'),(2012,35,'OTH00178','Vehicle Battery','2021-10-17 21:16:54',5,7,0,0,NULL,NULL,'0.00','0.00',NULL,1,'1.00'),(2013,35,'OTH00179','Vehicle Fuel','2021-10-17 21:16:54',5,7,0,0,NULL,NULL,'0.00','0.00',NULL,1,'10.00'),(2014,35,'OTH00180','VEHICLE HIRE','2021-10-17 21:16:54',5,7,0,0,NULL,NULL,'0.00','0.00',NULL,1,'5.00'),(2015,35,'OTH00181','VEHICLE INSPECTION','2021-10-17 21:16:54',5,7,0,0,NULL,NULL,'0.00','0.00',NULL,1,'7.00'),(2016,35,'OTH00182','VEHICLE TOWING','2021-10-17 21:16:54',5,7,0,0,NULL,NULL,'0.00','0.00',NULL,1,'10.00'),(2017,35,'OTH00183','Visa Application Fees','2021-10-17 21:16:54',5,7,0,0,NULL,NULL,'0.00','0.00',NULL,1,'7.00'),(2018,35,'OTH00184','VISA FEES','2021-10-17 21:16:54',5,7,0,0,NULL,NULL,'0.00','0.00',NULL,1,'6.00'),(2019,35,'OTH00185','Wages','2021-10-17 21:16:54',5,7,0,0,NULL,NULL,'0.00','0.00',NULL,1,'10.00'),(2020,35,'OTH00186','Wall Repair','2021-10-17 21:16:54',5,7,0,0,NULL,NULL,'0.00','0.00',NULL,1,'9.00'),(2021,35,'OTH00187','WASTE PIPES','2021-10-17 21:16:54',5,7,0,0,NULL,NULL,'0.00','0.00',NULL,1,'7.00'),(2022,35,'OTH00188','WATER BILL','2021-10-17 21:16:54',5,7,0,0,NULL,NULL,'0.00','0.00',NULL,1,'8.00'),(2023,35,'OTH00189','Welding','2021-10-17 21:16:54',5,7,0,0,NULL,NULL,'0.00','0.00',NULL,1,'0.00'),(2024,35,'OTH00190','WIRING CERTIFICATES','2021-10-17 21:16:54',5,7,0,0,NULL,NULL,'0.00','0.00',NULL,1,'5.00'),(2025,35,'OTH00191','WORKSHOP','2021-10-17 21:16:54',5,7,0,0,NULL,NULL,'0.00','0.00',NULL,1,'6.00'),(2026,35,'OTH00192','Woven Labels','2021-10-17 21:16:54',5,7,0,0,NULL,NULL,'0.00','0.00',NULL,1,'4.00'),(2027,38,'PRI00001','Aircon Maintenance cards','2021-10-17 21:16:54',5,7,0,0,NULL,NULL,'0.00','0.00',NULL,1,'2.00'),(2028,38,'PRI00002','ALARM TESTING CHECKLIST BOOKS','2021-10-17 21:16:54',5,7,0,0,NULL,NULL,'0.00','0.00',NULL,1,'9.00'),(2029,38,'PRI00003','Business Card Holder','2021-10-17 21:16:54',5,7,0,0,NULL,NULL,'0.00','0.00',NULL,1,'8.00'),(2030,38,'PRI00004','Business cards','2021-10-17 21:16:54',5,7,0,0,NULL,NULL,'0.00','0.00',NULL,1,'5.00'),(2031,38,'PRI00005','Fueling Delivery Books','2021-10-17 21:16:54',5,7,0,0,NULL,NULL,'0.00','0.00',NULL,1,'9.00'),(2032,38,'PRI00006','Gate Pass','2021-10-17 21:16:54',5,7,0,0,NULL,NULL,'0.00','0.00',NULL,1,'2.00'),(2033,38,'PRI00007','Generator Maintenance Cards','2021-10-17 21:16:54',5,7,0,0,NULL,NULL,'0.00','0.00',NULL,1,'1.00'),(2034,38,'PRI00008','Generator Service Books','2021-10-17 21:16:54',5,7,0,0,NULL,NULL,'0.00','0.00',NULL,1,'8.00'),(2035,38,'PRI00009','Goods Received Note (GRN)','2021-10-17 21:16:54',5,7,0,0,NULL,NULL,'0.00','0.00',NULL,1,'9.00'),(2036,38,'PRI00010','Materials Issue Note (MIN)','2021-10-17 21:16:54',5,7,0,0,NULL,NULL,'0.00','0.00',NULL,1,'2.00'),(2037,38,'PRI00011','Site Maintenance Books','2021-10-17 21:16:54',5,7,0,0,NULL,NULL,'0.00','0.00',NULL,1,'1.00'),(2038,38,'PRI00012','Staff ID Card','2021-10-17 21:16:54',5,7,0,0,NULL,NULL,'0.00','0.00',NULL,1,'1.00'),(2039,39,'PRO00001','1.5mm.sq flexible white/black 3 core','2021-10-17 21:16:54',5,7,0,0,NULL,NULL,'0.00','0.00',NULL,1,'10.00'),(2040,39,'PRO00002','10mm.sq 4core Armored Cable','2021-10-17 21:16:54',5,7,0,0,NULL,NULL,'0.00','0.00',NULL,1,'6.00'),(2041,39,'PRO00003','16mm.sq S/Core PVC Cable','2021-10-17 21:16:54',5,7,0,0,NULL,NULL,'0.00','0.00',NULL,1,'10.00'),(2042,39,'PRO00004','2.5mm.sq flexible white/black 3 core','2021-10-17 21:16:54',5,7,0,0,NULL,NULL,'0.00','0.00',NULL,1,'2.00'),(2043,39,'PRO00005','4.0mm.sq flexible white/black 4 core','2021-10-17 21:16:54',5,7,0,0,NULL,NULL,'0.00','0.00',NULL,1,'3.00'),(2044,39,'PRO00006','50mm.sq S/Core PVC Cable','2021-10-17 21:16:54',5,7,0,0,NULL,NULL,'0.00','0.00',NULL,1,'5.00'),(2045,39,'PRO00007','6mm.sq 4core Armored Cable','2021-10-17 21:16:54',5,7,0,0,NULL,NULL,'0.00','0.00',NULL,1,'10.00'),(2046,39,'PRO00008','Antennae Booms','2021-10-17 21:16:54',5,7,0,0,NULL,NULL,'0.00','0.00',NULL,1,'1.00'),(2047,39,'PRO00009','AWL Cable','2021-10-17 21:16:54',5,7,0,0,NULL,NULL,'0.00','0.00',NULL,1,'7.00'),(2048,39,'PRO00010','Bolts and Nuts','2021-10-17 21:16:54',5,7,0,0,NULL,NULL,'0.00','0.00',NULL,1,'4.00'),(2049,39,'PRO00011','BUSBAR','2021-10-17 21:16:54',5,7,0,0,NULL,NULL,'0.00','0.00',NULL,1,'7.00'),(2050,39,'PRO00012','Crone Box','2021-10-17 21:16:54',5,7,0,0,NULL,NULL,'0.00','0.00',NULL,1,'1.00'),(2051,39,'PRO00013','DC CONVERTER','2021-10-17 21:16:54',5,7,0,0,NULL,NULL,'0.00','0.00',NULL,1,'7.00'),(2052,39,'PRO00014','DELTA POLES','2021-10-17 21:16:54',5,7,0,0,NULL,NULL,'0.00','0.00',NULL,1,'3.00'),(2053,39,'PRO00015','Double Socket Patrice','2021-10-17 21:16:55',5,7,0,0,NULL,NULL,'0.00','0.00',NULL,1,'2.00'),(2054,39,'PRO00016','Electrical Works','2021-10-17 21:16:55',5,7,0,0,NULL,NULL,'0.00','0.00',NULL,1,'10.00'),(2055,39,'PRO00017','Flourescent Lamp Hanging Chain','2021-10-17 21:16:55',5,7,0,0,NULL,NULL,'0.00','0.00',NULL,1,'3.00'),(2056,39,'PRO00018','GALVANISED PEDESTALS','2021-10-17 21:16:55',5,7,0,0,NULL,NULL,'0.00','0.00',NULL,1,'6.00'),(2057,39,'PRO00019','Heavily Galvanised Kiwitah Post','2021-10-17 21:16:55',5,7,0,0,NULL,NULL,'0.00','0.00',NULL,1,'1.00'),(2058,39,'PRO00020','High Tension Wire','2021-10-17 21:16:55',5,7,0,0,NULL,NULL,'0.00','0.00',NULL,1,'9.00'),(2059,39,'PRO00021','Kiwitah Pinlock Insulators','2021-10-17 21:16:55',5,7,0,0,NULL,NULL,'0.00','0.00',NULL,1,'1.00'),(2060,39,'PRO00022','KRONE BOX','2021-10-17 21:16:55',5,7,0,0,NULL,NULL,'0.00','0.00',NULL,1,'7.00'),(2061,39,'PRO00023','Labels','2021-10-17 21:16:55',5,7,0,0,NULL,NULL,'0.00','0.00',NULL,1,'3.00'),(2062,39,'PRO00024','MAIN GATE HINGES','2021-10-17 21:16:55',5,7,0,0,NULL,NULL,'0.00','0.00',NULL,1,'3.00'),(2063,39,'PRO00025','Manhole Covers','2021-10-17 21:16:55',5,7,0,0,NULL,NULL,'0.00','0.00',NULL,1,'5.00'),(2064,39,'PRO00026','Metallic Spacers','2021-10-17 21:16:55',5,7,0,0,NULL,NULL,'0.00','0.00',NULL,1,'7.00'),(2065,39,'PRO00027','Meter Board','2021-10-17 21:16:55',5,7,0,0,NULL,NULL,'0.00','0.00',NULL,1,'1.00'),(2066,39,'PRO00028','Meters Chain','2021-10-17 21:16:55',5,7,0,0,NULL,NULL,'0.00','0.00',NULL,1,'4.00'),(2067,39,'PRO00029','MW Optimisation','2021-10-17 21:16:55',5,7,0,0,NULL,NULL,'0.00','0.00',NULL,1,'6.00'),(2068,39,'PRO00030','POWER BOARD','2021-10-17 21:16:55',5,7,0,0,NULL,NULL,'0.00','0.00',NULL,1,'9.00'),(2069,39,'PRO00031','Single Socket Patrice','2021-10-17 21:16:55',5,7,0,0,NULL,NULL,'0.00','0.00',NULL,1,'6.00'),(2070,39,'PRO00032','Stopper','2021-10-17 21:16:55',5,7,0,0,NULL,NULL,'0.00','0.00',NULL,1,'3.00'),(2071,39,'PRO00033','TAPES','2021-10-17 21:16:55',5,7,0,0,NULL,NULL,'0.00','0.00',NULL,1,'6.00'),(2072,39,'PRO00034','Tarpaulin Cover','2021-10-17 21:16:55',5,7,0,0,NULL,NULL,'0.00','0.00',NULL,1,'1.00'),(2073,39,'PRO00035','THROUGH BOLTS','2021-10-17 21:16:55',5,7,0,0,NULL,NULL,'0.00','0.00',NULL,1,'6.00'),(2074,39,'PRO00036','TRANSPORTATION','2021-10-17 21:16:55',5,7,0,0,NULL,NULL,'0.00','0.00',NULL,1,'8.00'),(2075,40,'RAW00001','Rawl Bolt M16','2021-10-17 21:16:55',5,7,0,0,NULL,NULL,'0.00','0.00',NULL,1,'3.00'),(2076,40,'RAW00002','Rawl Bolts M10X50mm','2021-10-17 21:16:55',5,7,0,0,NULL,NULL,'0.00','0.00',NULL,1,'9.00'),(2077,40,'RAW00003','Rawl Bolts M12X50mm','2021-10-17 21:16:55',5,7,0,0,NULL,NULL,'0.00','0.00',NULL,1,'6.00'),(2078,40,'RAW00004','Rawl Bolts M12X75mm','2021-10-17 21:16:55',5,7,0,0,NULL,NULL,'0.00','0.00',NULL,1,'2.00'),(2079,40,'RAW00005','Rawl Bolts M12X90','2021-10-17 21:16:55',5,7,0,0,NULL,NULL,'0.00','0.00',NULL,1,'2.00'),(2080,40,'RAW00006','Rawl Bolts M8X50mm','2021-10-17 21:16:55',5,7,0,0,NULL,NULL,'0.00','0.00',NULL,1,'4.00'),(2081,42,'SER00001','Annual Subscription','2021-10-17 21:16:55',5,7,0,0,NULL,NULL,'0.00','0.00',NULL,1,'5.00'),(2082,42,'SER00002','Clearance and port charges','2021-10-17 21:16:55',5,7,0,0,NULL,NULL,'0.00','0.00',NULL,1,'3.00'),(2083,42,'SER00003','CLEARANCE CHARGES','2021-10-17 21:16:55',5,7,0,0,NULL,NULL,'0.00','0.00',NULL,1,'8.00'),(2084,42,'SER00004','Conference','2021-10-17 21:16:55',5,7,0,0,NULL,NULL,'0.00','0.00',NULL,1,'1.00'),(2085,42,'SER00005','CSR','2021-10-17 21:16:55',5,7,0,0,NULL,NULL,'0.00','0.00',NULL,1,'4.00'),(2086,42,'SER00006','Decor','2021-10-17 21:16:55',5,7,0,0,NULL,NULL,'0.00','0.00',NULL,1,'4.00'),(2087,42,'SER00007','Fee','2021-10-17 21:16:55',5,7,0,0,NULL,NULL,'0.00','0.00',NULL,1,'9.00'),(2088,42,'SER00008','First Aid Training','2021-10-17 21:16:55',5,7,0,0,NULL,NULL,'0.00','0.00',NULL,1,'3.00'),(2089,42,'SER00009','Guarding','2021-10-17 21:16:55',5,7,0,0,NULL,NULL,'0.00','0.00',NULL,1,'8.00'),(2090,42,'SER00010','Inspection','2021-10-17 21:16:55',5,7,0,0,NULL,NULL,'0.00','0.00',NULL,1,'2.00'),(2091,42,'SER00011','Land rates','2021-10-17 21:16:55',5,7,0,0,NULL,NULL,'0.00','0.00',NULL,1,'3.00'),(2092,42,'SER00012','Office Expenses','2021-10-17 21:16:55',5,7,0,0,NULL,NULL,'0.00','0.00',NULL,1,'2.00'),(2093,42,'SER00013','Office Repairs','2021-10-17 21:16:55',5,7,0,0,NULL,NULL,'0.00','0.00',NULL,1,'1.00'),(2094,42,'SER00014','Photography','2021-10-17 21:16:55',5,7,0,0,NULL,NULL,'0.00','0.00',NULL,1,'7.00'),(2095,42,'SER00015','Printer Lease','2021-10-17 21:16:55',5,7,0,0,NULL,NULL,'0.00','0.00',NULL,1,'4.00'),(2096,42,'SER00016','PROJECT MANAGEMENT','2021-10-17 21:16:55',5,7,0,0,NULL,NULL,'0.00','0.00',NULL,1,'8.00'),(2097,42,'SER00017','Registration Fee','2021-10-17 21:16:55',5,7,0,0,NULL,NULL,'0.00','0.00',NULL,1,'9.00'),(2098,42,'SER00018','Sanitation','2021-10-17 21:16:55',5,7,0,0,NULL,NULL,'0.00','0.00',NULL,1,'1.00'),(2099,42,'SER00019','Site Security','2021-10-17 21:16:55',5,7,0,0,NULL,NULL,'0.00','0.00',NULL,1,'9.00'),(2100,42,'SER00020','TAXI','2021-10-17 21:16:55',5,7,0,0,NULL,NULL,'0.00','0.00',NULL,1,'9.00'),(2101,42,'SER00021','Tracking Service','2021-10-17 21:16:55',5,7,0,0,NULL,NULL,'0.00','0.00',NULL,1,'2.00'),(2102,42,'SER00022','Waste management services','2021-10-17 21:16:55',5,7,0,0,NULL,NULL,'0.00','0.00',NULL,1,'9.00'),(2103,42,'SER00023','Water','2021-10-17 21:16:55',5,7,0,0,NULL,NULL,'0.00','0.00',NULL,1,'1.00'),(2104,45,'STA00001','1\'\' 4 ring binder/file','2021-10-17 21:16:55',5,7,0,0,NULL,NULL,'0.00','0.00',NULL,1,'9.00'),(2105,45,'STA00002','1.5\'\' 4 ring binder/file','2021-10-17 21:16:55',5,7,0,0,NULL,NULL,'0.00','0.00',NULL,1,'3.00'),(2106,45,'STA00003','2 ring box file - office point','2021-10-17 21:16:55',5,7,0,0,NULL,NULL,'0.00','0.00',NULL,1,'7.00'),(2107,45,'STA00004','2\" 4 ring binder/file','2021-10-17 21:16:55',5,7,0,0,NULL,NULL,'0.00','0.00',NULL,1,'4.00'),(2108,45,'STA00005','2.5\" 4 ring binder/file','2021-10-17 21:16:55',5,7,0,0,NULL,NULL,'0.00','0.00',NULL,1,'10.00'),(2109,45,'STA00006','3\" 4 ring binder/file','2021-10-17 21:16:55',5,7,0,0,NULL,NULL,'0.00','0.00',NULL,1,'7.00'),(2110,45,'STA00007','A3 Brown envelopes','2021-10-17 21:16:55',5,7,0,0,NULL,NULL,'0.00','0.00',NULL,1,'4.00'),(2111,45,'STA00008','A3 Printing Papers','2021-10-17 21:16:55',5,7,0,0,NULL,NULL,'0.00','0.00',NULL,1,'10.00'),(2112,45,'STA00009','A4 Brown envelopes','2021-10-17 21:16:55',5,7,0,0,NULL,NULL,'0.00','0.00',NULL,1,'6.00'),(2113,45,'STA00010','A4 Printing papers','2021-10-17 21:16:55',5,7,0,0,NULL,NULL,'0.00','0.00',NULL,1,'4.00'),(2114,45,'STA00011','A5 Brown envelopes','2021-10-17 21:16:55',5,7,0,0,NULL,NULL,'0.00','0.00',NULL,1,'8.00'),(2115,45,'STA00012','A5 Note Books','2021-10-17 21:16:55',5,7,0,0,NULL,NULL,'0.00','0.00',NULL,1,'0.00'),(2116,45,'STA00013','Ascender','2021-10-17 21:16:55',5,7,0,0,NULL,NULL,'0.00','0.00',NULL,1,'6.00'),(2117,45,'STA00014','Bag','2021-10-17 21:16:55',5,7,0,0,NULL,NULL,'0.00','0.00',NULL,1,'1.00'),(2118,45,'STA00015','Bee Suits','2021-10-17 21:16:55',5,7,0,0,NULL,NULL,'0.00','0.00',NULL,1,'8.00'),(2119,45,'STA00016','Boxfiles','2021-10-17 21:16:55',5,7,0,0,NULL,NULL,'0.00','0.00',NULL,1,'6.00'),(2120,45,'STA00017','Calendars','2021-10-17 21:16:55',5,7,0,0,NULL,NULL,'0.00','0.00',NULL,1,'7.00'),(2121,45,'STA00018','Cambium Saver','2021-10-17 21:16:55',5,7,0,0,NULL,NULL,'0.00','0.00',NULL,1,'6.00'),(2122,45,'STA00019','Camera Bag','2021-10-17 21:16:55',5,7,0,0,NULL,NULL,'0.00','0.00',NULL,1,'0.00'),(2123,45,'STA00020','Camera Memory Card','2021-10-17 21:16:55',5,7,0,0,NULL,NULL,'0.00','0.00',NULL,1,'3.00'),(2124,45,'STA00021','Carabiner','2021-10-17 21:16:55',5,7,0,0,NULL,NULL,'0.00','0.00',NULL,1,'4.00'),(2125,45,'STA00022','Carbon paper','2021-10-17 21:16:55',5,7,0,0,NULL,NULL,'0.00','0.00',NULL,1,'1.00'),(2126,45,'STA00023','Cartridge HP 310','2021-10-17 21:16:55',5,7,0,0,NULL,NULL,'0.00','0.00',NULL,1,'5.00'),(2127,45,'STA00024','Cartridge HP 314','2021-10-17 21:16:55',5,7,0,0,NULL,NULL,'0.00','0.00',NULL,1,'9.00'),(2128,45,'STA00025','CDs','2021-10-17 21:16:55',5,7,0,0,NULL,NULL,'0.00','0.00',NULL,1,'2.00'),(2129,45,'STA00026','Clear binding covers','2021-10-17 21:16:55',5,7,0,0,NULL,NULL,'0.00','0.00',NULL,1,'2.00'),(2130,45,'STA00027','Clear Cellotape','2021-10-17 21:16:55',5,7,0,0,NULL,NULL,'0.00','0.00',NULL,1,'6.00'),(2131,45,'STA00028','Conqueeror Papers - 80gms','2021-10-17 21:16:55',5,7,0,0,NULL,NULL,'0.00','0.00',NULL,1,'1.00'),(2132,45,'STA00029','COUNTER BOOKS','2021-10-17 21:16:55',5,7,0,0,NULL,NULL,'0.00','0.00',NULL,1,'9.00'),(2133,45,'STA00030','Descender','2021-10-17 21:16:55',5,7,0,0,NULL,NULL,'0.00','0.00',NULL,1,'10.00'),(2134,45,'STA00031','DL envelopes','2021-10-17 21:16:55',5,7,0,0,NULL,NULL,'0.00','0.00',NULL,1,'3.00'),(2135,45,'STA00032','Dural snap hook with lock','2021-10-17 21:16:55',5,7,0,0,NULL,NULL,'0.00','0.00',NULL,1,'7.00'),(2136,45,'STA00033','DVD','2021-10-17 21:16:55',5,7,0,0,NULL,NULL,'0.00','0.00',NULL,1,'3.00'),(2137,45,'STA00034','Eelastic Bands','2021-10-17 21:16:55',5,7,0,0,NULL,NULL,'0.00','0.00',NULL,1,'7.00'),(2138,45,'STA00035','Embossed binding covers','2021-10-17 21:16:55',5,7,0,0,NULL,NULL,'0.00','0.00',NULL,1,'7.00'),(2139,45,'STA00036','Erasers','2021-10-17 21:16:55',5,7,0,0,NULL,NULL,'0.00','0.00',NULL,1,'2.00'),(2140,45,'STA00037','Executive Folders','2021-10-17 21:16:55',5,7,0,0,NULL,NULL,'0.00','0.00',NULL,1,'1.00'),(2141,45,'STA00038','File separators','2021-10-17 21:16:55',5,7,0,0,NULL,NULL,'0.00','0.00',NULL,1,'6.00'),(2142,45,'STA00039','Fine point pens','2021-10-17 21:16:55',5,7,0,0,NULL,NULL,'0.00','0.00',NULL,1,'10.00'),(2143,45,'STA00040','Fueling cards','2021-10-17 21:16:55',5,7,0,0,NULL,NULL,'0.00','0.00',NULL,1,'9.00'),(2144,45,'STA00041','Gloves','2021-10-17 21:16:55',5,7,0,0,NULL,NULL,'0.00','0.00',NULL,1,'7.00'),(2145,45,'STA00042','Grey Packing tapes 3\'\' x 50mtrs (Afri)','2021-10-17 21:16:55',5,7,0,0,NULL,NULL,'0.00','0.00',NULL,1,'7.00'),(2146,45,'STA00043','Highlighters','2021-10-17 21:16:55',5,7,0,0,NULL,NULL,'0.00','0.00',NULL,1,'2.00'),(2147,45,'STA00044','HP 130','2021-10-17 21:16:55',5,7,0,0,NULL,NULL,'0.00','0.00',NULL,1,'3.00'),(2148,45,'STA00045','HP 134','2021-10-17 21:16:55',5,7,0,0,NULL,NULL,'0.00','0.00',NULL,1,'6.00'),(2149,45,'STA00046','HP 950','2021-10-17 21:16:55',5,7,0,0,NULL,NULL,'0.00','0.00',NULL,1,'1.00'),(2150,45,'STA00047','HP 951','2021-10-17 21:16:55',5,7,0,0,NULL,NULL,'0.00','0.00',NULL,1,'10.00'),(2151,45,'STA00048','HP 952','2021-10-17 21:16:55',5,7,0,0,NULL,NULL,'0.00','0.00',NULL,1,'4.00'),(2152,45,'STA00049','HP 953','2021-10-17 21:16:55',5,7,0,0,NULL,NULL,'0.00','0.00',NULL,1,'0.00'),(2153,45,'STA00050','HP CB540 Toner','2021-10-17 21:16:55',5,7,0,0,NULL,NULL,'0.00','0.00',NULL,1,'10.00'),(2154,45,'STA00051','HP CB541 Toner','2021-10-17 21:16:55',5,7,0,0,NULL,NULL,'0.00','0.00',NULL,1,'8.00'),(2155,45,'STA00052','HP CB542 Toner','2021-10-17 21:16:55',5,7,0,0,NULL,NULL,'0.00','0.00',NULL,1,'9.00'),(2156,45,'STA00053','HP CB543 Toner','2021-10-17 21:16:55',5,7,0,0,NULL,NULL,'0.00','0.00',NULL,1,'3.00'),(2157,45,'STA00054','HP CE 310 - black toner','2021-10-17 21:16:55',5,7,0,0,NULL,NULL,'0.00','0.00',NULL,1,'8.00'),(2158,45,'STA00055','HP CE 311 - cyan toner','2021-10-17 21:16:55',5,7,0,0,NULL,NULL,'0.00','0.00',NULL,1,'1.00'),(2159,45,'STA00056','HP CE 312 - yellow toner','2021-10-17 21:16:55',5,7,0,0,NULL,NULL,'0.00','0.00',NULL,1,'1.00'),(2160,45,'STA00057','HP CE 313 - magenta toner','2021-10-17 21:16:55',5,7,0,0,NULL,NULL,'0.00','0.00',NULL,1,'3.00'),(2161,45,'STA00058','HP- CE 410A BLACK TONER','2021-10-17 21:16:55',5,7,0,0,NULL,NULL,'0.00','0.00',NULL,1,'3.00'),(2162,45,'STA00059','HP -CE 411A CYAN TONER','2021-10-17 21:16:55',5,7,0,0,NULL,NULL,'0.00','0.00',NULL,1,'5.00'),(2163,45,'STA00060','HP -CE412A YELLOW TONER','2021-10-17 21:16:55',5,7,0,0,NULL,NULL,'0.00','0.00',NULL,1,'4.00'),(2164,45,'STA00061','HP-CE 413A MAGENTA','2021-10-17 21:16:55',5,7,0,0,NULL,NULL,'0.00','0.00',NULL,1,'5.00'),(2165,45,'STA00062','In & out tray','2021-10-17 21:16:55',5,7,0,0,NULL,NULL,'0.00','0.00',NULL,1,'5.00'),(2166,45,'STA00063','Journal counter books - 2 quire','2021-10-17 21:16:55',5,7,0,0,NULL,NULL,'0.00','0.00',NULL,1,'10.00'),(2167,45,'STA00064','kangaro staples 24/6','2021-10-17 21:16:55',5,7,0,0,NULL,NULL,'0.00','0.00',NULL,1,'4.00'),(2168,45,'STA00065','Key holders','2021-10-17 21:16:55',5,7,0,0,NULL,NULL,'0.00','0.00',NULL,1,'9.00'),(2169,45,'STA00066','Label Printer Catridges','2021-10-17 21:16:55',5,7,0,0,NULL,NULL,'0.00','0.00',NULL,1,'5.00'),(2170,45,'STA00067','Labelling Catridge','2021-10-17 21:16:55',5,7,0,0,NULL,NULL,'0.00','0.00',NULL,1,'5.00'),(2171,45,'STA00068','Labelling Machine','2021-10-17 21:16:55',5,7,0,0,NULL,NULL,'0.00','0.00',NULL,1,'3.00'),(2172,45,'STA00069','Letterheads','2021-10-17 21:16:55',5,7,0,0,NULL,NULL,'0.00','0.00',NULL,1,'1.00'),(2173,45,'STA00070','Masking Tape','2021-10-17 21:16:55',5,7,0,0,NULL,NULL,'0.00','0.00',NULL,1,'4.00'),(2174,45,'STA00071','PA braided rope','2021-10-17 21:16:55',5,7,0,0,NULL,NULL,'0.00','0.00',NULL,1,'6.00'),(2175,45,'STA00072','PACKING TAPES 3\'\' * 50 MTR - GREY','2021-10-17 21:16:55',5,7,0,0,NULL,NULL,'0.00','0.00',NULL,1,'8.00'),(2176,45,'STA00073','Paper Clips','2021-10-17 21:16:55',5,7,0,0,NULL,NULL,'0.00','0.00',NULL,1,'5.00'),(2177,45,'STA00074','Paper Punch','2021-10-17 21:16:55',5,7,0,0,NULL,NULL,'0.00','0.00',NULL,1,'8.00'),(2178,45,'STA00075','Pen Holder','2021-10-17 21:16:55',5,7,0,0,NULL,NULL,'0.00','0.00',NULL,1,'7.00'),(2179,45,'STA00076','Pencils','2021-10-17 21:16:55',5,7,0,0,NULL,NULL,'0.00','0.00',NULL,1,'2.00'),(2180,45,'STA00077','Permanent Markers','2021-10-17 21:16:55',5,7,0,0,NULL,NULL,'0.00','0.00',NULL,1,'8.00'),(2181,45,'STA00078','PPE BAG','2021-10-17 21:16:55',5,7,0,0,NULL,NULL,'0.00','0.00',NULL,1,'2.00'),(2182,45,'STA00079','Presentation folders','2021-10-17 21:16:55',5,7,0,0,NULL,NULL,'0.00','0.00',NULL,1,'8.00'),(2183,45,'STA00080','Pritt office glue','2021-10-17 21:16:55',5,7,0,0,NULL,NULL,'0.00','0.00',NULL,1,'5.00'),(2184,45,'STA00081','Q6002a - yellow Toner','2021-10-17 21:16:55',5,7,0,0,NULL,NULL,'0.00','0.00',NULL,1,'1.00'),(2185,45,'STA00082','Safety Barrier Tape','2021-10-17 21:16:55',5,7,0,0,NULL,NULL,'0.00','0.00',NULL,1,'0.00'),(2186,45,'STA00083','Shipping Cost','2021-10-17 21:16:55',5,7,0,0,NULL,NULL,'0.00','0.00',NULL,1,'8.00'),(2187,45,'STA00084','Sign Here stickers','2021-10-17 21:16:55',5,7,0,0,NULL,NULL,'0.00','0.00',NULL,1,'7.00'),(2188,45,'STA00085','Spiral binders','2021-10-17 21:16:55',5,7,0,0,NULL,NULL,'0.00','0.00',NULL,1,'3.00'),(2189,45,'STA00086','Sponge dumper','2021-10-17 21:16:55',5,7,0,0,NULL,NULL,'0.00','0.00',NULL,1,'4.00'),(2190,45,'STA00087','Spring files','2021-10-17 21:16:55',5,7,0,0,NULL,NULL,'0.00','0.00',NULL,1,'2.00'),(2191,45,'STA00088','STAMP','2021-10-17 21:16:55',5,7,0,0,NULL,NULL,'0.00','0.00',NULL,1,'7.00'),(2192,45,'STA00089','Stamp pad ink','2021-10-17 21:16:55',5,7,0,0,NULL,NULL,'0.00','0.00',NULL,1,'8.00'),(2193,45,'STA00090','Staple remover','2021-10-17 21:16:55',5,7,0,0,NULL,NULL,'0.00','0.00',NULL,1,'10.00'),(2194,45,'STA00091','Stapler','2021-10-17 21:16:55',5,7,0,0,NULL,NULL,'0.00','0.00',NULL,1,'5.00'),(2195,45,'STA00092','Stock Bin Cards','2021-10-17 21:16:55',5,7,0,0,NULL,NULL,'0.00','0.00',NULL,1,'8.00'),(2196,45,'STA00093','Storage Tins','2021-10-17 21:16:55',5,7,0,0,NULL,NULL,'0.00','0.00',NULL,1,'1.00'),(2197,45,'STA00094','Subscription Fee','2021-10-17 21:16:55',5,7,0,0,NULL,NULL,'0.00','0.00',NULL,1,'4.00'),(2198,45,'STA00095','Suspension File','2021-10-17 21:16:55',5,7,0,0,NULL,NULL,'0.00','0.00',NULL,1,'8.00'),(2199,45,'STA00096','Tape Holder','2021-10-17 21:16:55',5,7,0,0,NULL,NULL,'0.00','0.00',NULL,1,'6.00'),(2200,45,'STA00097','UMBRELLA','2021-10-17 21:16:55',5,7,0,0,NULL,NULL,'0.00','0.00',NULL,1,'6.00'),(2201,45,'STA00098','UNIFORM','2021-10-17 21:16:55',5,7,0,0,NULL,NULL,'0.00','0.00',NULL,1,'4.00'),(2202,45,'STA00099','White Board Markers','2021-10-17 21:16:55',5,7,0,0,NULL,NULL,'0.00','0.00',NULL,1,'10.00'),(2203,45,'STA00100','White Outs','2021-10-17 21:16:55',5,7,0,0,NULL,NULL,'0.00','0.00',NULL,1,'7.00'),(2204,45,'STA00101','Wine','2021-10-17 21:16:55',5,7,0,0,NULL,NULL,'0.00','0.00',NULL,1,'8.00'),(2205,45,'STA00102','Work Positioning device','2021-10-17 21:16:55',5,7,0,0,NULL,NULL,'0.00','0.00',NULL,1,'7.00'),(2206,45,'STA00103','Yellow stick notes','2021-10-17 21:16:55',5,7,0,0,NULL,NULL,'0.00','0.00',NULL,1,'1.00'),(2207,46,'TOO00001','150W Power Supply for 8000 Platform (UK)','2021-10-17 21:16:55',5,7,0,0,NULL,NULL,'0.00','0.00',NULL,1,'5.00'),(2208,46,'TOO00002','15dB Low Noise Pre-Amplifier','2021-10-17 21:16:55',5,7,0,0,NULL,NULL,'0.00','0.00',NULL,1,'2.00'),(2209,46,'TOO00003','1MB Memory Expansion','2021-10-17 21:16:55',5,7,0,0,NULL,NULL,'0.00','0.00',NULL,1,'6.00'),(2210,46,'TOO00004','2014/00.24;Adapter 24: SC-PC SC-APC','2021-10-17 21:16:55',5,7,0,0,NULL,NULL,'0.00','0.00',NULL,1,'4.00'),(2211,46,'TOO00005','21165444;FACTORY INTEGRATION 1','2021-10-17 21:16:55',5,7,0,0,NULL,NULL,'0.00','0.00',NULL,1,'2.00'),(2212,46,'TOO00006','2127/02;OMK-35P Service Provider Plus - SM Test Ki','2021-10-17 21:16:55',5,7,0,0,NULL,NULL,'0.00','0.00',NULL,1,'8.00'),(2213,46,'TOO00007','2150/00.58;Universal Optical Adapter: SC-PC APC-Ty','2021-10-17 21:16:55',5,7,0,0,NULL,NULL,'0.00','0.00',NULL,1,'2.00'),(2214,46,'TOO00008','22016924;Standard Power Cord','2021-10-17 21:16:55',5,7,0,0,NULL,NULL,'0.00','0.00',NULL,1,'9.00'),(2215,46,'TOO00009','2229/90.01;ALKALINE BATTERY MIGNON AA-SIZE LR6','2021-10-17 21:16:55',5,7,0,0,NULL,NULL,'0.00','0.00',NULL,1,'8.00'),(2216,46,'TOO00010','2277/03;OLP-55 Power Meter -60 to +26 dBm 800-1700','2021-10-17 21:16:55',5,7,0,0,NULL,NULL,'0.00','0.00',NULL,1,'2.00'),(2217,46,'TOO00011','2277/90.01;SNT-121A Worldwide Compatible AC Adapte','2021-10-17 21:16:55',5,7,0,0,NULL,NULL,'0.00','0.00',NULL,1,'8.00'),(2218,46,'TOO00012','2277/90.02;MT-1S Belt Bag Smart Handhelds','2021-10-17 21:16:55',5,7,0,0,NULL,NULL,'0.00','0.00',NULL,1,'3.00'),(2219,46,'TOO00013','2277/98.11;Operating Manual for OLP-55/-55F Englis','2021-10-17 21:16:55',5,7,0,0,NULL,NULL,'0.00','0.00',NULL,1,'1.00'),(2220,46,'TOO00014','2279/02;OLS-55 Laser Source 1310 1550 1625nm PC','2021-10-17 21:16:55',5,7,0,0,NULL,NULL,'0.00','0.00',NULL,1,'7.00'),(2221,46,'TOO00015','2279/98.11;Manual for OLS-5X English German','2021-10-17 21:16:55',5,7,0,0,NULL,NULL,'0.00','0.00',NULL,1,'1.00'),(2222,46,'TOO00016','2295/03;FTTX Sel. PM 1310/1490/1550nm PC w. Bb-Pow','2021-10-17 21:16:55',5,7,0,0,NULL,NULL,'0.00','0.00',NULL,1,'2.00'),(2223,46,'TOO00017','24 Core SM ARM OFC','2021-10-17 21:16:55',5,7,0,0,NULL,NULL,'0.00','0.00',NULL,1,'0.00'),(2224,46,'TOO00018','24 Core SM FLEX OFC','2021-10-17 21:16:55',5,7,0,0,NULL,NULL,'0.00','0.00',NULL,1,'3.00'),(2225,46,'TOO00019','3-Hole Fiber Stripper','2021-10-17 21:16:55',5,7,0,0,NULL,NULL,'0.00','0.00',NULL,1,'6.00'),(2226,46,'TOO00020','40dB Pre-Amplifier; 1kHz - 8GHz','2021-10-17 21:16:55',5,7,0,0,NULL,NULL,'0.00','0.00',NULL,1,'1.00'),(2227,46,'TOO00021','48 Core SM ARM OFC','2021-10-17 21:16:55',5,7,0,0,NULL,NULL,'0.00','0.00',NULL,1,'4.00'),(2228,46,'TOO00022','48 Core SM FLEX OFC','2021-10-17 21:16:55',5,7,0,0,NULL,NULL,'0.00','0.00',NULL,1,'1.00'),(2229,46,'TOO00023','8 Core SM ARM OFC','2021-10-17 21:16:55',5,7,0,0,NULL,NULL,'0.00','0.00',NULL,1,'1.00'),(2230,46,'TOO00024','8 Core SM FLEX OFC','2021-10-17 21:16:55',5,7,0,0,NULL,NULL,'0.00','0.00',NULL,1,'1.00'),(2231,46,'TOO00025','850/1300/1310/1550 laser source (Single mode & mul','2021-10-17 21:16:55',5,7,0,0,NULL,NULL,'0.00','0.00',NULL,1,'2.00'),(2232,46,'TOO00026','8GHZ Broadband Peak Power Meter','2021-10-17 21:16:55',5,7,0,0,NULL,NULL,'0.00','0.00',NULL,1,'8.00'),(2233,46,'TOO00027','Accessory Kit,DVI-DL to MiniDP','2021-10-17 21:16:55',5,7,0,0,NULL,NULL,'0.00','0.00',NULL,1,'5.00'),(2234,46,'TOO00028','Accessory: Protective hard cover (for EVS300, FSL,','2021-10-17 21:16:55',5,7,0,0,NULL,NULL,'0.00','0.00',NULL,1,'9.00'),(2235,46,'TOO00029','AD-22037487;Adapter Cord Europe','2021-10-17 21:16:55',5,7,0,0,NULL,NULL,'0.00','0.00',NULL,1,'9.00'),(2236,46,'TOO00030','Adapter; 7/16 (f) - N(m), 7.5GHz, 50 Ohm','2021-10-17 21:16:55',5,7,0,0,NULL,NULL,'0.00','0.00',NULL,1,'9.00'),(2237,46,'TOO00031','Adapter; 7/16 (m) - N(m), 7.5GHz, 50 Ohm','2021-10-17 21:16:55',5,7,0,0,NULL,NULL,'0.00','0.00',NULL,1,'0.00'),(2238,46,'TOO00032','Additional Li-Ion Rechargeable Battery for MTS/T-B','2021-10-17 21:16:55',5,7,0,0,NULL,NULL,'0.00','0.00',NULL,1,'2.00'),(2239,46,'TOO00033','ADJUSTABLE SPANNER 24\'\'','2021-10-17 21:16:55',5,7,0,0,NULL,NULL,'0.00','0.00',NULL,1,'1.00'),(2240,46,'TOO00034','ALLEN KEY SET','2021-10-17 21:16:55',5,7,0,0,NULL,NULL,'0.00','0.00',NULL,1,'0.00'),(2241,46,'TOO00035','ALWL Adaptor SC/PC male to LC/PC female for power ','2021-10-17 21:16:55',5,7,0,0,NULL,NULL,'0.00','0.00',NULL,1,'7.00'),(2242,46,'TOO00036','Annual Maintenance- g-speak servers- Ultrasonic Tr','2021-10-17 21:16:55',5,7,0,0,NULL,NULL,'0.00','0.00',NULL,1,'4.00'),(2243,46,'TOO00037','Assy-Purch,USB EXTNDR,CAT5,4pt','2021-10-17 21:16:55',5,7,0,0,NULL,NULL,'0.00','0.00',NULL,1,'9.00'),(2244,46,'TOO00038','ATC Transceiver Handheld','2021-10-17 21:16:55',5,7,0,0,NULL,NULL,'0.00','0.00',NULL,1,'5.00'),(2245,46,'TOO00039','Barrier Tape','2021-10-17 21:16:55',5,7,0,0,NULL,NULL,'0.00','0.00',NULL,1,'7.00'),(2246,46,'TOO00040','Big Flow Blowing Junction Block FLEX for blowing m','2021-10-17 21:16:55',5,7,0,0,NULL,NULL,'0.00','0.00',NULL,1,'0.00'),(2247,46,'TOO00041','Box incl. gaskets 0-23mm,nylon seal 12-18-24mm','2021-10-17 21:16:55',5,7,0,0,NULL,NULL,'0.00','0.00',NULL,1,'10.00'),(2248,46,'TOO00042','BOX SPANNER SET (1-1/2DR SOCKET SET 10-32mm 24PCS ','2021-10-17 21:16:55',5,7,0,0,NULL,NULL,'0.00','0.00',NULL,1,'9.00'),(2249,46,'TOO00043','BRANDED OVERALL','2021-10-17 21:16:55',5,7,0,0,NULL,NULL,'0.00','0.00',NULL,1,'4.00'),(2250,46,'TOO00044','BRANDED REFLECTOR','2021-10-17 21:16:55',5,7,0,0,NULL,NULL,'0.00','0.00',NULL,1,'3.00'),(2251,46,'TOO00045','BRZ-SUPT-PLN-3-PROMO;Bronze Support Plan for 3 yea','2021-10-17 21:16:55',5,7,0,0,NULL,NULL,'0.00','0.00',NULL,1,'6.00'),(2252,46,'TOO00046','Cable Assy,DisplayPort 3ft/1m','2021-10-17 21:16:55',5,7,0,0,NULL,NULL,'0.00','0.00',NULL,1,'8.00'),(2253,46,'TOO00047','Cable,DL DVI to DVI- .5m','2021-10-17 21:16:55',5,7,0,0,NULL,NULL,'0.00','0.00',NULL,1,'1.00'),(2254,46,'TOO00048','Cable,FO,DP-DP,20','2021-10-17 21:16:55',5,7,0,0,NULL,NULL,'0.00','0.00',NULL,1,'2.00'),(2255,46,'TOO00049','Cable,MiniDP to DP,2M passive','2021-10-17 21:16:55',5,7,0,0,NULL,NULL,'0.00','0.00',NULL,1,'9.00'),(2256,46,'TOO00050','Calibration of Kenya civil Aviation Authority Test','2021-10-17 21:16:55',5,7,0,0,NULL,NULL,'0.00','0.00',NULL,1,'9.00'),(2257,46,'TOO00051','Calibration Services','2021-10-17 21:16:55',5,7,0,0,NULL,NULL,'0.00','0.00',NULL,1,'5.00'),(2258,46,'TOO00052','Carrying bag for EVS-Z3','2021-10-17 21:16:55',5,7,0,0,NULL,NULL,'0.00','0.00',NULL,1,'0.00'),(2259,46,'TOO00053','CLAMP METER MAJOR TECH -MT777','2021-10-17 21:16:55',5,7,0,0,NULL,NULL,'0.00','0.00',NULL,1,'6.00'),(2260,46,'TOO00054','CLAW HAMMER','2021-10-17 21:16:55',5,7,0,0,NULL,NULL,'0.00','0.00',NULL,1,'8.00'),(2261,46,'TOO00055','COLD BACK-UP g-speak server (1), Perception server','2021-10-17 21:16:55',5,7,0,0,NULL,NULL,'0.00','0.00',NULL,1,'1.00'),(2262,46,'TOO00056','COLD BACK-UP Perception server (1) for tracking sy','2021-10-17 21:16:55',5,7,0,0,NULL,NULL,'0.00','0.00',NULL,1,'1.00'),(2263,46,'TOO00057','COMBINATION SPANNER SET 12PCS METRIC(SO563)','2021-10-17 21:16:55',5,7,0,0,NULL,NULL,'0.00','0.00',NULL,1,'2.00'),(2264,46,'TOO00058','COMBINATION SPANNER SET 25PC METRIC','2021-10-17 21:16:55',5,7,0,0,NULL,NULL,'0.00','0.00',NULL,1,'9.00'),(2265,46,'TOO00059','COMBINATION WRENCH SET','2021-10-17 21:16:55',5,7,0,0,NULL,NULL,'0.00','0.00',NULL,1,'9.00'),(2266,46,'TOO00060','COMBINE SPANNER 13mm','2021-10-17 21:16:55',5,7,0,0,NULL,NULL,'0.00','0.00',NULL,1,'8.00'),(2267,46,'TOO00061','COMBINE SPANNER 16mm','2021-10-17 21:16:55',5,7,0,0,NULL,NULL,'0.00','0.00',NULL,1,'2.00'),(2268,46,'TOO00062','COMBINE SPANNER 17mm','2021-10-17 21:16:55',5,7,0,0,NULL,NULL,'0.00','0.00',NULL,1,'5.00'),(2269,46,'TOO00063','COMBINE SPANNER 30mm','2021-10-17 21:16:55',5,7,0,0,NULL,NULL,'0.00','0.00',NULL,1,'9.00'),(2270,46,'TOO00064','COMPASS MILITARY','2021-10-17 21:16:55',5,7,0,0,NULL,NULL,'0.00','0.00',NULL,1,'1.00'),(2271,46,'TOO00065','Control valve, complete w. hoses','2021-10-17 21:16:55',5,7,0,0,NULL,NULL,'0.00','0.00',NULL,1,'7.00'),(2272,46,'TOO00066','CSC-CSCETHTR Smart class Ethernet Complete Package','2021-10-17 21:16:56',5,7,0,0,NULL,NULL,'0.00','0.00',NULL,1,'4.00'),(2273,46,'TOO00067','C-SERIES MICROSCOPE 400X COAXIAL ILLUM._ 2.5MM ADA','2021-10-17 21:16:56',5,7,0,0,NULL,NULL,'0.00','0.00',NULL,1,'6.00'),(2274,46,'TOO00068','Cutting Wheel for Cleaver','2021-10-17 21:16:56',5,7,0,0,NULL,NULL,'0.00','0.00',NULL,1,'9.00'),(2275,46,'TOO00069','DC METER','2021-10-17 21:16:56',5,7,0,0,NULL,NULL,'0.00','0.00',NULL,1,'6.00'),(2276,46,'TOO00070','Deployment and Training','2021-10-17 21:16:56',5,7,0,0,NULL,NULL,'0.00','0.00',NULL,1,'4.00'),(2277,46,'TOO00071','Directional power sensor, 200 MHz to 4 GHz, 30mW t','2021-10-17 21:16:56',5,7,0,0,NULL,NULL,'0.00','0.00',NULL,1,'0.00'),(2278,46,'TOO00072','Directional power sensor,200 MHz to 4 GHz, 30mW to','2021-10-17 21:16:56',5,7,0,0,NULL,NULL,'0.00','0.00',NULL,1,'9.00'),(2279,46,'TOO00073','DSAM-D3TECH3PKG-65;DSAM DOCSIS 3 Tech 3 Pkg W/DSAM','2021-10-17 21:16:56',5,7,0,0,NULL,NULL,'0.00','0.00',NULL,1,'7.00'),(2280,46,'TOO00074','DSAM-FVQAM-UPG;DSAM Field View QAM Option','2021-10-17 21:16:56',5,7,0,0,NULL,NULL,'0.00','0.00',NULL,1,'7.00'),(2281,46,'TOO00075','DUST COAT','2021-10-17 21:16:56',5,7,0,0,NULL,NULL,'0.00','0.00',NULL,1,'5.00'),(2282,46,'TOO00076','DVB-T2 STB Test Suite','2021-10-17 21:16:56',5,7,0,0,NULL,NULL,'0.00','0.00',NULL,1,'3.00'),(2283,46,'TOO00077','E40SCASE1;Soft Case for 4000 Platform','2021-10-17 21:16:56',5,7,0,0,NULL,NULL,'0.00','0.00',NULL,1,'9.00'),(2284,46,'TOO00078','E4126LA;La 1310/1550 nm OTDR Module','2021-10-17 21:16:56',5,7,0,0,NULL,NULL,'0.00','0.00',NULL,1,'7.00'),(2285,46,'TOO00079','E4138MP49;MP 1310/1490/1550 nm OTDR Module','2021-10-17 21:16:56',5,7,0,0,NULL,NULL,'0.00','0.00',NULL,1,'6.00'),(2286,46,'TOO00080','E80PM;Optical Power Meter with UPP Connector','2021-10-17 21:16:56',5,7,0,0,NULL,NULL,'0.00','0.00',NULL,1,'2.00'),(2287,46,'TOO00081','E80PWE;Std AC DC Adapter with Europe Plug - for 6K','2021-10-17 21:16:56',5,7,0,0,NULL,NULL,'0.00','0.00',NULL,1,'10.00'),(2288,46,'TOO00082','E80VFL;VFL with UPP Connector','2021-10-17 21:16:56',5,7,0,0,NULL,NULL,'0.00','0.00',NULL,1,'4.00'),(2289,46,'TOO00083','E8126D;OTDR Module D 1310/1550nm','2021-10-17 21:16:56',5,7,0,0,NULL,NULL,'0.00','0.00',NULL,1,'10.00'),(2290,46,'TOO00084','ELECTRICIANS SCREW DRIVER SET','2021-10-17 21:16:56',5,7,0,0,NULL,NULL,'0.00','0.00',NULL,1,'8.00'),(2291,46,'TOO00085','EM6000;MTS-6000 Platform','2021-10-17 21:16:56',5,7,0,0,NULL,NULL,'0.00','0.00',NULL,1,'9.00'),(2292,46,'TOO00086','EMTS6000-MF-MIS;MTS/TB 6000 Miscellaneous Options','2021-10-17 21:16:56',5,7,0,0,NULL,NULL,'0.00','0.00',NULL,1,'3.00'),(2293,46,'TOO00087','EMTS6000-MF-PT;MTS/TB 6000 Mainframes','2021-10-17 21:16:56',5,7,0,0,NULL,NULL,'0.00','0.00',NULL,1,'7.00'),(2294,46,'TOO00088','EMTS6MF;MTS/TB 6000 Mainframe Configuration','2021-10-17 21:16:56',5,7,0,0,NULL,NULL,'0.00','0.00',NULL,1,'7.00'),(2295,46,'TOO00089','EMTS8000-AO-CCA;MTS8000 _ TBERD8000 - CARRYING CAS','2021-10-17 21:16:56',5,7,0,0,NULL,NULL,'0.00','0.00',NULL,1,'3.00'),(2296,46,'TOO00090','EMTS8000-MF-OO;MTS8000 _ TBERD8000 - MF - OPTICAL','2021-10-17 21:16:56',5,7,0,0,NULL,NULL,'0.00','0.00',NULL,1,'3.00'),(2297,46,'TOO00091','EMTS8000-OM-TY;MTS8000 _ TBERD8000-OTDR MODULE -','2021-10-17 21:16:56',5,7,0,0,NULL,NULL,'0.00','0.00',NULL,1,'7.00'),(2298,46,'TOO00092','EMTS8AO2;TB/MTS 6000/8000 Accessories Configurator','2021-10-17 21:16:56',5,7,0,0,NULL,NULL,'0.00','0.00',NULL,1,'7.00'),(2299,46,'TOO00093','EOFS200;Optical Fiber Cable Software OFS200','2021-10-17 21:16:56',5,7,0,0,NULL,NULL,'0.00','0.00',NULL,1,'1.00'),(2300,46,'TOO00094','ESCASE4;Soft Carrying Case for MTS T-Berd 6000','2021-10-17 21:16:56',5,7,0,0,NULL,NULL,'0.00','0.00',NULL,1,'7.00'),(2301,46,'TOO00095','ESMARTFTTH4KUPG;FTTH-SLM OTDR UPG OPTION FOR TBERD','2021-10-17 21:16:56',5,7,0,0,NULL,NULL,'0.00','0.00',NULL,1,'9.00'),(2302,46,'TOO00096','ESMARTLINK4KUPG;Smartlink OTDR Upg Option for T-Be','2021-10-17 21:16:56',5,7,0,0,NULL,NULL,'0.00','0.00',NULL,1,'6.00'),(2303,46,'TOO00097','EUNIPCSC;Universal PC Connector with SC Adapter','2021-10-17 21:16:56',5,7,0,0,NULL,NULL,'0.00','0.00',NULL,1,'3.00'),(2304,46,'TOO00098','FBPT-SC-APC;Tip SC-APC Bulkhead for FBP','2021-10-17 21:16:56',5,7,0,0,NULL,NULL,'0.00','0.00',NULL,1,'6.00'),(2305,46,'TOO00099','FBPT-U12MX;Tip Universal 1.25mm APC and UPC','2021-10-17 21:16:56',5,7,0,0,NULL,NULL,'0.00','0.00',NULL,1,'2.00'),(2306,46,'TOO00100','FBPT-U25M;Tip Univ. 2.5mm Patch Cord For FBP','2021-10-17 21:16:56',5,7,0,0,NULL,NULL,'0.00','0.00',NULL,1,'2.00'),(2307,46,'TOO00101','FBPT-U25MA;Tip Universal 2.5mm APC Patch Cord for ','2021-10-17 21:16:56',5,7,0,0,NULL,NULL,'0.00','0.00',NULL,1,'3.00'),(2308,46,'TOO00102','FC adaptor for laser source','2021-10-17 21:16:56',5,7,0,0,NULL,NULL,'0.00','0.00',NULL,1,'8.00'),(2309,46,'TOO00103','FI-60;Live Fiber Identifier with OPM - with LFI AT','2021-10-17 21:16:56',5,7,0,0,NULL,NULL,'0.00','0.00',NULL,1,'4.00'),(2310,46,'TOO00104','FIT-8201-PRO','2021-10-17 21:16:56',5,7,0,0,NULL,NULL,'0.00','0.00',NULL,1,'3.00'),(2311,46,'TOO00105','FIXED RATE REPAIR AND CALIBRATION FOR MTS/TB2000 M','2021-10-17 21:16:56',5,7,0,0,NULL,NULL,'0.00','0.00',NULL,1,'2.00'),(2312,46,'TOO00106','FLAT RATE REPAIR AND CALIBRATION FOR MTS/TB4000 MA','2021-10-17 21:16:56',5,7,0,0,NULL,NULL,'0.00','0.00',NULL,1,'3.00'),(2313,46,'TOO00107','Fujikura BTR-08 battery','2021-10-17 21:16:56',5,7,0,0,NULL,NULL,'0.00','0.00',NULL,1,'10.00'),(2314,46,'TOO00108','Fujikura CT-30 High Precision Fiber Cleaver','2021-10-17 21:16:56',5,7,0,0,NULL,NULL,'0.00','0.00',NULL,1,'9.00'),(2315,46,'TOO00109','Fujikura FSM 18S/60S battery','2021-10-17 21:16:56',5,7,0,0,NULL,NULL,'0.00','0.00',NULL,1,'4.00'),(2316,46,'TOO00110','Fusion splicer','2021-10-17 21:16:56',5,7,0,0,NULL,NULL,'0.00','0.00',NULL,1,'3.00'),(2317,46,'TOO00111','GAS MANIFOLD R22','2021-10-17 21:16:56',5,7,0,0,NULL,NULL,'0.00','0.00',NULL,1,'2.00'),(2318,46,'TOO00112','GPS','2021-10-17 21:16:56',5,7,0,0,NULL,NULL,'0.00','0.00',NULL,1,'1.00'),(2319,46,'TOO00113','GPS data logger mode','2021-10-17 21:16:56',5,7,0,0,NULL,NULL,'0.00','0.00',NULL,1,'1.00'),(2320,46,'TOO00114','Grabber device RT-AV100','2021-10-17 21:16:56',5,7,0,0,NULL,NULL,'0.00','0.00',NULL,1,'2.00'),(2321,46,'TOO00115','g-speak development bundle ((1 year subscription) ','2021-10-17 21:16:56',5,7,0,0,NULL,NULL,'0.00','0.00',NULL,1,'5.00'),(2322,46,'TOO00116','g-speak runtime license, ((1 year subscription) Th','2021-10-17 21:16:56',5,7,0,0,NULL,NULL,'0.00','0.00',NULL,1,'9.00'),(2323,46,'TOO00117','g-speak server: 1, g-speak server to run g-speak:','2021-10-17 21:16:56',5,7,0,0,NULL,NULL,'0.00','0.00',NULL,1,'10.00'),(2324,46,'TOO00118','g-speak Training (4 day course for u to 10 people ','2021-10-17 21:16:56',5,7,0,0,NULL,NULL,'0.00','0.00',NULL,1,'3.00'),(2325,46,'TOO00119','HACKSAW','2021-10-17 21:16:56',5,7,0,0,NULL,NULL,'0.00','0.00',NULL,1,'3.00'),(2326,46,'TOO00120','Handheld Spectrum Analyser; 10MHz-8GHz','2021-10-17 21:16:56',5,7,0,0,NULL,NULL,'0.00','0.00',NULL,1,'9.00'),(2327,46,'TOO00121','HCU200-FULL-BNC;HCU200BNC with Full Mactrak Capabi','2021-10-17 21:16:56',5,7,0,0,NULL,NULL,'0.00','0.00',NULL,1,'5.00'),(2328,46,'TOO00122','HELMETS','2021-10-17 21:16:56',5,7,0,0,NULL,NULL,'0.00','0.00',NULL,1,'7.00'),(2329,46,'TOO00123','HEX KEY SET 30PC','2021-10-17 21:16:56',5,7,0,0,NULL,NULL,'0.00','0.00',NULL,1,'0.00'),(2330,46,'TOO00124','HEX KEY SET 9PCS METRIC','2021-10-17 21:16:56',5,7,0,0,NULL,NULL,'0.00','0.00',NULL,1,'10.00'),(2331,46,'TOO00125','High Precision Time-Base; 0.5ppm','2021-10-17 21:16:56',5,7,0,0,NULL,NULL,'0.00','0.00',NULL,1,'8.00'),(2332,46,'TOO00126','Hydraulic MultiPower Pack','2021-10-17 21:16:56',5,7,0,0,NULL,NULL,'0.00','0.00',NULL,1,'1.00'),(2333,46,'TOO00127','Hydraulic MultiPower Pack Instruction Manual','2021-10-17 21:16:56',5,7,0,0,NULL,NULL,'0.00','0.00',NULL,1,'0.00'),(2334,46,'TOO00128','IFS cleaver blades','2021-10-17 21:16:56',5,7,0,0,NULL,NULL,'0.00','0.00',NULL,1,'9.00'),(2335,46,'TOO00129','ILS (LLZ/GS)/VOR dipole antenna with telescope mas','2021-10-17 21:16:56',5,7,0,0,NULL,NULL,'0.00','0.00',NULL,1,'3.00'),(2336,46,'TOO00130','ILS/VOR analyzer base unit, 70-350 MHz','2021-10-17 21:16:56',5,7,0,0,NULL,NULL,'0.00','0.00',NULL,1,'0.00'),(2337,46,'TOO00131','INCLOMETER CRAFTSMAN','2021-10-17 21:16:56',5,7,0,0,NULL,NULL,'0.00','0.00',NULL,1,'2.00'),(2338,46,'TOO00132','Installation, Calibration and Cabling g-Speak -Ult','2021-10-17 21:16:56',5,7,0,0,NULL,NULL,'0.00','0.00',NULL,1,'9.00'),(2339,46,'TOO00133','Insurance and freight','2021-10-17 21:16:56',5,7,0,0,NULL,NULL,'0.00','0.00',NULL,1,'9.00'),(2340,46,'TOO00134','Insurance and freight charges','2021-10-17 21:16:56',5,7,0,0,NULL,NULL,'0.00','0.00',NULL,1,'6.00'),(2341,46,'TOO00135','Insurance andf freight','2021-10-17 21:16:56',5,7,0,0,NULL,NULL,'0.00','0.00',NULL,1,'4.00'),(2342,46,'TOO00136','Karabina','2021-10-17 21:16:56',5,7,0,0,NULL,NULL,'0.00','0.00',NULL,1,'3.00'),(2343,46,'TOO00137','KRONE TOOLS','2021-10-17 21:16:56',5,7,0,0,NULL,NULL,'0.00','0.00',NULL,1,'2.00'),(2344,46,'TOO00138','LC Adaptor for Laser source','2021-10-17 21:16:56',5,7,0,0,NULL,NULL,'0.00','0.00',NULL,1,'0.00'),(2345,46,'TOO00139','LC connector','2021-10-17 21:16:56',5,7,0,0,NULL,NULL,'0.00','0.00',NULL,1,'6.00'),(2346,46,'TOO00140','LC connector multimode','2021-10-17 21:16:56',5,7,0,0,NULL,NULL,'0.00','0.00',NULL,1,'1.00'),(2347,46,'TOO00141','LEATHER GLOVES','2021-10-17 21:16:56',5,7,0,0,NULL,NULL,'0.00','0.00',NULL,1,'5.00'),(2348,46,'TOO00142','Lithium-Polymer battery for T-BERD/MTS-2000 (repla','2021-10-17 21:16:56',5,7,0,0,NULL,NULL,'0.00','0.00',NULL,1,'2.00'),(2349,46,'TOO00143','Live Fiber Identifier with OPM - with LFI ATTachme','2021-10-17 21:16:56',5,7,0,0,NULL,NULL,'0.00','0.00',NULL,1,'7.00'),(2350,46,'TOO00144','LONG NOSE PLIERS','2021-10-17 21:16:56',5,7,0,0,NULL,NULL,'0.00','0.00',NULL,1,'6.00'),(2351,46,'TOO00145','LONG NOSE PLIERS 8\"','2021-10-17 21:16:56',5,7,0,0,NULL,NULL,'0.00','0.00',NULL,1,'2.00'),(2352,46,'TOO00146','M4000T;MTS-4000 Fiber-Copper Platform with Touchsc','2021-10-17 21:16:56',5,7,0,0,NULL,NULL,'0.00','0.00',NULL,1,'1.00'),(2353,46,'TOO00147','MEASURING WHEEL','2021-10-17 21:16:56',5,7,0,0,NULL,NULL,'0.00','0.00',NULL,1,'1.00'),(2354,46,'TOO00148','Megger battery module 6121-492','2021-10-17 21:16:56',5,7,0,0,NULL,NULL,'0.00','0.00',NULL,1,'10.00'),(2355,46,'TOO00149','Meter counter FLEX for Power and Multiflow','2021-10-17 21:16:56',5,7,0,0,NULL,NULL,'0.00','0.00',NULL,1,'5.00'),(2356,46,'TOO00150','Micro care Fibre Cleaning Kit','2021-10-17 21:16:56',5,7,0,0,NULL,NULL,'0.00','0.00',NULL,1,'8.00'),(2357,46,'TOO00151','MIDTRONICS CELLTRON ADVANTAGE SERIES','2021-10-17 21:16:56',5,7,0,0,NULL,NULL,'0.00','0.00',NULL,1,'3.00'),(2358,46,'TOO00152','Mount, PR84-L','2021-10-17 21:16:56',5,7,0,0,NULL,NULL,'0.00','0.00',NULL,1,'10.00'),(2359,46,'TOO00153','MTS 6000 with OTDR','2021-10-17 21:16:56',5,7,0,0,NULL,NULL,'0.00','0.00',NULL,1,'1.00'),(2360,46,'TOO00154','MTS 8000 Battery','2021-10-17 21:16:56',5,7,0,0,NULL,NULL,'0.00','0.00',NULL,1,'6.00'),(2361,46,'TOO00155','MTS 8000 Charger','2021-10-17 21:16:56',5,7,0,0,NULL,NULL,'0.00','0.00',NULL,1,'8.00'),(2362,46,'TOO00156','MTS/TB2000-FRR;Service Fixed Rate Repair and Calib','2021-10-17 21:16:56',5,7,0,0,NULL,NULL,'0.00','0.00',NULL,1,'0.00'),(2363,46,'TOO00157','MTS/TB4000-FRR;Service Flat Rate Repair and Calibr','2021-10-17 21:16:56',5,7,0,0,NULL,NULL,'0.00','0.00',NULL,1,'8.00'),(2364,46,'TOO00158','MTS/TBXMODL-FRR;Service Flat Rate Repair and Calib','2021-10-17 21:16:56',5,7,0,0,NULL,NULL,'0.00','0.00',NULL,1,'8.00'),(2365,46,'TOO00159','MTS-2000 Handheld Modular Test Set','2021-10-17 21:16:56',5,7,0,0,NULL,NULL,'0.00','0.00',NULL,1,'8.00'),(2366,46,'TOO00160','MTS-2000/FT4 - Package Smart Optical Reflect meter','2021-10-17 21:16:56',5,7,0,0,NULL,NULL,'0.00','0.00',NULL,1,'6.00'),(2367,46,'TOO00161','MTS5811P-STM64-10GE;MTS5800 with E1-E4/ STM-1e/ ST','2021-10-17 21:16:56',5,7,0,0,NULL,NULL,'0.00','0.00',NULL,1,'4.00'),(2368,46,'TOO00162','MTS-6000/FT-B \" MTS-6000 outside plant fiber teste','2021-10-17 21:16:56',5,7,0,0,NULL,NULL,'0.00','0.00',NULL,1,'3.00'),(2369,46,'TOO00163','Multiflow Blowing Machine','2021-10-17 21:16:56',5,7,0,0,NULL,NULL,'0.00','0.00',NULL,1,'2.00'),(2370,46,'TOO00164','Multiflow Instruction/mantainess Manual','2021-10-17 21:16:56',5,7,0,0,NULL,NULL,'0.00','0.00',NULL,1,'0.00'),(2371,46,'TOO00165','MULTIMODE/SINGLEMODE 850/1300/1310/1550 NM OTDR','2021-10-17 21:16:56',5,7,0,0,NULL,NULL,'0.00','0.00',NULL,1,'6.00'),(2372,46,'TOO00166','NiMh battery pack, 8-10h operating time','2021-10-17 21:16:56',5,7,0,0,NULL,NULL,'0.00','0.00',NULL,1,'9.00'),(2373,46,'TOO00167','OC-22061562;StrataSync Asset Management','2021-10-17 21:16:56',5,7,0,0,NULL,NULL,'0.00','0.00',NULL,1,'9.00'),(2374,46,'TOO00168','OC-22089931;T-Berd/MTS 5800 Package','2021-10-17 21:16:56',5,7,0,0,NULL,NULL,'0.00','0.00',NULL,1,'6.00'),(2375,46,'TOO00169','OFC Optical sripper','2021-10-17 21:16:56',5,7,0,0,NULL,NULL,'0.00','0.00',NULL,1,'2.00'),(2376,46,'TOO00170','OIL FILTER PLIERS ADJUSTABLE 60-90MM(AK6413)','2021-10-17 21:16:56',5,7,0,0,NULL,NULL,'0.00','0.00',NULL,1,'2.00'),(2377,46,'TOO00171','OIL FILTER WRENCH','2021-10-17 21:16:56',5,7,0,0,NULL,NULL,'0.00','0.00',NULL,1,'4.00'),(2378,46,'TOO00172','OIL FILTER WRENCH KD2187','2021-10-17 21:16:56',5,7,0,0,NULL,NULL,'0.00','0.00',NULL,1,'6.00'),(2379,46,'TOO00173','OMK 35 /FT Laser Source 1310/1550nm, SM; FC/PC fix','2021-10-17 21:16:56',5,7,0,0,NULL,NULL,'0.00','0.00',NULL,1,'7.00'),(2380,46,'TOO00174','ONSITE-PERDAY-TRN;Service Customized Onsite Semina','2021-10-17 21:16:56',5,7,0,0,NULL,NULL,'0.00','0.00',NULL,1,'5.00'),(2381,46,'TOO00175','Optical Laser  source','2021-10-17 21:16:56',5,7,0,0,NULL,NULL,'0.00','0.00',NULL,1,'5.00'),(2382,46,'TOO00176','Optical power meter','2021-10-17 21:16:56',5,7,0,0,NULL,NULL,'0.00','0.00',NULL,1,'1.00'),(2383,46,'TOO00177','Optical Test Equipments','2021-10-17 21:16:56',5,7,0,0,NULL,NULL,'0.00','0.00',NULL,1,'1.00'),(2384,46,'TOO00178','Option: Battery supply with built-in charger and N','2021-10-17 21:16:56',5,7,0,0,NULL,NULL,'0.00','0.00',NULL,1,'2.00'),(2385,46,'TOO00179','OPTSMART-FAMILY-2;Optical Smart Handheld Family','2021-10-17 21:16:56',5,7,0,0,NULL,NULL,'0.00','0.00',NULL,1,'6.00'),(2386,46,'TOO00180','OVERALLS','2021-10-17 21:16:56',5,7,0,0,NULL,NULL,'0.00','0.00',NULL,1,'6.00'),(2387,46,'TOO00181','Pallet Jack','2021-10-17 21:16:56',5,7,0,0,NULL,NULL,'0.00','0.00',NULL,1,'2.00'),(2388,46,'TOO00182','PIPE WRENCH 24\" RECORD T300/24','2021-10-17 21:16:56',5,7,0,0,NULL,NULL,'0.00','0.00',NULL,1,'10.00'),(2389,46,'TOO00183','PORTPAK KIT COMPLETE WITH CYLINDER','2021-10-17 21:16:56',5,7,0,0,NULL,NULL,'0.00','0.00',NULL,1,'3.00'),(2390,46,'TOO00184','Power- and Multiflow Bracket for Blowing Junction ','2021-10-17 21:16:56',5,7,0,0,NULL,NULL,'0.00','0.00',NULL,1,'6.00'),(2391,46,'TOO00185','POWER MASTER DRILL','2021-10-17 21:16:56',5,7,0,0,NULL,NULL,'0.00','0.00',NULL,1,'10.00'),(2392,46,'TOO00186','Power reflection meter AC supply, IEEE bus','2021-10-17 21:16:56',5,7,0,0,NULL,NULL,'0.00','0.00',NULL,1,'1.00'),(2393,46,'TOO00187','PROCRAFT 1/2\" DR SOCKET SET','2021-10-17 21:16:56',5,7,0,0,NULL,NULL,'0.00','0.00',NULL,1,'5.00'),(2394,46,'TOO00188','PROCRAFT COMBINATION SPANNER SET 6-32MM','2021-10-17 21:16:56',5,7,0,0,NULL,NULL,'0.00','0.00',NULL,1,'4.00'),(2395,46,'TOO00189','PROCRAFT PLIERS 8\"','2021-10-17 21:16:56',5,7,0,0,NULL,NULL,'0.00','0.00',NULL,1,'3.00'),(2396,46,'TOO00190','PROCRAFT SIDE CUTTER 7\"','2021-10-17 21:16:56',5,7,0,0,NULL,NULL,'0.00','0.00',NULL,1,'5.00'),(2397,46,'TOO00191','PTO MODEL`EMTS8OM``MTS8000 _ TBERD8000 OTDR','2021-10-17 21:16:56',5,7,0,0,NULL,NULL,'0.00','0.00',NULL,1,'5.00'),(2398,46,'TOO00192','PTO OPTION;21167574;OPTIONS AND ACCESSORIES FOR','2021-10-17 21:16:56',5,7,0,0,NULL,NULL,'0.00','0.00',NULL,1,'2.00'),(2399,46,'TOO00193','PTO OPTION;21167574;OPTIONS AND ACCESSORIES FOR OP','2021-10-17 21:16:56',5,7,0,0,NULL,NULL,'0.00','0.00',NULL,1,'3.00'),(2400,46,'TOO00194','PTO OPTION;21168737;OPTICAL SMART INSTRUMENTS','2021-10-17 21:16:56',5,7,0,0,NULL,NULL,'0.00','0.00',NULL,1,'8.00'),(2401,46,'TOO00195','PTO OPTION;22035199;TB/MTS 6000/8000 POWER SUPPLY','2021-10-17 21:16:56',5,7,0,0,NULL,NULL,'0.00','0.00',NULL,1,'10.00'),(2402,46,'TOO00196','PTO OPTION;EMTS8000-MF-OC;MTS8000 _ TBERD8000 - MF','2021-10-17 21:16:56',5,7,0,0,NULL,NULL,'0.00','0.00',NULL,1,'7.00'),(2403,46,'TOO00197','PT-SERVER-160;PathTrak Server License for up to 16','2021-10-17 21:16:56',5,7,0,0,NULL,NULL,'0.00','0.00',NULL,1,'6.00'),(2404,46,'TOO00198','PT-SW-SUBS-160;12 Month Software Update Service fo','2021-10-17 21:16:56',5,7,0,0,NULL,NULL,'0.00','0.00',NULL,1,'9.00'),(2405,46,'TOO00199','PULLER 6 INCH','2021-10-17 21:16:56',5,7,0,0,NULL,NULL,'0.00','0.00',NULL,1,'7.00'),(2406,46,'TOO00200','PULLEY','2021-10-17 21:16:56',5,7,0,0,NULL,NULL,'0.00','0.00',NULL,1,'9.00'),(2407,46,'TOO00201','RAIN COATS','2021-10-17 21:16:56',5,7,0,0,NULL,NULL,'0.00','0.00',NULL,1,'1.00'),(2408,46,'TOO00202','REF SC`FACT INT1 SITE 552 STE','2021-10-17 21:16:56',5,7,0,0,NULL,NULL,'0.00','0.00',NULL,1,'10.00'),(2409,46,'TOO00203','Reflector Jackets','2021-10-17 21:16:56',5,7,0,0,NULL,NULL,'0.00','0.00',NULL,1,'6.00'),(2410,46,'TOO00204','REPAIR & CAL LOW OTDR MODULES - -SRE VSR VSRE 23SR','2021-10-17 21:16:56',5,7,0,0,NULL,NULL,'0.00','0.00',NULL,1,'2.00'),(2411,46,'TOO00205','Repair for IFS-10 Main board','2021-10-17 21:16:56',5,7,0,0,NULL,NULL,'0.00','0.00',NULL,1,'2.00'),(2412,46,'TOO00206','Repair for IFS-10 Middle base','2021-10-17 21:16:56',5,7,0,0,NULL,NULL,'0.00','0.00',NULL,1,'2.00'),(2413,46,'TOO00207','Repair for IFS-10 USB Module','2021-10-17 21:16:56',5,7,0,0,NULL,NULL,'0.00','0.00',NULL,1,'3.00'),(2414,46,'TOO00208','Repair of CCD module','2021-10-17 21:16:56',5,7,0,0,NULL,NULL,'0.00','0.00',NULL,1,'10.00'),(2415,46,'TOO00209','repair of mirror module','2021-10-17 21:16:56',5,7,0,0,NULL,NULL,'0.00','0.00',NULL,1,'0.00'),(2416,46,'TOO00210','Repair of White LED module','2021-10-17 21:16:56',5,7,0,0,NULL,NULL,'0.00','0.00',NULL,1,'2.00'),(2417,46,'TOO00211','Repair of white LED module, mirror module and CCD ','2021-10-17 21:16:56',5,7,0,0,NULL,NULL,'0.00','0.00',NULL,1,'0.00'),(2418,46,'TOO00212','RF Power Meter','2021-10-17 21:16:56',5,7,0,0,NULL,NULL,'0.00','0.00',NULL,1,'5.00'),(2419,46,'TOO00213','ROUND UP  (TRAMAXON)','2021-10-17 21:16:56',5,7,0,0,NULL,NULL,'0.00','0.00',NULL,1,'5.00'),(2420,46,'TOO00214','SAFETY BOOTS','2021-10-17 21:16:56',5,7,0,0,NULL,NULL,'0.00','0.00',NULL,1,'1.00'),(2421,46,'TOO00215','Safety Googles','2021-10-17 21:16:56',5,7,0,0,NULL,NULL,'0.00','0.00',NULL,1,'9.00'),(2422,46,'TOO00216','SC adaptor for laser source','2021-10-17 21:16:56',5,7,0,0,NULL,NULL,'0.00','0.00',NULL,1,'3.00'),(2423,46,'TOO00217','SCREW DRIVER 8PC -TEKTON','2021-10-17 21:16:56',5,7,0,0,NULL,NULL,'0.00','0.00',NULL,1,'5.00'),(2424,46,'TOO00218','SCREWDRIVER SET 8PC -TEKTON','2021-10-17 21:16:56',5,7,0,0,NULL,NULL,'0.00','0.00',NULL,1,'9.00'),(2425,46,'TOO00219','SD4I;KIT HD4I P5000I TIPS CASE','2021-10-17 21:16:56',5,7,0,0,NULL,NULL,'0.00','0.00',NULL,1,'8.00'),(2426,46,'TOO00220','Services, Rear Pro Install','2021-10-17 21:16:56',5,7,0,0,NULL,NULL,'0.00','0.00',NULL,1,'5.00'),(2427,46,'TOO00221','SGS Inspection fee','2021-10-17 21:16:56',5,7,0,0,NULL,NULL,'0.00','0.00',NULL,1,'2.00'),(2428,46,'TOO00222','SIDE CUTTER','2021-10-17 21:16:56',5,7,0,0,NULL,NULL,'0.00','0.00',NULL,1,'4.00'),(2429,46,'TOO00223','Simultaneous course/clearance measurements','2021-10-17 21:16:56',5,7,0,0,NULL,NULL,'0.00','0.00',NULL,1,'4.00'),(2430,46,'TOO00224','Site Master','2021-10-17 21:16:56',5,7,0,0,NULL,NULL,'0.00','0.00',NULL,1,'8.00'),(2431,46,'TOO00225','SPLINE SOCKET & BIT SET 1/2s','2021-10-17 21:16:56',5,7,0,0,NULL,NULL,'0.00','0.00',NULL,1,'6.00'),(2432,46,'TOO00226','SPLINE SOCKET & BIT SET 1/4s','2021-10-17 21:16:56',5,7,0,0,NULL,NULL,'0.00','0.00',NULL,1,'6.00'),(2433,46,'TOO00227','SS-5800V2-MF-AM-01;StrataSync for TB/MTS 5800V2-So','2021-10-17 21:16:56',5,7,0,0,NULL,NULL,'0.00','0.00',NULL,1,'5.00'),(2434,46,'TOO00228','ST adpator for laser source','2021-10-17 21:16:56',5,7,0,0,NULL,NULL,'0.00','0.00',NULL,1,'5.00'),(2435,46,'TOO00229','STEPPED DRILL BIT M10-M40','2021-10-17 21:16:56',5,7,0,0,NULL,NULL,'0.00','0.00',NULL,1,'2.00'),(2436,46,'TOO00230','STUBY GEARLESS RATCHET1/4\'\' sq drive(AK5661)','2021-10-17 21:16:56',5,7,0,0,NULL,NULL,'0.00','0.00',NULL,1,'3.00'),(2437,46,'TOO00231','Sumitomo Precision Single Fibre Cleaver with Fibre','2021-10-17 21:16:56',5,7,0,0,NULL,NULL,'0.00','0.00',NULL,1,'8.00'),(2438,46,'TOO00232','TB4000-OM;TB4000-MTS4000 - OTDR MODULE','2021-10-17 21:16:56',5,7,0,0,NULL,NULL,'0.00','0.00',NULL,1,'3.00'),(2439,46,'TOO00233','TB5800-FAMILY2;TB/MTS 5800 Configurator Family Mod','2021-10-17 21:16:56',5,7,0,0,NULL,NULL,'0.00','0.00',NULL,1,'1.00'),(2440,46,'TOO00234','TB6000-MTS6000 FAMILY;TB-MTS 6000 Family Configura','2021-10-17 21:16:56',5,7,0,0,NULL,NULL,'0.00','0.00',NULL,1,'4.00'),(2441,46,'TOO00235','TB-MTS-4000-OM;TB4000-MTS4000 Optical Modules','2021-10-17 21:16:56',5,7,0,0,NULL,NULL,'0.00','0.00',NULL,1,'10.00'),(2442,46,'TOO00236','TECHNICAL KNIFE','2021-10-17 21:16:56',5,7,0,0,NULL,NULL,'0.00','0.00',NULL,1,'6.00'),(2443,46,'TOO00237','Test and measurement tools','2021-10-17 21:16:56',5,7,0,0,NULL,NULL,'0.00','0.00',NULL,1,'9.00'),(2444,46,'TOO00238','Test Cable; 1.5 m, 50?, 6GHz, N(m) - N(f)','2021-10-17 21:16:56',5,7,0,0,NULL,NULL,'0.00','0.00',NULL,1,'8.00'),(2445,46,'TOO00239','Test Cable; 1.5 m, 6GHz, N(m) - N(f) 50 Ohm','2021-10-17 21:16:56',5,7,0,0,NULL,NULL,'0.00','0.00',NULL,1,'1.00'),(2446,46,'TOO00240','THURAYA SATELLITE PHONE','2021-10-17 21:16:56',5,7,0,0,NULL,NULL,'0.00','0.00',NULL,1,'3.00'),(2447,46,'TOO00241','TONE & PROBE KIT (kit consists of 200EP and 77HP)','2021-10-17 21:16:56',5,7,0,0,NULL,NULL,'0.00','0.00',NULL,1,'1.00'),(2448,46,'TOO00242','TOOL BOX(EMPTY)','2021-10-17 21:16:56',5,7,0,0,NULL,NULL,'0.00','0.00',NULL,1,'8.00'),(2449,46,'TOO00243','TOOL KIT 25pcs(SO974)','2021-10-17 21:16:56',5,7,0,0,NULL,NULL,'0.00','0.00',NULL,1,'5.00'),(2450,46,'TOO00244','TOOL KIT 71PC','2021-10-17 21:16:56',5,7,0,0,NULL,NULL,'0.00','0.00',NULL,1,'1.00'),(2451,46,'TOO00245','TOOL KIT 71PC(S0613)','2021-10-17 21:16:56',5,7,0,0,NULL,NULL,'0.00','0.00',NULL,1,'8.00'),(2452,46,'TOO00246','Toolbox incl. all tools for the Fremco blowing mac','2021-10-17 21:16:56',5,7,0,0,NULL,NULL,'0.00','0.00',NULL,1,'1.00'),(2453,46,'TOO00247','TORQUE WRENCH 1/2\" DR (USA)','2021-10-17 21:16:56',5,7,0,0,NULL,NULL,'0.00','0.00',NULL,1,'8.00'),(2454,46,'TOO00248','Transport Stream Player','2021-10-17 21:16:56',5,7,0,0,NULL,NULL,'0.00','0.00',NULL,1,'6.00'),(2455,46,'TOO00249','Travel & Living','2021-10-17 21:16:56',5,7,0,0,NULL,NULL,'0.00','0.00',NULL,1,'9.00'),(2456,46,'TOO00250','TRAVEL-2DAY-CE-EXP;Service Travel Expenses for Up ','2021-10-17 21:16:56',5,7,0,0,NULL,NULL,'0.00','0.00',NULL,1,'7.00'),(2457,46,'TOO00251','TRIMMING KNIFE','2021-10-17 21:16:56',5,7,0,0,NULL,NULL,'0.00','0.00',NULL,1,'5.00'),(2458,46,'TOO00252','Ultrasonic Tracking System Hardware, Zone ultrason','2021-10-17 21:16:56',5,7,0,0,NULL,NULL,'0.00','0.00',NULL,1,'7.00'),(2459,46,'TOO00253','Universal adapter','2021-10-17 21:16:56',5,7,0,0,NULL,NULL,'0.00','0.00',NULL,1,'7.00'),(2460,46,'TOO00254','UR8450-MX-ERO-B-T','2021-10-17 21:16:56',5,7,0,0,NULL,NULL,'0.00','0.00',NULL,1,'5.00'),(2461,46,'TOO00255','USB 2.0 Cable A-to-A 6 meter','2021-10-17 21:16:56',5,7,0,0,NULL,NULL,'0.00','0.00',NULL,1,'5.00'),(2462,46,'TOO00256','USB Cable A-to-A 903-1374-00','2021-10-17 21:16:56',5,7,0,0,NULL,NULL,'0.00','0.00',NULL,1,'1.00'),(2463,46,'TOO00257','Weather resistible shoulder bag for EVS300','2021-10-17 21:16:56',5,7,0,0,NULL,NULL,'0.00','0.00',NULL,1,'10.00'),(2464,46,'TOO00258','Winch Wire Cable','2021-10-17 21:16:56',5,7,0,0,NULL,NULL,'0.00','0.00',NULL,1,'5.00'),(2465,46,'TOO00259','WIRE STRIPPER HEAVY DUTY','2021-10-17 21:16:56',5,7,0,0,NULL,NULL,'0.00','0.00',NULL,1,'5.00'),(2466,47,'UBT00001','Bolt \"U\" 114 mm  +4 nuts +2flat +2spring washers','2021-10-17 21:16:56',5,7,0,0,NULL,NULL,'0.00','0.00',NULL,1,'8.00'),(2467,47,'UBT00002','Bolt \"U\" 40 mm  +4 nuts +2flat +2spring washers','2021-10-17 21:16:56',5,8,0,0,NULL,NULL,'0.00','0.00',NULL,1,'9.00'),(2468,47,'UBT00003','Bolt \"U\" 50 mm  +4 nuts +2flat +2spring washers','2021-10-17 21:16:56',5,8,0,0,NULL,NULL,'0.00','0.00',NULL,1,'9.00'),(2469,47,'UBT00004','Bolt \"U\" 76 mm  +4 nuts +2flat +2spring washers','2021-10-17 21:16:56',5,8,0,0,NULL,NULL,'0.00','0.00',NULL,1,'10.00'),(2470,47,'UBT00005','Bolt \"U\" 89 mm  +4 nuts +2flat +2spring washers','2021-10-17 21:16:56',5,7,0,0,NULL,NULL,'0.00','0.00',NULL,1,'1.00'),(2471,47,'UBT00006','M12X200mm U Bolts ','2021-10-17 21:16:56',5,7,0,0,NULL,NULL,'0.00','0.00',NULL,1,'7.00'),(2472,34,'ODF00001','48xLC Pre-connectorized ODF 1U, Micro Cable GNHLDV','2021-10-17 21:16:56',5,7,0,0,NULL,NULL,'0.00','0.00',NULL,1,'3.00'),(2473,34,'ODF00002','48xLC preterminated cables, Cable','2021-10-17 21:16:56',5,14,0,0,NULL,NULL,'0.00','0.00',NULL,1,'1.00'),(2474,34,'ODF00003','96xLC Pre-connectorized ODF 1U, Micro Cable GNHLDV','2021-10-17 21:16:56',5,7,0,0,NULL,NULL,'0.00','0.00',NULL,1,'9.00'),(2475,24,'FBC00001','ADSS fibre cable, 100m s/s clear span 144xSM G652D','2021-10-17 21:16:56',5,14,0,0,NULL,NULL,'0.00','0.00',NULL,1,'9.00'),(2476,24,'FBC00002','ADSS fibre cable, 100m s/s clear span 24xSM G652D','2021-10-17 21:16:56',5,14,0,0,NULL,NULL,'0.00','0.00',NULL,1,'7.00'),(2477,24,'FBC00003','ADSS fibre cable, 100m s/s clear span 48xSM G652D','2021-10-17 21:16:56',5,14,0,0,NULL,NULL,'0.00','0.00',NULL,1,'2.00'),(2478,32,'MIS00001','Approved marker Ball','2021-10-17 21:16:56',5,7,0,0,NULL,NULL,'0.00','0.00',NULL,1,'6.00'),(2479,31,'MAN00001','bucket manhole','2021-10-17 21:16:56',5,16,0,0,NULL,NULL,'0.00','0.00',NULL,1,'4.00'),(2480,19,'DUC00001','Duct Direct Buried Low Friction, Silicon lined  HD','2021-10-17 21:16:56',5,14,0,0,NULL,NULL,'0.00','0.00',NULL,1,'2.00'),(2481,23,'FBE00001','End caps','2021-10-17 21:16:56',5,7,0,0,NULL,NULL,'0.00','0.00',NULL,1,'9.00'),(2482,24,'FBC00004','Fibre Cable, MicroNet, Outdoor,12xSM G652D','2021-10-17 21:16:56',5,14,0,0,NULL,NULL,'0.00','0.00',NULL,1,'8.00'),(2483,24,'FBC00005','Fibre Cable, Normal cable, Outdoor,12xSM G652D','2021-10-17 21:16:56',5,14,0,0,NULL,NULL,'0.00','0.00',NULL,1,'3.00'),(2484,24,'FBC00006','Fibre Cable, Normal cable, Outdoor,24xSM G652D','2021-10-17 21:16:56',5,14,0,0,NULL,NULL,'0.00','0.00',NULL,1,'9.00'),(2485,24,'FBC00007','Fibre Cable, Normal cable, Outdoor,48xSM G652D','2021-10-17 21:16:56',5,14,0,0,NULL,NULL,'0.00','0.00',NULL,1,'10.00'),(2486,24,'FBC00008','Fibre Cable, Normal cable, Outdoor,96xSM G652D','2021-10-17 21:16:56',5,14,0,0,NULL,NULL,'0.00','0.00',NULL,1,'9.00'),(2487,31,'MAN00002','Maverick MH-','2021-10-17 21:16:56',5,16,0,0,NULL,NULL,'0.00','0.00',NULL,1,'8.00'),(2488,22,'FBD00001','MicroDuct Thick wall, direct buried 1 way 14/10mm','2021-10-17 21:16:56',5,14,0,0,NULL,NULL,'0.00','0.00',NULL,1,'0.00'),(2489,22,'FBD00002','MicroDuct Thick wall, direct buried 4 way 14/10mm','2021-10-17 21:16:56',5,14,0,0,NULL,NULL,'0.00','0.00',NULL,1,'8.00'),(2490,22,'FBD00003','MicroDuct Thick wall, direct buried 7 way 14/10mm','2021-10-17 21:16:56',5,14,0,0,NULL,NULL,'0.00','0.00',NULL,1,'8.00'),(2491,36,'PAT00001','Patch cord-LC/APC-LC/APC-Single mode-G.657A2-2mm-1','2021-10-17 21:16:56',5,7,0,0,NULL,NULL,'0.00','0.00',NULL,1,'7.00'),(2492,36,'PAT00002','Patch cord-LC/APC-LC/APC-Single mode-G.657A2-2mm-1','2021-10-17 21:16:56',5,7,0,0,NULL,NULL,'0.00','0.00',NULL,1,'2.00'),(2493,36,'PAT00003','Patch cord-LC/APC-LC/APC-Single mode-G.657A2-2mm-2','2021-10-17 21:16:56',5,7,0,0,NULL,NULL,'0.00','0.00',NULL,1,'7.00'),(2494,36,'PAT00004','Patch cord-LC/APC-LC/APC-Single mode-G.657A2-2mm-3','2021-10-17 21:16:56',5,7,0,0,NULL,NULL,'0.00','0.00',NULL,1,'1.00'),(2495,36,'PAT00005','Patch cord-LC/APC-LC/APC-Single mode-G.657A2-2mm-5','2021-10-17 21:16:56',5,7,0,0,NULL,NULL,'0.00','0.00',NULL,1,'2.00'),(2496,36,'PAT00006','patch cords-10m-LC-LC','2021-10-17 21:16:56',5,7,0,0,NULL,NULL,'0.00','0.00',NULL,1,'8.00'),(2497,36,'PAT00007','patch cords-15m-LC-LC','2021-10-17 21:16:56',5,7,0,0,NULL,NULL,'0.00','0.00',NULL,1,'4.00'),(2498,36,'PAT00008','patch cords-20m-LC-LC','2021-10-17 21:16:56',5,7,0,0,NULL,NULL,'0.00','0.00',NULL,1,'7.00'),(2499,36,'PAT00009','patch cords-5m-LC-LC','2021-10-17 21:16:56',5,7,0,0,NULL,NULL,'0.00','0.00',NULL,1,'3.00'),(2500,36,'PAT00010','patch cords-5m-SC-SC','2021-10-17 21:16:56',5,7,0,0,NULL,NULL,'0.00','0.00',NULL,1,'3.00'),(2501,36,'PAT00011','Patch cord-SC/APC-SC/APC-Single mode-G.657A2-2mm-1','2021-10-17 21:16:56',5,7,0,0,NULL,NULL,'0.00','0.00',NULL,1,'4.00'),(2502,36,'PAT00012','Patch cord-SC/APC-SC/APC-Single mode-G.657A2-2mm-2','2021-10-17 21:16:56',5,7,0,0,NULL,NULL,'0.00','0.00',NULL,1,'4.00'),(2503,36,'PAT00013','Patch cord-SC/APC-SC/APC-Single mode-G.657A2-2mm-5','2021-10-17 21:16:56',5,7,0,0,NULL,NULL,'0.00','0.00',NULL,1,'5.00'),(2504,37,'PIG00001','Pigtails LC','2021-10-17 21:16:56',5,7,0,0,NULL,NULL,'0.00','0.00',NULL,1,'4.00'),(2505,37,'PIG00002','Pigtails SC/APC ','2021-10-17 21:16:56',5,7,0,0,NULL,NULL,'0.00','0.00',NULL,1,'6.00'),(2506,19,'DUC00002','Protection Pipe HDPE DWC 110/95mm  with Coupler - ','2021-10-17 21:16:56',5,14,0,0,NULL,NULL,'0.00','0.00',NULL,1,'9.00'),(2507,31,'MAN00003','Safaricom manhole (new type)/ Plastic type','2021-10-17 21:16:56',5,16,0,0,NULL,NULL,'0.00','0.00',NULL,1,'6.00'),(2508,44,'SPL00001','Splitters 1x32 JB','2021-10-17 21:16:56',5,7,0,0,NULL,NULL,'0.00','0.00',NULL,1,'2.00'),(2509,44,'SPL00002','Splitters 1x64 FDT-SC/APC','2021-10-17 21:16:56',5,7,0,0,NULL,NULL,'0.00','0.00',NULL,1,'3.00'),(2510,44,'SPL00003','Splitters 1x64 SC/UPC','2021-10-17 21:16:56',5,7,0,0,NULL,NULL,'0.00','0.00',NULL,1,'7.00'),(2511,44,'SPL00004','Splitters 1x8 SC/APC','2021-10-17 21:16:56',5,7,0,0,NULL,NULL,'0.00','0.00',NULL,1,'7.00'),(2512,44,'SPL00005','Splitters 1x8 SC/UPC','2021-10-17 21:16:56',5,7,0,0,NULL,NULL,'0.00','0.00',NULL,1,'3.00'),(2513,31,'MAN00004','Stackable MH','2021-10-17 21:16:56',5,16,0,0,NULL,NULL,'0.00','0.00',NULL,1,'6.00'),(2514,27,'GEN00768','10mm2 flexible cable black(Mtrs)','2021-10-17 21:16:56',5,14,0,0,NULL,NULL,'0.00','0.00',NULL,1,'2.00'),(2515,27,'GEN00769','10mm2 flexible cable red','2021-10-17 21:16:56',5,14,0,0,NULL,NULL,'0.00','0.00',NULL,1,'10.00'),(2516,27,'GEN00770','1.5mm single flexible cable black','2021-10-17 21:16:56',5,14,0,0,NULL,NULL,'0.00','0.00',NULL,1,'3.00'),(2517,27,'GEN00771','10 pair alarm cable','2021-10-17 21:16:56',5,14,0,0,NULL,NULL,'0.00','0.00',NULL,1,'7.00'),(2518,27,'GEN00772','100A contactor','2021-10-17 21:16:56',5,7,0,0,NULL,NULL,'0.00','0.00',NULL,1,'6.00'),(2519,27,'GEN00773','100A SP MCB Scheneider','2021-10-17 21:16:56',5,7,0,0,NULL,NULL,'0.00','0.00',NULL,1,'10.00'),(2520,27,'GEN00774','10A SP MCB Scheneider','2021-10-17 21:16:56',5,7,0,0,NULL,NULL,'0.00','0.00',NULL,1,'1.00'),(2521,27,'GEN00775','120A SP MCB Scheneider','2021-10-17 21:16:56',5,7,0,0,NULL,NULL,'0.00','0.00',NULL,1,'4.00'),(2522,27,'GEN00776','125A SP MCB Scheneider','2021-10-17 21:16:56',5,7,0,0,NULL,NULL,'0.00','0.00',NULL,1,'7.00'),(2523,27,'GEN00777','125A TP breaker','2021-10-17 21:16:56',5,7,0,0,NULL,NULL,'0.00','0.00',NULL,1,'4.00'),(2524,27,'GEN00778','2.5mm 3 core Flexible cable(Mtrs)','2021-10-17 21:16:56',5,14,0,0,NULL,NULL,'0.00','0.00',NULL,1,'8.00'),(2525,27,'GEN00779','2.5mm 4 core flexible cable(Mtrs)','2021-10-17 21:16:56',5,14,0,0,NULL,NULL,'0.00','0.00',NULL,1,'10.00'),(2526,27,'GEN00780','20mm flex conduit black','2021-10-17 21:16:56',5,14,0,0,NULL,NULL,'0.00','0.00',NULL,1,'4.00'),(2527,27,'GEN00781','50mm flex conduit black','2021-10-17 21:16:56',5,14,0,0,NULL,NULL,'0.00','0.00',NULL,1,'2.00'),(2528,27,'GEN00782','32A DP MCB Chint','2021-10-17 21:16:56',5,7,0,0,NULL,NULL,'0.00','0.00',NULL,1,'6.00'),(2529,27,'GEN00783','4 core Alarm cable(Mtrs)','2021-10-17 21:16:56',5,14,0,0,NULL,NULL,'0.00','0.00',NULL,1,'4.00'),(2530,27,'GEN00784','40A single pole circuit breaker','2021-10-17 21:16:56',5,7,0,0,NULL,NULL,'0.00','0.00',NULL,1,'3.00'),(2531,27,'GEN00785','50mm DC cable black','2021-10-17 21:16:56',5,14,0,0,NULL,NULL,'0.00','0.00',NULL,1,'5.00'),(2532,27,'GEN00786','50mm DC cable blue','2021-10-17 21:16:56',5,14,0,0,NULL,NULL,'0.00','0.00',NULL,1,'2.00'),(2533,27,'GEN00787','6\" white cable ties','2021-10-17 21:16:56',5,7,0,0,NULL,NULL,'0.00','0.00',NULL,1,'8.00'),(2534,27,'GEN00788','63A single pole circuit breaker','2021-10-17 21:16:56',5,7,0,0,NULL,NULL,'0.00','0.00',NULL,1,'1.00'),(2535,27,'GEN00789','80A SP MCB Botric','2021-10-17 21:16:56',5,7,0,0,NULL,NULL,'0.00','0.00',NULL,1,'4.00'),(2536,27,'GEN00790','ABB Auxillary CA5-01','2021-10-17 21:16:56',5,7,0,0,NULL,NULL,'0.00','0.00',NULL,1,'6.00'),(2537,27,'GEN00791','ABB Contactor A40-30-10','2021-10-17 21:16:56',5,7,0,0,NULL,NULL,'0.00','0.00',NULL,1,'10.00'),(2538,27,'GEN00792','Alternator cummins','2021-10-17 21:16:56',5,7,0,0,NULL,NULL,'0.00','0.00',NULL,1,'9.00'),(2539,27,'GEN00793','Alternator lister','2021-10-17 21:16:56',5,7,0,0,NULL,NULL,'0.00','0.00',NULL,1,'6.00'),(2540,27,'GEN00794','AVR 460','2021-10-17 21:16:56',5,7,0,0,NULL,NULL,'0.00','0.00',NULL,1,'3.00'),(2541,27,'GEN00795','AVR AS480','2021-10-17 21:16:57',5,7,0,0,NULL,NULL,'0.00','0.00',NULL,1,'9.00'),(2542,27,'GEN00796','AVR R250','2021-10-17 21:16:57',5,7,0,0,NULL,NULL,'0.00','0.00',NULL,1,'4.00'),(2543,27,'GEN00797','AVR SR7','2021-10-17 21:16:57',5,7,0,0,NULL,NULL,'0.00','0.00',NULL,1,'5.00'),(2544,27,'GEN00798','Bearing kit 198586140 perkins 3 cylinder','2021-10-17 21:16:57',5,16,0,0,NULL,NULL,'0.00','0.00',NULL,1,'3.00'),(2545,27,'GEN00799','Bearing kit perkins 198586140 4 cylinder','2021-10-17 21:16:57',5,16,0,0,NULL,NULL,'0.00','0.00',NULL,1,'1.00'),(2546,27,'GEN00800','Bearing kit perkins 198817222 4 cylinder','2021-10-17 21:16:57',5,16,0,0,NULL,NULL,'0.00','0.00',NULL,1,'3.00'),(2547,27,'GEN00801','Bearing kit perkins U5ME0011','2021-10-17 21:16:57',5,16,0,0,NULL,NULL,'0.00','0.00',NULL,1,'4.00'),(2548,27,'GEN00802','Bearing kit U5ME0011 perkins 3 cylinder','2021-10-17 21:16:57',5,16,0,0,NULL,NULL,'0.00','0.00',NULL,1,'9.00'),(2549,27,'GEN00803','Blower+Decker','2021-10-17 21:16:57',5,7,0,0,NULL,NULL,'0.00','0.00',NULL,1,'3.00'),(2550,27,'GEN00804','Cable ties(pkts)','2021-10-17 21:16:57',5,9,0,0,NULL,NULL,'0.00','0.00',NULL,1,'9.00'),(2551,27,'GEN00805','Car air vent holder','2021-10-17 21:16:57',5,7,0,0,NULL,NULL,'0.00','0.00',NULL,1,'6.00'),(2552,27,'GEN00806','Center bearing lister 4 cylinder','2021-10-17 21:16:57',5,7,0,0,NULL,NULL,'0.00','0.00',NULL,1,'1.00'),(2553,27,'GEN00807','Compressor 12000Blu','2021-10-17 21:16:57',5,7,0,0,NULL,NULL,'0.00','0.00',NULL,1,'0.00'),(2554,27,'GEN00808','Con bearing lister 4 cylinder','2021-10-17 21:16:57',5,7,0,0,NULL,NULL,'0.00','0.00',NULL,1,'7.00'),(2555,27,'GEN00809','Conrod bearing perkins 3 cylinder','2021-10-17 21:16:57',5,7,0,0,NULL,NULL,'0.00','0.00',NULL,1,'4.00'),(2556,27,'GEN00810','Conrod bearing perkins 4 cylinder','2021-10-17 21:16:57',5,7,0,0,NULL,NULL,'0.00','0.00',NULL,1,'9.00'),(2557,27,'GEN00811','Contactor 3 pole Scheneider','2021-10-17 21:16:57',5,7,0,0,NULL,NULL,'0.00','0.00',NULL,1,'3.00'),(2558,27,'GEN00812','Contactor A30-30-10','2021-10-17 21:16:57',5,7,0,0,NULL,NULL,'0.00','0.00',NULL,1,'8.00'),(2559,27,'GEN00813','Contactor BB40 DC-24V','2021-10-17 21:16:57',5,7,0,0,NULL,NULL,'0.00','0.00',NULL,1,'1.00'),(2560,27,'GEN00814','Converter 24-12','2021-10-17 21:16:57',5,7,0,0,NULL,NULL,'0.00','0.00',NULL,1,'1.00'),(2561,27,'GEN00815','Converter 48-12v','2021-10-17 21:16:57',5,7,0,0,NULL,NULL,'0.00','0.00',NULL,1,'2.00'),(2562,27,'GEN00816','Converter 48-24','2021-10-17 21:16:57',5,7,0,0,NULL,NULL,'0.00','0.00',NULL,1,'8.00'),(2563,27,'GEN00817','coolant (1 ltr)','2021-10-17 21:16:57',5,17,0,0,NULL,NULL,'0.00','0.00',NULL,1,'5.00'),(2564,27,'GEN00818','Corona 19\" 2U Tray','2021-10-17 21:16:57',5,7,0,0,NULL,NULL,'0.00','0.00',NULL,1,'1.00'),(2565,27,'GEN00819','Crimping tool','2021-10-17 21:16:57',5,7,0,0,NULL,NULL,'0.00','0.00',NULL,1,'0.00'),(2566,27,'GEN00820','Cummins air filter','2021-10-17 21:16:57',5,7,0,0,NULL,NULL,'0.00','0.00',NULL,1,'7.00'),(2567,27,'GEN00821','Cummins front seal','2021-10-17 21:16:57',5,7,0,0,NULL,NULL,'0.00','0.00',NULL,1,'4.00'),(2568,27,'GEN00822','Cummins fuel filter','2021-10-17 21:16:57',5,7,0,0,NULL,NULL,'0.00','0.00',NULL,1,'8.00'),(2569,27,'GEN00823','Cummins oil filter','2021-10-17 21:16:57',5,7,0,0,NULL,NULL,'0.00','0.00',NULL,1,'7.00'),(2570,27,'GEN00824','Cummins rear seal','2021-10-17 21:16:57',5,7,0,0,NULL,NULL,'0.00','0.00',NULL,1,'2.00'),(2571,27,'GEN00825','Cut out Double phase','2021-10-17 21:16:57',5,7,0,0,NULL,NULL,'0.00','0.00',NULL,1,'0.00'),(2572,27,'GEN00826','Cut out Single phase','2021-10-17 21:16:57',5,7,0,0,NULL,NULL,'0.00','0.00',NULL,1,'5.00'),(2573,27,'GEN00827','Cylinder head gasket kit 3 cylinder','2021-10-17 21:16:57',5,7,0,0,NULL,NULL,'0.00','0.00',NULL,1,'5.00'),(2574,27,'GEN00828','Deepsea 7320','2021-10-17 21:16:57',5,7,0,0,NULL,NULL,'0.00','0.00',NULL,1,'8.00'),(2575,27,'GEN00829','Deepsea controller 5110','2021-10-17 21:16:57',5,7,0,0,NULL,NULL,'0.00','0.00',NULL,1,'6.00'),(2576,27,'GEN00830','Digital clamp meter MS2001','2021-10-17 21:16:57',5,7,0,0,NULL,NULL,'0.00','0.00',NULL,1,'6.00'),(2577,27,'GEN00831','Digital single phase comparators with displays Sie','2021-10-17 21:16:57',5,7,0,0,NULL,NULL,'0.00','0.00',NULL,1,'2.00'),(2578,27,'GEN00832','Electrical coil A044F796 Cummins','2021-10-17 21:16:57',5,7,0,0,NULL,NULL,'0.00','0.00',NULL,1,'10.00'),(2579,27,'GEN00833','Energizer adaptor','2021-10-17 21:16:57',5,7,0,0,NULL,NULL,'0.00','0.00',NULL,1,'5.00'),(2580,27,'GEN00834','Energizer battery','2021-10-17 21:16:57',5,7,0,0,NULL,NULL,'0.00','0.00',NULL,1,'7.00'),(2581,27,'GEN00835','Expansion foam','2021-10-17 21:16:57',5,7,0,0,NULL,NULL,'0.00','0.00',NULL,1,'8.00'),(2582,27,'GEN00836','Fan belt 4PK875','2021-10-17 21:16:57',5,7,0,0,NULL,NULL,'0.00','0.00',NULL,1,'10.00'),(2583,27,'GEN00837','Flex bellow 131001','2021-10-17 21:16:57',5,7,0,0,NULL,NULL,'0.00','0.00',NULL,1,'4.00'),(2584,27,'GEN00838','Flex bellow 131149','2021-10-17 21:16:57',5,7,0,0,NULL,NULL,'0.00','0.00',NULL,1,'3.00'),(2585,27,'GEN00839','Front seal perkins 198636160 3 cylinder','2021-10-17 21:16:57',5,7,0,0,NULL,NULL,'0.00','0.00',NULL,1,'10.00'),(2586,27,'GEN00840','Front seal perkins 4 cylinder','2021-10-17 21:16:57',5,7,0,0,NULL,NULL,'0.00','0.00',NULL,1,'1.00'),(2587,27,'GEN00841','Fuel hose pipe lister(Mtrs)','2021-10-17 21:16:57',5,14,0,0,NULL,NULL,'0.00','0.00',NULL,1,'8.00'),(2588,27,'GEN00842','Fuel pipe(Mtrs)','2021-10-17 21:16:57',5,14,0,0,NULL,NULL,'0.00','0.00',NULL,1,'5.00'),(2589,27,'GEN00843','Fuel pressure sensor 0-2M','2021-10-17 21:16:57',5,7,0,0,NULL,NULL,'0.00','0.00',NULL,1,'2.00'),(2590,27,'GEN00844','Gasket kit 3 cylinder perkins U5LC0018','2021-10-17 21:16:57',5,7,0,0,NULL,NULL,'0.00','0.00',NULL,1,'5.00'),(2591,27,'GEN00845','Gasket kit 4 cylinder perkins complete U5LC0016','2021-10-17 21:16:57',5,7,0,0,NULL,NULL,'0.00','0.00',NULL,1,'8.00'),(2592,27,'GEN00846','Gate magnate','2021-10-17 21:16:57',5,7,0,0,NULL,NULL,'0.00','0.00',NULL,1,'5.00'),(2593,27,'GEN00847','GIC Comparators sm500','2021-10-17 21:16:57',5,7,0,0,NULL,NULL,'0.00','0.00',NULL,1,'3.00'),(2594,27,'GEN00848','Hose clips small','2021-10-17 21:16:57',5,7,0,0,NULL,NULL,'0.00','0.00',NULL,1,'1.00'),(2595,27,'GEN00849','Insulating tapes','2021-10-17 21:16:57',5,7,0,0,NULL,NULL,'0.00','0.00',NULL,1,'3.00'),(2596,27,'GEN00850','Interface module','2021-10-17 21:16:57',5,7,0,0,NULL,NULL,'0.00','0.00',NULL,1,'1.00'),(2597,27,'GEN00851','Lister 4 cylinder gasket','2021-10-17 21:16:57',5,7,0,0,NULL,NULL,'0.00','0.00',NULL,1,'7.00'),(2598,27,'GEN00852','Lister air filter 602-41760','2021-10-17 21:16:57',5,7,0,0,NULL,NULL,'0.00','0.00',NULL,1,'3.00'),(2599,27,'GEN00853','Lister front seal 4 cylinder','2021-10-17 21:16:57',5,7,0,0,NULL,NULL,'0.00','0.00',NULL,1,'2.00'),(2600,27,'GEN00854','Lister fuel filter 751-18100','2021-10-17 21:16:57',5,7,0,0,NULL,NULL,'0.00','0.00',NULL,1,'3.00'),(2601,27,'GEN00855','Lister fuel solenoid','2021-10-17 21:16:57',5,7,0,0,NULL,NULL,'0.00','0.00',NULL,1,'7.00'),(2602,27,'GEN00856','Lister oil filter 328-21600','2021-10-17 21:16:57',5,7,0,0,NULL,NULL,'0.00','0.00',NULL,1,'8.00'),(2603,27,'GEN00857','Lister petter bearings','2021-10-17 21:16:57',5,7,0,0,NULL,NULL,'0.00','0.00',NULL,1,'8.00'),(2604,27,'GEN00858','Lister rear seal 4 cylinder','2021-10-17 21:16:57',5,7,0,0,NULL,NULL,'0.00','0.00',NULL,1,'7.00'),(2605,27,'GEN00859','Lister water pump','2021-10-17 21:16:57',5,7,0,0,NULL,NULL,'0.00','0.00',NULL,1,'10.00'),(2606,27,'GEN00860','Magnetic pick up lister','2021-10-17 21:16:57',5,7,0,0,NULL,NULL,'0.00','0.00',NULL,1,'7.00'),(2607,27,'GEN00861','Magnetic pick up Perkins CAT','2021-10-17 21:16:57',5,7,0,0,NULL,NULL,'0.00','0.00',NULL,1,'8.00'),(2608,27,'GEN00862','Main bearing lister 4 cylinder','2021-10-17 21:16:57',5,7,0,0,NULL,NULL,'0.00','0.00',NULL,1,'6.00'),(2609,27,'GEN00863','Main bearing perkins 115107970 3 cylinder','2021-10-17 21:16:57',5,7,0,0,NULL,NULL,'0.00','0.00',NULL,1,'7.00'),(2610,27,'GEN00864','Medal energizer','2021-10-17 21:16:57',5,7,0,0,NULL,NULL,'0.00','0.00',NULL,1,'7.00'),(2611,27,'GEN00865','Oil pressure sensor cummins','2021-10-17 21:16:57',5,7,0,0,NULL,NULL,'0.00','0.00',NULL,1,'3.00'),(2612,27,'GEN00866','Oil Rubia TIR 7400 15W46(5ltr)','2021-10-17 21:16:57',5,17,0,0,NULL,NULL,'0.00','0.00',NULL,1,'6.00'),(2613,27,'GEN00867','Oil sensor perkins','2021-10-17 21:16:57',5,7,0,0,NULL,NULL,'0.00','0.00',NULL,1,'1.00'),(2614,27,'GEN00868','Overhaul gasket kit 4 cylinder lister','2021-10-17 21:16:57',5,7,0,0,NULL,NULL,'0.00','0.00',NULL,1,'7.00'),(2615,27,'GEN00869','Perkins Air filter big 205','2021-10-17 21:16:57',5,7,0,0,NULL,NULL,'0.00','0.00',NULL,1,'2.00'),(2616,27,'GEN00870','Perkins Air filter SMALL 206','2021-10-17 21:16:57',5,7,0,0,NULL,NULL,'0.00','0.00',NULL,1,'9.00'),(2617,27,'GEN00871','Perkins charging alternator','2021-10-17 21:16:57',5,7,0,0,NULL,NULL,'0.00','0.00',NULL,1,'9.00'),(2618,27,'GEN00872','Ax52 fan belt','2021-10-17 21:16:57',5,7,0,0,NULL,NULL,'0.00','0.00',NULL,1,'9.00'),(2619,27,'GEN00873','AX36 fan belt','2021-10-17 21:16:57',5,7,0,0,NULL,NULL,'0.00','0.00',NULL,1,'7.00'),(2620,27,'GEN00874','perkins fan belt Ax37','2021-10-17 21:16:57',5,7,0,0,NULL,NULL,'0.00','0.00',NULL,1,'0.00'),(2621,27,'GEN00875','perkins fan belt Ax38','2021-10-17 21:16:57',5,7,0,0,NULL,NULL,'0.00','0.00',NULL,1,'9.00'),(2622,27,'GEN00876','Perkins fuel filter 901-202','2021-10-17 21:16:57',5,7,0,0,NULL,NULL,'0.00','0.00',NULL,1,'3.00'),(2623,27,'GEN00877','Perkins fuel sensor solenoid 35107U','2021-10-17 21:16:57',5,7,0,0,NULL,NULL,'0.00','0.00',NULL,1,'8.00'),(2624,27,'GEN00878','Perkins oil filter 901-104','2021-10-17 21:16:57',5,7,0,0,NULL,NULL,'0.00','0.00',NULL,1,'2.00'),(2625,27,'GEN00879','Perkins water pump','2021-10-17 21:16:57',5,7,0,0,NULL,NULL,'0.00','0.00',NULL,1,'5.00'),(2626,27,'GEN00880','Piston ring set 4 cylinder lister','2021-10-17 21:16:57',5,7,0,0,NULL,NULL,'0.00','0.00',NULL,1,'9.00'),(2627,27,'GEN00881','Piston rings perkins 3 cylinder','2021-10-17 21:16:57',5,7,0,0,NULL,NULL,'0.00','0.00',NULL,1,'9.00'),(2628,27,'GEN00882','Pistons rings perkins 155107970 4 cylinder','2021-10-17 21:16:57',5,7,0,0,NULL,NULL,'0.00','0.00',NULL,1,'7.00'),(2629,27,'GEN00883','PLC Battery 12V7AH','2021-10-17 21:16:57',5,7,0,0,NULL,NULL,'0.00','0.00',NULL,1,'9.00'),(2630,27,'GEN00884','R410 refrigerant gas','2021-10-17 21:16:57',5,7,0,0,NULL,NULL,'0.00','0.00',NULL,1,'3.00'),(2631,27,'GEN00885','Radiator hose pipe lower','2021-10-17 21:16:57',5,7,0,0,NULL,NULL,'0.00','0.00',NULL,1,'1.00'),(2632,27,'GEN00886','Radiator hose pipe upper','2021-10-17 21:16:57',5,7,0,0,NULL,NULL,'0.00','0.00',NULL,1,'3.00'),(2633,27,'GEN00887','Radiator lister','2021-10-17 21:16:57',5,7,0,0,NULL,NULL,'0.00','0.00',NULL,1,'4.00'),(2634,27,'GEN00888','Rear seal perkins 050209083 3 cylinder','2021-10-17 21:16:57',5,7,0,0,NULL,NULL,'0.00','0.00',NULL,1,'9.00'),(2635,27,'GEN00889','Relay 240v','2021-10-17 21:16:57',5,7,0,0,NULL,NULL,'0.00','0.00',NULL,1,'3.00'),(2636,27,'GEN00890','Relay 8 pin','2021-10-17 21:16:57',5,7,0,0,NULL,NULL,'0.00','0.00',NULL,1,'7.00'),(2637,27,'GEN00891','Relay and socket 220v','2021-10-17 21:16:57',5,7,0,0,NULL,NULL,'0.00','0.00',NULL,1,'9.00'),(2638,27,'GEN00892','Return pipe(Mtrs)','2021-10-17 21:16:57',5,14,0,0,NULL,NULL,'0.00','0.00',NULL,1,'3.00'),(2639,27,'GEN00893','Sanitizer','2021-10-17 21:16:57',5,7,0,0,NULL,NULL,'0.00','0.00',NULL,1,'6.00'),(2640,27,'GEN00894','Self tapping hexagonal screws','2021-10-17 21:16:57',5,7,0,0,NULL,NULL,'0.00','0.00',NULL,1,'1.00'),(2641,27,'GEN00895','Starter battery N70','2021-10-17 21:16:57',5,7,0,0,NULL,NULL,'0.00','0.00',NULL,1,'9.00'),(2642,27,'GEN00896','Starter motor lister','2021-10-17 21:16:57',5,7,0,0,NULL,NULL,'0.00','0.00',NULL,1,'3.00'),(2643,27,'GEN00897','Starter motor perkins','2021-10-17 21:16:57',5,7,0,0,NULL,NULL,'0.00','0.00',NULL,1,'7.00'),(2644,27,'GEN00898','Starter motor perkins 30KVA','2021-10-17 21:16:57',5,7,0,0,NULL,NULL,'0.00','0.00',NULL,1,'6.00'),(2645,27,'GEN00899','Std meter box 500x400x600','2021-10-17 21:16:57',5,7,0,0,NULL,NULL,'0.00','0.00',NULL,1,'10.00'),(2646,27,'GEN00900','Surge arrestor 3 phase','2021-10-17 21:16:57',5,7,0,0,NULL,NULL,'0.00','0.00',NULL,1,'10.00'),(2647,27,'GEN00901','Surge arrestor single phase','2021-10-17 21:16:57',5,7,0,0,NULL,NULL,'0.00','0.00',NULL,1,'9.00'),(2648,27,'GEN00902','Timing cover perkins 4 cylinder','2021-10-17 21:16:57',5,7,0,0,NULL,NULL,'0.00','0.00',NULL,1,'6.00'),(2649,27,'GEN00903','t-Junction','2021-10-17 21:16:57',5,7,0,0,NULL,NULL,'0.00','0.00',NULL,1,'4.00'),(2650,27,'GEN00904','Tool box','2021-10-17 21:16:57',5,7,0,0,NULL,NULL,'0.00','0.00',NULL,1,'0.00'),(2651,27,'GEN00905','Top cover gasket 111147741 4 cylinder perkins','2021-10-17 21:16:57',5,7,0,0,NULL,NULL,'0.00','0.00',NULL,1,'0.00'),(2652,27,'GEN00906','Top cover gasket 3 cylinder 111147501 3 cylinder','2021-10-17 21:16:57',5,7,0,0,NULL,NULL,'0.00','0.00',NULL,1,'1.00'),(2653,27,'GEN00907','Trickle charger CH2806','2021-10-17 21:16:57',5,7,0,0,NULL,NULL,'0.00','0.00',NULL,1,'3.00'),(2654,27,'GEN00908','CAT6 cable','2021-10-17 21:16:57',5,7,0,0,NULL,NULL,'0.00','0.00',NULL,1,'2.00'),(2655,27,'GEN00909','Cummins fuel filter 200KVA','2021-10-17 21:16:57',5,7,0,0,NULL,NULL,'0.00','0.00',NULL,1,'3.00'),(2656,27,'GEN00910','Cummins oil filter 200KVA','2021-10-17 21:16:57',5,7,0,0,NULL,NULL,'0.00','0.00',NULL,1,'7.00'),(2657,27,'GEN00911','Cummins air filter 200KVA','2021-10-17 21:16:57',5,7,0,0,NULL,NULL,'0.00','0.00',NULL,1,'6.00'),(2658,27,'GEN00912','Cummins fuel seperator 200KVA','2021-10-17 21:16:57',5,7,0,0,NULL,NULL,'0.00','0.00',NULL,1,'8.00'),(2659,27,'GEN00913','Cummins water seperator 200KVA','2021-10-17 21:16:57',5,7,0,0,NULL,NULL,'0.00','0.00',NULL,1,'3.00'),(2660,27,'GEN00914','SDMO fuel filter','2021-10-17 21:16:57',5,7,0,0,NULL,NULL,'0.00','0.00',NULL,1,'0.00'),(2661,27,'GEN00915','SDMO oil filter','2021-10-17 21:16:57',5,7,0,0,NULL,NULL,'0.00','0.00',NULL,1,'2.00'),(2662,27,'GEN00916','SDMO air filter','2021-10-17 21:16:57',5,7,0,0,NULL,NULL,'0.00','0.00',NULL,1,'2.00'),(2663,18,'CON00001','ANGLE GRINDER AG 125-13S-230V','2021-10-17 21:16:57',5,7,0,0,NULL,NULL,'0.00','0.00',NULL,1,'0.00'),(2664,18,'CON00002','DRILL UD 30 230V','2021-10-17 21:16:57',5,7,0,0,NULL,NULL,'0.00','0.00',NULL,1,'7.00'),(2665,18,'CON00003','ROTARY HAMMER TE 2-M','2021-10-17 21:16:57',5,7,0,0,NULL,NULL,'0.00','0.00',NULL,1,'6.00'),(2666,18,'CON00004','CUTTING DISC P-S 230/22.2 (24) UNIV','2021-10-17 21:16:57',5,7,0,0,NULL,NULL,'0.00','0.00',NULL,1,'7.00'),(2667,18,'CON00005','HIRE-BX3 NAILING GUN','2021-10-17 21:16:57',5,7,0,0,NULL,NULL,'0.00','0.00',NULL,1,'8.00'),(2668,18,'CON00006','CONCRETE NAIL X-C 20 B3 MX','2021-10-17 21:16:57',5,7,0,0,NULL,NULL,'0.00','0.00',NULL,1,'1.00'),(2669,18,'CON00007','115MM BABY ANGLE GRINDER BOSCH','2021-10-17 21:16:57',5,7,0,0,NULL,NULL,'0.00','0.00',NULL,1,'8.00'),(2670,18,'CON00008','115MM BABY ANGLE GRINDER MAKITA','2021-10-17 21:16:57',5,7,0,0,NULL,NULL,'0.00','0.00',NULL,1,'10.00'),(2671,18,'CON00009','1-10MM HSS G DRILL BITS SET','2021-10-17 21:16:57',5,7,0,0,NULL,NULL,'0.00','0.00',NULL,1,'3.00'),(2672,18,'CON00010','1-13MM HSS G DRILL BITS SET','2021-10-17 21:16:57',5,7,0,0,NULL,NULL,'0.00','0.00',NULL,1,'4.00'),(2673,18,'CON00011','CLAW HAMMER LARGE','2021-10-17 21:16:57',5,7,0,0,NULL,NULL,'0.00','0.00',NULL,1,'2.00'),(2674,18,'CON00012','RATCHET 3/8\' DRIVE','2021-10-17 21:16:57',5,7,0,0,NULL,NULL,'0.00','0.00',NULL,1,'0.00'),(2675,18,'CON00013','SPANNER 10MM SOCKET','2021-10-17 21:16:57',5,7,0,0,NULL,NULL,'0.00','0.00',NULL,1,'3.00'),(2676,18,'CON00014','14MM SOCKET 3/8\' DRIVE ','2021-10-17 21:16:57',5,7,0,0,NULL,NULL,'0.00','0.00',NULL,1,'5.00'),(2677,18,'CON00015','COMBINATION SPANNER SET 6-32MM','2021-10-17 21:16:57',5,7,0,0,NULL,NULL,'0.00','0.00',NULL,1,'4.00'),(2678,18,'CON00016','ADJUSTABLE SPANNER 15\'','2021-10-17 21:16:57',5,7,0,0,NULL,NULL,'0.00','0.00',NULL,1,'8.00'),(2679,18,'CON00017','L-SHAPED RIGHT ANGLE','2021-10-17 21:16:57',5,7,0,0,NULL,NULL,'0.00','0.00',NULL,1,'7.00'),(2680,18,'CON00018','PLIERS 8\'','2021-10-17 21:16:57',5,7,0,0,NULL,NULL,'0.00','0.00',NULL,1,'10.00'),(2681,18,'CON00019','MEASURING TAPE 3 MTRS','2021-10-17 21:16:57',5,7,0,0,NULL,NULL,'0.00','0.00',NULL,1,'9.00'),(2682,18,'CON00020','GRIP PLIERS SMALL','2021-10-17 21:16:57',5,7,0,0,NULL,NULL,'0.00','0.00',NULL,1,'6.00'),(2683,18,'CON00021','GRIP PLIERS LARGE','2021-10-17 21:16:57',5,7,0,0,NULL,NULL,'0.00','0.00',NULL,1,'1.00'),(2684,18,'CON00022','HU','2021-10-17 21:16:57',5,7,0,0,NULL,NULL,'0.00','0.00',NULL,1,'8.00'),(2685,27,'GEN00917','G21920 F31 ENERGIZERS','2021-10-17 21:16:57',5,7,0,0,NULL,NULL,'0.00','0.00',NULL,1,'7.00'),(2686,43,'SIT00001','2V-VLRA battery','2021-10-17 21:16:57',5,7,0,0,NULL,NULL,'0.00','0.00',NULL,1,'0.00'),(2687,43,'SIT00002','Battery connector','2021-10-17 21:16:57',5,7,0,0,NULL,NULL,'0.00','0.00',NULL,1,'1.00'),(2688,43,'SIT00003','Battery rack/outdoor rack','2021-10-17 21:16:57',5,7,0,0,NULL,NULL,'0.00','0.00',NULL,1,'2.00'),(2689,43,'SIT00004','Solar panels 400W ','2021-10-17 21:16:57',5,7,0,0,NULL,NULL,'0.00','0.00',NULL,1,'0.00'),(2690,43,'SIT00005','Solar panels 440W','2021-10-17 21:16:57',5,7,0,0,NULL,NULL,'0.00','0.00',NULL,1,'5.00'),(2691,43,'SIT00006','Greenpole Rectifier','2021-10-17 21:16:57',5,7,0,0,NULL,NULL,'0.00','0.00',NULL,1,'3.00'),(2692,43,'SIT00007','Lithium batteries 48V100AH','2021-10-17 21:16:57',5,7,0,0,NULL,NULL,'0.00','0.00',NULL,1,'9.00'),(2693,43,'SIT00008','20KVA 3 phase 1000ltrs Generator','2021-10-17 21:16:57',5,7,0,0,NULL,NULL,'0.00','0.00',NULL,1,'9.00'),(2694,43,'SIT00009','22.5KVA 3 phase 1000ltrs Generator','2021-10-17 21:16:57',5,7,0,0,NULL,NULL,'0.00','0.00',NULL,1,'5.00'),(2695,43,'SIT00010','Greeenpole Generator','2021-10-17 21:16:57',5,7,0,0,NULL,NULL,'0.00','0.00',NULL,1,'0.00'),(2696,43,'SIT00011','Polycrown mono solar panel 310w','2021-10-17 21:16:57',5,7,0,0,NULL,NULL,'0.00','0.00',NULL,1,'6.00'),(2697,43,'SIT00012','Enatel rectifier ET7272134-S','2021-10-17 21:16:57',5,7,0,0,NULL,NULL,'0.00','0.00',NULL,1,'8.00'),(2698,43,'SIT00013','Solar cabinets Estel ET7077100-EQ','2021-10-17 21:16:57',5,7,0,0,NULL,NULL,'0.00','0.00',NULL,1,'1.00'),(2699,11,'ATL00001','Corona 19\" 2U Tray','2021-10-17 21:16:57',5,7,0,0,NULL,NULL,'0.00','0.00',NULL,1,'1.00'),(2700,11,'ATL00002','Relay and socket 220v','2021-10-17 21:16:57',5,7,0,0,NULL,NULL,'0.00','0.00',NULL,1,'2.00'),(2701,11,'ATL00003','Energy AC meter','2021-10-17 21:16:57',5,7,0,0,NULL,NULL,'0.00','0.00',NULL,1,'8.00'),(2702,11,'ATL00004','DC Power Multimeter acrel','2021-10-17 21:16:57',5,7,0,0,NULL,NULL,'0.00','0.00',NULL,1,'5.00'),(2703,11,'ATL00005','Hall sensor','2021-10-17 21:16:57',5,7,0,0,NULL,NULL,'0.00','0.00',NULL,1,'9.00'),(2704,11,'ATL00006','Fuel pressure sensor 0-2M','2021-10-17 21:16:57',5,7,0,0,NULL,NULL,'0.00','0.00',NULL,1,'0.00'),(2705,11,'ATL00007','AC Ring for tower light','2021-10-17 21:16:57',5,7,0,0,NULL,NULL,'0.00','0.00',NULL,1,'5.00'),(2706,11,'ATL00008','2 pair cable for communication-20m roll','2021-10-17 21:16:57',5,18,0,0,NULL,NULL,'0.00','0.00',NULL,1,'4.00'),(2707,11,'ATL00009','1 pair cable for communication-30m roll','2021-10-17 21:16:57',5,18,0,0,NULL,NULL,'0.00','0.00',NULL,1,'4.00'),(2708,11,'ATL00010','4 pair cable for communication-40m roll','2021-10-17 21:16:57',5,18,0,0,NULL,NULL,'0.00','0.00',NULL,1,'1.00'),(2709,11,'ATL00011','Elara smart controller','2021-10-17 21:16:57',5,7,0,0,NULL,NULL,'0.00','0.00',NULL,1,'9.00'),(2710,49,'ZTE00001','Single Phase Prepayment meter | ZX E211 V2.0.00254','2021-10-17 21:16:57',5,7,0,0,NULL,NULL,'0.00','0.00',NULL,1,'5.00'),(2711,49,'ZTE00002','Three Phase Prepayment meter | ZX E221 V2.0.00254.','2021-10-17 21:16:57',5,7,0,0,NULL,NULL,'0.00','0.00',NULL,1,'7.00'),(2712,49,'ZTE00003','Galvanized countersunk head drilling screw | M4.2*','2021-10-17 21:16:57',5,7,0,0,NULL,NULL,'0.00','0.00',NULL,1,'1.00'),(2713,49,'ZTE00004','100A 4-poles circuit-breakers | TGBG-125 4P C100//','2021-10-17 21:16:57',5,7,0,0,NULL,NULL,'0.00','0.00',NULL,1,'3.00'),(2714,49,'ZTE00005','?63A/2P? |miniature circuit breaker?63A/2P? | TGBG','2021-10-17 21:16:57',5,7,0,0,NULL,NULL,'0.00','0.00',NULL,1,'4.00'),(2715,49,'ZTE00006','Single phase meter box (1 meter)-Second | ZXE711-B','2021-10-17 21:16:57',5,7,0,0,NULL,NULL,'0.00','0.00',NULL,1,'8.00'),(2716,49,'ZTE00007','6. Single phase meter box (2 meter)-Second | ZXE73','2021-10-17 21:16:57',5,7,0,0,NULL,NULL,'0.00','0.00',NULL,1,'10.00'),(2717,49,'ZTE00008','4. Single phase meter box (2 meter)-Second | ZXE71','2021-10-17 21:16:57',5,7,0,0,NULL,NULL,'0.00','0.00',NULL,1,'5.00'),(2718,49,'ZTE00009','5.Single phase meter box (4 meter)-Second | ZXE714','2021-10-17 21:16:57',5,7,0,0,NULL,NULL,'0.00','0.00',NULL,1,'7.00'),(2719,49,'ZTE00010','2.Three phase meter box (1 meter)-Second | ZXE731-','2021-10-17 21:16:57',5,7,0,0,NULL,NULL,'0.00','0.00',NULL,1,'10.00'),(2720,49,'ZTE00011','3. Three phase meter box (CT meter orDCU  1 meter)','2021-10-17 21:16:57',5,7,0,0,NULL,NULL,'0.00','0.00',NULL,1,'6.00'),(2721,49,'ZTE00012','Aluminum pipe | HS-GL-G-120//PY-GL120','2021-10-17 21:16:57',5,7,0,0,NULL,NULL,'0.00','0.00',NULL,1,'2.00'),(2722,49,'ZTE00013','Low-voltage current transformer 500A/5A | LMZW1-0.','2021-10-17 21:16:57',5,7,0,0,NULL,NULL,'0.00','0.00',NULL,1,'3.00'),(2723,49,'ZTE00014','Steel Strip Installation Tool | HS-QBT001//MBT-003','2021-10-17 21:16:57',5,7,0,0,NULL,NULL,'0.00','0.00',NULL,1,'6.00'),(2724,49,'ZTE00015','Cross countersunk head woodworking screw | M5*50','2021-10-17 21:16:57',5,7,0,0,NULL,NULL,'0.00','0.00',NULL,1,'4.00'),(2725,49,'ZTE00016','Semicircular nail (tube) card-30 | GC-30//DNC-30','2021-10-17 21:16:57',5,7,0,0,NULL,NULL,'0.00','0.00',NULL,1,'9.00'),(2726,49,'ZTE00017','Low-voltage current transformer 200A/5A | LMZW1-0.','2021-10-17 21:16:57',5,7,0,0,NULL,NULL,'0.00','0.00',NULL,1,'4.00'),(2727,49,'ZTE00018','Outer expansion bolt color zinc | HSP-M12*100//M12','2021-10-17 21:16:57',5,7,0,0,NULL,NULL,'0.00','0.00',NULL,1,'5.00'),(2728,49,'ZTE00019','low-voltage current transformer 800A/5A | LMZW3-0.','2021-10-17 21:16:57',5,7,0,0,NULL,NULL,'0.00','0.00',NULL,1,'10.00'),(2729,49,'ZTE00020','Stainless steel double hole fixing card | M32//SH-','2021-10-17 21:16:57',5,7,0,0,NULL,NULL,'0.00','0.00',NULL,1,'5.00'),(2730,49,'ZTE00021','Low-voltage current transformer 300A/5A | LMZW1-0.','2021-10-17 21:16:57',5,7,0,0,NULL,NULL,'0.00','0.00',NULL,1,'7.00'),(2731,49,'ZTE00022','Three Phase Electricity Meter?Direct Connection?|2','2021-10-17 21:16:57',5,7,0,0,NULL,NULL,'0.00','0.00',NULL,1,'0.00'),(2732,49,'ZTE00023','Stainless steel strip and buckle 16*0.5MM | 16* 0 ','2021-10-17 21:16:57',5,7,0,0,NULL,NULL,'0.00','0.00',NULL,1,'10.00'),(2733,49,'ZTE00024','CABLE TIE (BLACK UV) | 150×3.5×1.2?H?','2021-10-17 21:16:57',5,7,0,0,NULL,NULL,'0.00','0.00',NULL,1,'7.00'),(2734,49,'ZTE00025','Black UV buckle | 370×4.8?H?','2021-10-17 21:16:57',5,7,0,0,NULL,NULL,'0.00','0.00',NULL,1,'6.00'),(2735,49,'ZTE00026','Flat steel street code | HS-JM1-100//FL-101?1 ?','2021-10-17 21:16:57',5,7,0,0,NULL,NULL,'0.00','0.00',NULL,1,'7.00'),(2736,49,'ZTE00027','Stainless steel double hole fixing card | M40//SH-','2021-10-17 21:16:57',5,7,0,0,NULL,NULL,'0.00','0.00',NULL,1,'0.00'),(2737,49,'ZTE00028','Connecting Terminal Bar | HS-U-120A//JF6-35/12','2021-10-17 21:16:57',5,7,0,0,NULL,NULL,'0.00','0.00',NULL,1,'9.00'),(2738,49,'ZTE00029','Flat steel street code /FL-102 (2)//HS-JM2-100','2021-10-17 21:16:57',5,7,0,0,NULL,NULL,'0.00','0.00',NULL,1,'4.00'),(2739,49,'ZTE00030','Low voltage hook insulator /PD-2W//HS-PD-2W','2021-10-17 21:16:57',5,7,0,0,NULL,NULL,'0.00','0.00',NULL,1,'5.00'),(2740,49,'ZTE00031','PVC Insulating tapes 0.13mmx19mmx10m blue','2021-10-17 21:16:57',5,7,0,0,NULL,NULL,'0.00','0.00',NULL,1,'2.00'),(2741,49,'ZTE00032','PVC Insulating tapes 0.13mmx19mmx10m red','2021-10-17 21:16:57',5,7,0,0,NULL,NULL,'0.00','0.00',NULL,1,'5.00'),(2742,49,'ZTE00033','PVC Insulating tapes 0.13mmx19mmx10m black','2021-10-17 21:16:57',5,7,0,0,NULL,NULL,'0.00','0.00',NULL,1,'9.00'),(2743,49,'ZTE00034','PVC Insulating tapes 0.18mmx50mmx5m black No.KC62','2021-10-17 21:16:57',5,7,0,0,NULL,NULL,'0.00','0.00',NULL,1,'1.00'),(2744,49,'ZTE00035','LV-CT Protective jacket','2021-10-17 21:16:57',5,7,0,0,NULL,NULL,'0.00','0.00',NULL,1,'5.00'),(2745,49,'ZTE00036','Aluminum cable clip | RPG-B2//HS-JBLY-16-70','2021-10-17 21:16:57',5,7,0,0,NULL,NULL,'0.00','0.00',NULL,1,'5.00'),(2746,49,'ZTE00037','Aluminum cable clip | HS-JBLY-16-150//RPG-B3','2021-10-17 21:16:57',5,7,0,0,NULL,NULL,'0.00','0.00',NULL,1,'9.00'),(2747,49,'ZTE00038','Aluminum cable clip | HS-JBLY-50-240//RPG-B4','2021-10-17 21:16:57',5,7,0,0,NULL,NULL,'0.00','0.00',NULL,1,'1.00'),(2748,49,'ZTE00039','Aluminum pipe | HS-GL-G-25//PY-GL25','2021-10-17 21:16:57',5,7,0,0,NULL,NULL,'0.00','0.00',NULL,1,'9.00'),(2749,49,'ZTE00040','Aluminum pipe | PY-GL70//HS-GL-G-70','2021-10-17 21:16:57',5,7,0,0,NULL,NULL,'0.00','0.00',NULL,1,'1.00'),(2750,49,'ZTE00041','Cross countersunk head woodworking screw | M4*20','2021-10-17 21:16:57',5,7,0,0,NULL,NULL,'0.00','0.00',NULL,1,'9.00'),(2751,49,'ZTE00042','Copper aluminum transition nose 70-10 | DTL-1-70-1','2021-10-17 21:16:57',5,7,0,0,NULL,NULL,'0.00','0.00',NULL,1,'9.00'),(2752,49,'ZTE00043','7# Carbon zinc manganese dry battery | R03','2021-10-17 21:16:57',5,7,0,0,NULL,NULL,'0.00','0.00',NULL,1,'1.00'),(2753,49,'ZTE00044','Alluminium cable1*25mm red','2021-10-17 21:16:57',5,14,0,0,NULL,NULL,'0.00','0.00',NULL,1,'6.00'),(2754,49,'ZTE00045','Alluminium cable1*25mm yellow','2021-10-17 21:16:57',5,14,0,0,NULL,NULL,'0.00','0.00',NULL,1,'8.00'),(2755,49,'ZTE00046','Alluminium cable1*25mm blue','2021-10-17 21:16:57',5,14,0,0,NULL,NULL,'0.00','0.00',NULL,1,'3.00'),(2756,49,'ZTE00047','Alluminium cable1*25mm black','2021-10-17 21:16:57',5,14,0,0,NULL,NULL,'0.00','0.00',NULL,1,'0.00'),(2757,49,'ZTE00048','alluminium cable 1*16mm red','2021-10-17 21:16:57',5,14,0,0,NULL,NULL,'0.00','0.00',NULL,1,'2.00'),(2758,49,'ZTE00049','alluminium cable 1*16mm black','2021-10-17 21:16:57',5,14,0,0,NULL,NULL,'0.00','0.00',NULL,1,'9.00'),(2759,49,'ZTE00050','Copper cable1*16mm black','2021-10-17 21:16:57',5,14,0,0,NULL,NULL,'0.00','0.00',NULL,1,'0.00'),(2760,49,'ZTE00051','Copper cable1*16mm red','2021-10-17 21:16:57',5,14,0,0,NULL,NULL,'0.00','0.00',NULL,1,'3.00'),(2761,49,'ZTE00052','Copper cable1*16mm yellow','2021-10-17 21:16:57',5,14,0,0,NULL,NULL,'0.00','0.00',NULL,1,'6.00'),(2762,49,'ZTE00053','alluminium cable 1*16mm blue','2021-10-17 21:16:57',5,14,0,0,NULL,NULL,'0.00','0.00',NULL,1,'9.00'),(2763,49,'ZTE00054','alluminium cable 1*16mm yellow','2021-10-17 21:16:57',5,14,0,0,NULL,NULL,'0.00','0.00',NULL,1,'10.00'),(2764,49,'ZTE00055','Copper cable1*10mm black','2021-10-17 21:16:57',5,14,0,0,NULL,NULL,'0.00','0.00',NULL,1,'0.00'),(2765,49,'ZTE00056','Copper cable1*10mm red','2021-10-17 21:16:57',5,14,0,0,NULL,NULL,'0.00','0.00',NULL,1,'1.00'),(2766,49,'ZTE00057','Copper cable1*10mm yellow','2021-10-17 21:16:57',5,14,0,0,NULL,NULL,'0.00','0.00',NULL,1,'6.00'),(2767,48,'WAN00001','Alcohol Swabs','2021-10-17 21:16:57',5,7,0,0,NULL,NULL,'0.00','0.00',NULL,1,'8.00'),(2768,48,'WAN00002','ATB','2021-10-17 21:16:57',5,7,0,0,NULL,NULL,'0.00','0.00',NULL,1,'9.00'),(2769,48,'WAN00003','Cable clips 12mm (pkts)','2021-10-17 21:16:57',5,7,0,0,NULL,NULL,'0.00','0.00',NULL,1,'4.00'),(2770,48,'WAN00004','Cable clips 14mm (pkts)','2021-10-17 21:16:57',5,7,0,0,NULL,NULL,'0.00','0.00',NULL,1,'2.00'),(2771,48,'WAN00005','Cable clips 6mm (pkts)','2021-10-17 21:16:57',5,7,0,0,NULL,NULL,'0.00','0.00',NULL,1,'8.00'),(2772,48,'WAN00006','Cable clips 8mm (pkts)','2021-10-17 21:16:57',5,7,0,0,NULL,NULL,'0.00','0.00',NULL,1,'6.00'),(2773,48,'WAN00007','Cable clips 10mm (pkts)','2021-10-17 21:16:57',5,7,0,0,NULL,NULL,'0.00','0.00',NULL,1,'3.00'),(2774,48,'WAN00008','Cable makers 32mm/0.2m green red stripes','2021-10-17 21:16:57',5,7,0,0,NULL,NULL,'0.00','0.00',NULL,1,'7.00'),(2775,48,'WAN00009','Cable ties 5*200 Black','2021-10-17 21:16:57',5,7,0,0,NULL,NULL,'0.00','0.00',NULL,1,'8.00'),(2776,48,'WAN00010','Cable ties 5*200 White','2021-10-17 21:16:57',5,7,0,0,NULL,NULL,'0.00','0.00',NULL,1,'9.00'),(2777,48,'WAN00011','Connecctor Sc/UPC','2021-10-17 21:16:57',5,7,0,0,NULL,NULL,'0.00','0.00',NULL,1,'2.00'),(2778,48,'WAN00012','Connecctor Sc/APC','2021-10-17 21:16:57',5,7,0,0,NULL,NULL,'0.00','0.00',NULL,1,'2.00'),(2779,48,'WAN00013','Datadata','2021-10-17 21:16:57',5,7,0,0,NULL,NULL,'0.00','0.00',NULL,1,'6.00'),(2780,48,'WAN00014','Decorders','2021-10-17 21:16:57',5,7,0,0,NULL,NULL,'0.00','0.00',NULL,1,'2.00'),(2781,48,'WAN00015','D-Link','2021-10-17 21:16:57',5,7,0,0,NULL,NULL,'0.00','0.00',NULL,1,'3.00'),(2782,48,'WAN00016','Downlead','2021-10-17 21:16:57',5,7,0,0,NULL,NULL,'0.00','0.00',NULL,1,'9.00'),(2783,48,'WAN00017','FAT 12 Port indoor plastic','2021-10-17 21:16:57',5,7,0,0,NULL,NULL,'0.00','0.00',NULL,1,'6.00'),(2784,48,'WAN00018','Fiber home routers','2021-10-17 21:16:57',5,7,1,0,NULL,NULL,'0.00','0.00',NULL,1,'2.00'),(2785,48,'WAN00019','HFC modems ','2021-10-17 21:16:57',5,7,0,0,NULL,NULL,'0.00','0.00',NULL,1,'4.00'),(2786,48,'WAN00020','Huawei routers','2021-10-17 21:16:57',5,7,1,0,NULL,NULL,'0.00','0.00',NULL,1,'4.00'),(2787,48,'WAN00021','Indoor drop cable white','2021-10-17 21:16:57',5,14,0,0,NULL,NULL,'0.00','0.00',NULL,1,'7.00'),(2788,48,'WAN00022','IP3030 Decorders','2021-10-17 21:16:57',5,7,0,0,NULL,NULL,'0.00','0.00',NULL,1,'3.00'),(2789,48,'WAN00023','J-hook','2021-10-17 21:16:57',5,7,0,0,NULL,NULL,'0.00','0.00',NULL,1,'5.00'),(2790,48,'WAN00024','Lock terminators','2021-10-17 21:16:57',5,7,0,0,NULL,NULL,'0.00','0.00',NULL,1,'6.00'),(2791,48,'WAN00025','Outdoor drop cable black','2021-10-17 21:16:57',5,14,0,0,NULL,NULL,'0.00','0.00',NULL,1,'6.00'),(2792,48,'WAN00026','Patch cords Sc/apc-sc/upc 3mtrs','2021-10-17 21:16:57',5,7,0,0,NULL,NULL,'0.00','0.00',NULL,1,'0.00'),(2793,48,'WAN00027','Phone VOIP with batteries','2021-10-17 21:16:57',5,7,0,0,NULL,NULL,'0.00','0.00',NULL,1,'3.00'),(2794,48,'WAN00028','Red white baricading tape 200m roll','2021-10-17 21:16:57',5,7,0,0,NULL,NULL,'0.00','0.00',NULL,1,'6.00'),(2795,48,'WAN00029','RG11 cable outdoor black(Mtrs)','2021-10-17 21:16:57',5,14,0,0,NULL,NULL,'0.00','0.00',NULL,1,'2.00'),(2796,48,'WAN00030','RG11 Connectors','2021-10-17 21:16:57',5,7,0,0,NULL,NULL,'0.00','0.00',NULL,1,'0.00'),(2797,48,'WAN00031','RG6 Black cable(Mtrs)','2021-10-17 21:16:57',5,14,0,0,NULL,NULL,'0.00','0.00',NULL,1,'5.00'),(2798,48,'WAN00032','RG6 connectors','2021-10-17 21:16:57',5,14,0,0,NULL,NULL,'0.00','0.00',NULL,1,'3.00'),(2799,48,'WAN00033','RG6 White cable','2021-10-17 21:16:57',5,7,0,0,NULL,NULL,'0.00','0.00',NULL,1,'9.00'),(2800,48,'WAN00034','RJ45 Connectors','2021-10-17 21:16:57',5,14,0,0,NULL,NULL,'0.00','0.00',NULL,1,'8.00'),(2801,48,'WAN00035','Safaricom book(Installation)','2021-10-17 21:16:57',5,7,0,0,NULL,NULL,'0.00','0.00',NULL,1,'2.00'),(2802,48,'WAN00036','Safaricom book(Field support support)','2021-10-17 21:16:57',5,7,0,0,NULL,NULL,'0.00','0.00',NULL,1,'5.00'),(2803,48,'WAN00037','Sleeves','2021-10-17 21:16:57',5,7,0,0,NULL,NULL,'0.00','0.00',NULL,1,'8.00'),(2804,48,'WAN00038','Stainless steel buckle','2021-10-17 21:16:57',5,7,0,0,NULL,NULL,'0.00','0.00',NULL,1,'8.00'),(2805,48,'WAN00039','Stainless steel strap','2021-10-17 21:16:57',5,7,0,0,NULL,NULL,'0.00','0.00',NULL,1,'3.00'),(2806,48,'WAN00040','32mm HDPE Coupler PN16','2021-10-17 21:16:57',5,7,0,0,NULL,NULL,'0.00','0.00',NULL,1,'2.00'),(2807,48,'WAN00041','Plastic Tags','2021-10-17 21:16:57',5,7,0,0,NULL,NULL,'0.00','0.00',NULL,1,'0.00'),(2808,48,'WAN00042','Tension clamps','2021-10-17 21:16:57',5,7,0,0,NULL,NULL,'0.00','0.00',NULL,1,'5.00'),(2809,48,'WAN00043','Trunking 50*50*2900mm','2021-10-17 21:16:57',5,7,0,0,NULL,NULL,'0.00','0.00',NULL,1,'7.00'),(2810,48,'WAN00044','Trunking 25*40','2021-10-17 21:16:57',5,7,0,0,NULL,NULL,'0.00','0.00',NULL,1,'7.00'),(2811,48,'WAN00045','Universal Pole Bracket','2021-10-17 21:16:57',5,7,0,0,NULL,NULL,'0.00','0.00',NULL,1,'5.00'),(2812,48,'WAN00046','UTP Cable CAT 6 indoor white','2021-10-17 21:16:57',5,14,0,0,NULL,NULL,'0.00','0.00',NULL,1,'5.00'),(2813,48,'WAN00047','UTP Cable CAT 6 outdoor black','2021-10-17 21:16:57',5,14,0,0,NULL,NULL,'0.00','0.00',NULL,1,'10.00'),(2814,48,'WAN00048','Barricading tape','2021-10-17 21:16:57',5,14,0,0,NULL,NULL,'0.00','0.00',NULL,1,'3.00'),(2815,48,'WAN00049','Closure 12C','2021-10-17 21:16:57',5,7,0,0,NULL,NULL,'0.00','0.00',NULL,1,'4.00'),(2816,48,'WAN00050','Warning tape(Mtrs)','2021-10-17 21:16:57',5,14,0,0,NULL,NULL,'0.00','0.00',NULL,1,'4.00'),(2817,48,'WAN00051','24 core FATs indoor(pcs)','2021-10-17 21:16:57',5,7,0,0,NULL,NULL,'0.00','0.00',NULL,1,'7.00'),(2818,48,'WAN00052','1*64 splitter SC/APC','2021-10-17 21:16:57',5,7,0,0,NULL,NULL,'0.00','0.00',NULL,1,'2.00'),(2819,48,'WAN00053','1*64 Micro splitters','2021-10-17 21:16:57',5,7,0,0,NULL,NULL,'0.00','0.00',NULL,1,'8.00'),(2820,48,'WAN00054','2*2 splitters','2021-10-17 21:16:58',5,7,0,0,NULL,NULL,'0.00','0.00',NULL,1,'5.00'),(2821,48,'WAN00055','1*2 splitter single mode','2021-10-17 21:16:58',5,7,0,0,NULL,NULL,'0.00','0.00',NULL,1,'10.00'),(2822,48,'WAN00056','2*32 splitter','2021-10-17 21:16:58',5,7,0,0,NULL,NULL,'0.00','0.00',NULL,1,'5.00'),(2823,48,'WAN00057','FDT cabinet','2021-10-17 21:16:58',5,7,0,0,NULL,NULL,'0.00','0.00',NULL,1,'8.00'),(2824,48,'WAN00058','Surface cleaner','2021-10-17 21:16:58',5,7,0,0,NULL,NULL,'0.00','0.00',NULL,1,'2.00'),(2825,48,'WAN00059','Manhole Key','2021-10-17 21:16:58',5,7,0,0,NULL,NULL,'0.00','0.00',NULL,1,'5.00'),(2826,48,'WAN00060','Polychem/Heat shrink','2021-10-17 21:16:58',5,7,0,0,NULL,NULL,'0.00','0.00',NULL,1,'1.00'),(2827,48,'WAN00061','Flex conduit white','2021-10-17 21:16:58',5,14,0,0,NULL,NULL,'0.00','0.00',NULL,1,'0.00'),(2828,48,'WAN00062','Cable Bracket','2021-10-17 21:16:58',5,7,0,0,NULL,NULL,'0.00','0.00',NULL,1,'9.00'),(2829,48,'WAN00063','hfc decorders','2021-10-17 21:16:58',5,7,0,0,NULL,NULL,'0.00','0.00',NULL,1,'2.00'),(2830,48,'WAN00064','Strapping/banding tool','2021-10-17 21:16:58',5,7,0,0,NULL,NULL,'0.00','0.00',NULL,1,'5.00'),(2831,48,'WAN00065','Side cutter','2021-10-17 21:16:58',5,7,0,0,NULL,NULL,'0.00','0.00',NULL,1,'8.00'),(2832,48,'WAN00066','Hardlinecable(meters)','2021-10-17 21:16:58',5,14,0,0,NULL,NULL,'0.00','0.00',NULL,1,'4.00'),(2833,48,'WAN00067','24 core fiber optic cable','2021-10-17 21:16:58',5,14,0,0,NULL,NULL,'0.00','0.00',NULL,1,'7.00'),(2834,48,'WAN00068','48 core fiberoptic cable','2021-10-17 21:16:58',5,14,0,0,NULL,NULL,'0.00','0.00',NULL,1,'4.00'),(2835,48,'WAN00069','96 core fiber optic cable','2021-10-17 21:16:58',5,14,0,0,NULL,NULL,'0.00','0.00',NULL,1,'6.00'),(2836,48,'WAN00070','144 core fiber optic cable','2021-10-17 21:16:58',5,14,0,0,NULL,NULL,'0.00','0.00',NULL,1,'10.00'),(2837,41,'SAF00001','Fibre Cable, Normal cable, Outdoor,12xSM G652D','2021-10-17 21:16:58',5,14,0,0,NULL,NULL,'0.00','0.00',NULL,1,'1.00'),(2838,41,'SAF00002','Fibre Cable, Normal cable, Outdoor,24xSM G652D','2021-10-17 21:16:58',5,14,0,0,NULL,NULL,'0.00','0.00',NULL,1,'7.00'),(2839,41,'SAF00003','Fibre Cable, Normal cable, Outdoor,48xSM G652D','2021-10-17 21:16:58',5,14,0,0,NULL,NULL,'0.00','0.00',NULL,1,'2.00'),(2840,41,'SAF00004','Fibre Cable, Normal cable, Outdoor,96xSM G652D','2021-10-17 21:16:58',5,14,0,0,NULL,NULL,'0.00','0.00',NULL,1,'8.00'),(2841,41,'SAF00005','Fibre Cable, MicroNet, Outdoor,12xSM G652D','2021-10-17 21:16:58',5,14,0,0,NULL,NULL,'0.00','0.00',NULL,1,'5.00'),(2842,41,'SAF00006','ADSS fibre cable, 100m s/s clear span 24xSM G652D','2021-10-17 21:16:58',5,14,0,0,NULL,NULL,'0.00','0.00',NULL,1,'8.00'),(2843,41,'SAF00007','ADSS fibre cable, 100m s/s clear span 48xSM G652D','2021-10-17 21:16:58',5,14,0,0,NULL,NULL,'0.00','0.00',NULL,1,'8.00'),(2844,41,'SAF00008','ADSS fibre cable, 100m s/s clear span 144xSM G652D','2021-10-17 21:16:58',5,14,0,0,NULL,NULL,'0.00','0.00',NULL,1,'5.00'),(2845,41,'SAF00009','48xLC Pre-connectorized ODF 1U, Micro Cable GNHLDV','2021-10-17 21:16:58',5,7,0,0,NULL,NULL,'0.00','0.00',NULL,1,'1.00'),(2846,41,'SAF00010','48xLC preterminated cables, Cable','2021-10-17 21:16:58',5,14,0,0,NULL,NULL,'0.00','0.00',NULL,1,'2.00'),(2847,41,'SAF00011','96xLC Pre-connectorized ODF 1U, Micro Cable GNHLDV','2021-10-17 21:16:58',5,7,0,0,NULL,NULL,'0.00','0.00',NULL,1,'4.00'),(2848,41,'SAF00012','Safaricom manhole (new type)/ Plastic type','2021-10-17 21:16:58',5,16,0,0,NULL,NULL,'0.00','0.00',NULL,1,'6.00'),(2849,41,'SAF00013','bucket manhole','2021-10-17 21:16:58',5,16,0,0,NULL,NULL,'0.00','0.00',NULL,1,'8.00'),(2850,41,'SAF00014','Stackable MH','2021-10-17 21:16:58',5,16,0,0,NULL,NULL,'0.00','0.00',NULL,1,'2.00'),(2851,41,'SAF00015','Maverick MH-','2021-10-17 21:16:58',5,16,0,0,NULL,NULL,'0.00','0.00',NULL,1,'6.00'),(2852,41,'SAF00016','Approved marker Ball','2021-10-17 21:16:58',5,7,0,0,NULL,NULL,'0.00','0.00',NULL,1,'2.00'),(2853,41,'SAF00017','End caps','2021-10-17 21:16:58',5,7,0,0,NULL,NULL,'0.00','0.00',NULL,1,'2.00'),(2854,41,'SAF00018','patch cords-10m-LC-LC','2021-10-17 21:16:58',5,7,0,0,NULL,NULL,'0.00','0.00',NULL,1,'6.00'),(2855,41,'SAF00019','patch cords-20m-LC-LC','2021-10-17 21:16:58',5,7,0,0,NULL,NULL,'0.00','0.00',NULL,1,'4.00'),(2856,41,'SAF00020','patch cords-5m-SC-SC','2021-10-17 21:16:58',5,7,0,0,NULL,NULL,'0.00','0.00',NULL,1,'1.00'),(2857,41,'SAF00021','patch cords-5m-LC-LC','2021-10-17 21:16:58',5,7,0,0,NULL,NULL,'0.00','0.00',NULL,1,'5.00'),(2858,41,'SAF00022','patch cords-15m-LC-LC','2021-10-17 21:16:58',5,7,0,0,NULL,NULL,'0.00','0.00',NULL,1,'2.00'),(2859,41,'SAF00023','Patch cord-LC/APC-LC/APC-Single mode-G.657A2-2mm-3','2021-10-17 21:16:58',5,7,0,0,NULL,NULL,'0.00','0.00',NULL,1,'4.00'),(2860,41,'SAF00024','Patch cord-LC/APC-LC/APC-Single mode-G.657A2-2mm-1','2021-10-17 21:16:58',5,7,0,0,NULL,NULL,'0.00','0.00',NULL,1,'5.00'),(2861,41,'SAF00025','Patch cord-SC/APC-SC/APC-Single mode-G.657A2-2mm-5','2021-10-17 21:16:58',5,7,0,0,NULL,NULL,'0.00','0.00',NULL,1,'3.00'),(2862,41,'SAF00026','Patch cord-SC/APC-SC/APC-Single mode-G.657A2-2mm-1','2021-10-17 21:16:58',5,7,0,0,NULL,NULL,'0.00','0.00',NULL,1,'9.00'),(2863,41,'SAF00027','Patch cord-SC/APC-SC/APC-Single mode-G.657A2-2mm-2','2021-10-17 21:16:58',5,7,0,0,NULL,NULL,'0.00','0.00',NULL,1,'5.00'),(2864,41,'SAF00028','Patch cord-LC/APC-LC/APC-Single mode-G.657A2-2mm-5','2021-10-17 21:16:58',5,7,0,0,NULL,NULL,'0.00','0.00',NULL,1,'9.00'),(2865,41,'SAF00029','Patch cord-LC/APC-LC/APC-Single mode-G.657A2-2mm-1','2021-10-17 21:16:58',5,7,0,0,NULL,NULL,'0.00','0.00',NULL,1,'1.00'),(2866,41,'SAF00030','Patch cord-LC/APC-LC/APC-Single mode-G.657A2-2mm-2','2021-10-17 21:16:58',5,7,0,0,NULL,NULL,'0.00','0.00',NULL,1,'6.00'),(2867,41,'SAF00031','Splitters 1x64 SC/UPC','2021-10-17 21:16:58',5,7,0,0,NULL,NULL,'0.00','0.00',NULL,1,'10.00'),(2868,41,'SAF00032','Splitters 1x8 SC/APC','2021-10-17 21:16:58',5,7,0,0,NULL,NULL,'0.00','0.00',NULL,1,'0.00'),(2869,41,'SAF00033','Splitters 1x32 JB','2021-10-17 21:16:58',5,7,0,0,NULL,NULL,'0.00','0.00',NULL,1,'1.00'),(2870,41,'SAF00034','Splitters 1x8 SC/UPC','2021-10-17 21:16:58',5,7,0,0,NULL,NULL,'0.00','0.00',NULL,1,'6.00'),(2871,41,'SAF00035','Splitters 1x64 FDT-SC/APC','2021-10-17 21:16:58',5,7,0,0,NULL,NULL,'0.00','0.00',NULL,1,'7.00'),(2872,41,'SAF00036','Pigtails SC/APC ','2021-10-17 21:16:58',5,7,0,0,NULL,NULL,'0.00','0.00',NULL,1,'6.00'),(2873,41,'SAF00037','Pigtails LC','2021-10-17 21:16:58',5,7,0,0,NULL,NULL,'0.00','0.00',NULL,1,'9.00'),(2874,41,'SAF00038','144-core FDT','2021-10-17 21:16:58',5,7,0,0,NULL,NULL,'0.00','0.00',NULL,1,'6.00'),(2875,41,'SAF00039','576-Core FDT','2021-10-17 21:16:58',5,7,0,0,NULL,NULL,'0.00','0.00',NULL,1,'4.00'),(2876,41,'SAF00040','MicroDuct Thick wall, direct buried 7 way 14/10mm','2021-10-17 21:16:58',5,14,0,0,NULL,NULL,'0.00','0.00',NULL,1,'1.00'),(2877,41,'SAF00041','MicroDuct Thick wall, direct buried 4 way 14/10mm','2021-10-17 21:16:58',5,14,0,0,NULL,NULL,'0.00','0.00',NULL,1,'4.00'),(2878,41,'SAF00042','MicroDuct Thick wall, direct buried 1 way 14/10mm','2021-10-17 21:16:58',5,14,0,0,NULL,NULL,'0.00','0.00',NULL,1,'8.00'),(2879,41,'SAF00043','Protection Pipe HDPE DWC 110/95mm  with Coupler - ','2021-10-17 21:16:58',5,14,0,0,NULL,NULL,'0.00','0.00',NULL,1,'6.00'),(2880,41,'SAF00044','Duct Direct Buried Low Friction, Silicon lined  HD','2021-10-17 21:16:58',5,14,0,0,NULL,NULL,'0.00','0.00',NULL,1,'9.00'),(2881,50,'EQH00001','Hire of Tipper 21T','2023-01-12 14:11:05',5,7,0,0,NULL,NULL,'7000.00','7000.00',NULL,0,'0.00'),(2882,50,'EQH00002','Hire of Compactor','2023-01-12 14:11:57',5,7,0,0,NULL,NULL,'7000.00','7000.00',NULL,0,'0.00');

/*Table structure for table `materialissue` */

DROP TABLE IF EXISTS `materialissue`;

CREATE TABLE `materialissue` (
  `id` int(11) NOT NULL AUTO_INCREMENT,
  `warehouseid` int(11) DEFAULT NULL,
  `sinno` varchar(50) DEFAULT NULL,
  `dateissued` datetime DEFAULT NULL,
  `issuedby` int(11) DEFAULT NULL,
  `issuedto` int(11) DEFAULT NULL,
  `materialrequestid` int(11) DEFAULT NULL,
  `narration` varchar(50) DEFAULT NULL,
  PRIMARY KEY (`id`),
  KEY `issuedby` (`issuedby`),
  KEY `issuedto` (`issuedto`),
  KEY `materialrequestid` (`materialrequestid`),
  KEY `warehouseid` (`warehouseid`),
  CONSTRAINT `materialissue_ibfk_1` FOREIGN KEY (`issuedby`) REFERENCES `user` (`id`),
  CONSTRAINT `materialissue_ibfk_2` FOREIGN KEY (`issuedto`) REFERENCES `user` (`id`),
  CONSTRAINT `materialissue_ibfk_3` FOREIGN KEY (`materialrequestid`) REFERENCES `materialrequest` (`id`),
  CONSTRAINT `materialissue_ibfk_4` FOREIGN KEY (`warehouseid`) REFERENCES `warehouses` (`id`)
) ENGINE=InnoDB AUTO_INCREMENT=11 DEFAULT CHARSET=latin1;

/*Data for the table `materialissue` */

insert  into `materialissue`(`id`,`warehouseid`,`sinno`,`dateissued`,`issuedby`,`issuedto`,`materialrequestid`,`narration`) values (7,1,'SIN00001','2021-11-01 08:39:54',5,5,26,'This is a test issue'),(8,1,'SIN00002','2021-11-01 14:57:23',5,5,31,''),(9,1,'SIN00003','2021-11-10 16:13:18',5,5,27,''),(10,1,'SIN00004','2021-11-16 08:31:19',5,5,36,'This is test issuing 1');

/*Table structure for table `materialissuedetails` */

DROP TABLE IF EXISTS `materialissuedetails`;

CREATE TABLE `materialissuedetails` (
  `id` int(11) NOT NULL AUTO_INCREMENT,
  `materialissueid` int(11) DEFAULT NULL,
  `quantity` int(11) DEFAULT NULL,
  `materialreceiptid` int(11) DEFAULT NULL,
  `materialid` int(11) DEFAULT NULL,
  `serialno` varchar(100) DEFAULT NULL,
  PRIMARY KEY (`id`),
  KEY `materialissueid` (`materialissueid`),
  KEY `materialreceiptid` (`materialreceiptid`),
  KEY `materialid` (`materialid`),
  CONSTRAINT `materialissuedetails_ibfk_1` FOREIGN KEY (`materialissueid`) REFERENCES `materialissue` (`id`),
  CONSTRAINT `materialissuedetails_ibfk_3` FOREIGN KEY (`materialid`) REFERENCES `materialdetails` (`id`)
) ENGINE=InnoDB AUTO_INCREMENT=33 DEFAULT CHARSET=latin1;

/*Data for the table `materialissuedetails` */

insert  into `materialissuedetails`(`id`,`materialissueid`,`quantity`,`materialreceiptid`,`materialid`,`serialno`) values (16,7,30,NULL,2836,''),(17,7,150,NULL,2833,''),(18,7,30,NULL,2853,''),(19,7,1,NULL,2786,'11'),(20,7,1,NULL,2786,'22'),(21,7,1,NULL,2786,'33'),(22,7,1,NULL,2786,'44'),(23,7,1,NULL,2786,'55'),(24,8,100,NULL,2836,''),(25,8,1,NULL,2786,'111'),(26,8,1,NULL,2786,'222'),(27,8,1,NULL,2786,'333'),(28,8,1,NULL,2786,'444'),(29,8,1,NULL,2786,'555'),(30,9,1,NULL,699,''),(31,10,5,NULL,2836,''),(32,10,1,NULL,2786,'3333');

/*Table structure for table `materialreceiptdetails` */

DROP TABLE IF EXISTS `materialreceiptdetails`;

CREATE TABLE `materialreceiptdetails` (
  `id` int(11) NOT NULL AUTO_INCREMENT,
  `receiptid` int(11) DEFAULT NULL,
  `materialid` int(11) DEFAULT NULL,
  `quantity` decimal(10,0) DEFAULT NULL,
  `unitprice` decimal(10,0) DEFAULT NULL,
  `barcode` varchar(50) DEFAULT NULL,
  `serialno` varchar(50) DEFAULT NULL,
  `poid` int(11) DEFAULT NULL,
  `tagno` varchar(50) DEFAULT NULL,
  PRIMARY KEY (`id`),
  UNIQUE KEY `barcode` (`barcode`),
  KEY `receiptid` (`receiptid`),
  KEY `materialid` (`materialid`),
  KEY `poid` (`poid`),
  CONSTRAINT `materialreceiptdetails_ibfk_1` FOREIGN KEY (`receiptid`) REFERENCES `materialreceipts` (`id`),
  CONSTRAINT `materialreceiptdetails_ibfk_2` FOREIGN KEY (`materialid`) REFERENCES `materialdetails` (`id`),
  CONSTRAINT `materialreceiptdetails_ibfk_3` FOREIGN KEY (`poid`) REFERENCES `purchaseorders` (`id`)
) ENGINE=InnoDB AUTO_INCREMENT=222 DEFAULT CHARSET=latin1;

/*Data for the table `materialreceiptdetails` */

insert  into `materialreceiptdetails`(`id`,`receiptid`,`materialid`,`quantity`,`unitprice`,`barcode`,`serialno`,`poid`,`tagno`) values (159,22,2836,'10','0','WBC0000001','',17,''),(160,22,2833,'50','0','WBC0000002','',17,''),(161,22,2853,'20','0','WBC0000003','',17,''),(162,22,2786,'1','0','WBC0000004','0001',17,''),(163,22,2786,'1','0','WBC0000005','0002',17,''),(164,22,2786,'1','0','WBC0000006','0003',17,''),(165,22,2786,'1','0','WBC0000007','0004',17,''),(166,22,2786,'1','0','WBC0000008','0005',17,''),(174,23,2786,'1','0','WBC0000009','001',NULL,'001'),(175,23,2786,'1','0','WBC0000010','002',NULL,'002'),(176,23,2786,'1','0','WBC0000011','003',NULL,'003'),(177,23,2786,'1','0','WBC0000012','004',NULL,'004'),(178,23,2786,'1','0','WBC0000013','005',NULL,'005'),(179,23,2481,'300','0','WBC0000014','',NULL,''),(180,23,711,'200','0','WBC0000015','',NULL,''),(181,23,713,'50','0','WBC0000016','',NULL,''),(189,24,2836,'20','0','WBC0000017','',18,''),(190,24,2833,'100','0','WBC0000018','',18,''),(191,24,699,'1','0','WBC0000019','',18,''),(192,24,2853,'10','0','WBC0000020','',18,''),(193,24,2784,'1','0','WBC0000021','001',18,''),(194,24,2784,'1','0','WBC0000022','002',18,''),(195,24,2784,'1','0','WBC0000023','003',18,''),(196,24,2784,'1','0','WBC0000024','004',18,''),(197,24,2784,'1','0','WBC0000025','004',18,''),(198,24,2784,'1','0','WBC0000026','006',18,''),(199,24,2784,'1','0','WBC0000027','007',18,''),(200,24,2784,'1','0','WBC0000028','008',18,''),(201,24,2784,'1','0','WBC0000029','009',18,''),(202,24,2784,'1','0','WBC0000030','010',18,''),(203,25,2786,'1','0','WBC0000031','11',NULL,'11'),(204,25,2786,'1','0','WBC0000032','22',NULL,'22'),(205,25,2786,'1','0','WBC0000033','33',NULL,'33'),(206,25,2786,'1','0','WBC0000034','44',NULL,''),(207,25,2786,'1','0','WBC0000035','55',NULL,'55'),(208,26,2836,'100','0','WBC0000036','',20,''),(209,26,2786,'1','0','WBC0000037','111',20,''),(210,26,2786,'1','0','WBC0000038','222',20,''),(211,26,2786,'1','0','WBC0000039','333',20,''),(212,26,2786,'1','0','WBC0000040','444',20,''),(213,26,2786,'1','0','WBC0000041','555',20,''),(215,27,2786,'1','0','WBC0000042','666',NULL,'666'),(216,27,2786,'1','0','WBC0000043','7777',NULL,'777'),(217,27,2786,'1','0','WBC0000044','888',NULL,'888'),(218,28,2836,'5','0','WBC0000045','',22,''),(219,28,2786,'1','0','WBC0000046','3333',22,'3333'),(220,29,2882,'10','7000','WBC0000047','',NULL,''),(221,29,2881,'20','7000','WBC0000048','',NULL,'');

/*Table structure for table `materialreceipts` */

DROP TABLE IF EXISTS `materialreceipts`;

CREATE TABLE `materialreceipts` (
  `id` int(11) NOT NULL AUTO_INCREMENT,
  `warehouseid` int(11) DEFAULT NULL,
  `grnno` varchar(50) DEFAULT NULL,
  `source` varchar(50) DEFAULT NULL,
  `supplierid` int(11) DEFAULT NULL,
  `customerid` int(11) DEFAULT NULL,
  `datereceived` datetime DEFAULT NULL,
  `receivedby` int(11) DEFAULT NULL,
  `inspectedby` int(11) DEFAULT NULL,
  `materialusecaseid` int(11) DEFAULT NULL,
  `deliverynoteno` varchar(50) DEFAULT NULL,
  `narration` varchar(2500) DEFAULT NULL,
  `projectid` int(11) DEFAULT NULL,
  `deliveredby` varchar(50) DEFAULT NULL,
  PRIMARY KEY (`id`),
  KEY `receivedby` (`receivedby`),
  KEY `inspectedby` (`inspectedby`),
  KEY `materialusecaseid` (`materialusecaseid`),
  KEY `projectid` (`projectid`),
  KEY `supplierid` (`supplierid`),
  KEY `customerid` (`customerid`),
  KEY `warehouseid` (`warehouseid`),
  CONSTRAINT `materialreceipts_ibfk_1` FOREIGN KEY (`receivedby`) REFERENCES `user` (`id`),
  CONSTRAINT `materialreceipts_ibfk_2` FOREIGN KEY (`inspectedby`) REFERENCES `user` (`id`),
  CONSTRAINT `materialreceipts_ibfk_3` FOREIGN KEY (`materialusecaseid`) REFERENCES `materialusecases` (`id`),
  CONSTRAINT `materialreceipts_ibfk_4` FOREIGN KEY (`projectid`) REFERENCES `projects` (`id`),
  CONSTRAINT `materialreceipts_ibfk_5` FOREIGN KEY (`supplierid`) REFERENCES `suppliers` (`supplierid`),
  CONSTRAINT `materialreceipts_ibfk_6` FOREIGN KEY (`customerid`) REFERENCES `nmc` (`id`),
  CONSTRAINT `materialreceipts_ibfk_7` FOREIGN KEY (`warehouseid`) REFERENCES `warehouses` (`id`),
  CONSTRAINT `allowmaterialsource` CHECK (`source` in ('customer','supplier'))
) ENGINE=InnoDB AUTO_INCREMENT=30 DEFAULT CHARSET=latin1;

/*Data for the table `materialreceipts` */

insert  into `materialreceipts`(`id`,`warehouseid`,`grnno`,`source`,`supplierid`,`customerid`,`datereceived`,`receivedby`,`inspectedby`,`materialusecaseid`,`deliverynoteno`,`narration`,`projectid`,`deliveredby`) values (22,1,'GRN00001','Supplier',53,NULL,'2021-11-01 17:44:56',5,5,NULL,'SCM-D-0002',NULL,NULL,'Robert Redford'),(23,1,'GRN00002','Customer',NULL,3,'2021-11-01 18:00:46',5,5,1,'SCM-D-0001',NULL,10,'Richard Akelo'),(24,2,'GRN00003','Supplier',53,NULL,'2021-11-01 18:17:37',5,5,NULL,'D0092809',NULL,NULL,'Richard Akelo'),(25,1,'GRN00004','Customer',NULL,3,'2021-11-01 08:38:15',5,5,3,'SCM-D-0003',NULL,10,'Richard Akelo'),(26,1,'GRN00005','Supplier',53,NULL,'2021-11-01 14:44:03',5,5,NULL,'1283476764',NULL,NULL,'Richard Akelo'),(27,1,'GRN00006','Customer',NULL,3,'2021-11-01 14:48:22',5,5,1,'789t7',NULL,11,'Matano Jane Martins'),(28,1,'GRN00007','Supplier',53,NULL,'2021-11-15 18:22:05',5,5,NULL,'DN00001',NULL,NULL,'Matano Jane Martins'),(29,1,'GRN00008','Customer',NULL,3,'2023-01-12 14:25:16',5,5,4,'76875765',NULL,17,'Richard ');

/*Table structure for table `materialrequest` */

DROP TABLE IF EXISTS `materialrequest`;

CREATE TABLE `materialrequest` (
  `id` int(11) NOT NULL AUTO_INCREMENT,
  `requisitionno` varchar(50) DEFAULT NULL,
  `materialusecase` int(11) DEFAULT NULL,
  `purchaserequisition` tinyint(1) DEFAULT NULL,
  `reference` varchar(50) DEFAULT NULL,
  `requestdate` datetime DEFAULT NULL,
  `requestedby` int(11) DEFAULT NULL,
  `narration` varchar(5000) DEFAULT NULL,
  `addedby` int(11) DEFAULT NULL,
  `scope` varchar(50) DEFAULT NULL,
  `supplierid` int(11) DEFAULT NULL,
  `activityid` int(11) DEFAULT NULL,
  `departmentid` int(11) DEFAULT NULL,
  `rejected` tinyint(1) DEFAULT 0,
  `rejectedlevelid` int(11) DEFAULT NULL,
  `rejectedreason` varchar(500) DEFAULT NULL,
  `rejectedby` int(11) DEFAULT NULL,
  `rejecteddate` datetime DEFAULT NULL,
  PRIMARY KEY (`id`),
  KEY `materialusecase` (`materialusecase`),
  KEY `materialrequest_ibfk_3` (`addedby`),
  KEY `supplierid` (`supplierid`),
  KEY `activityid` (`activityid`),
  KEY `departmentid` (`departmentid`),
  KEY `requestedby` (`requestedby`),
  CONSTRAINT `materialrequest_ibfk_1` FOREIGN KEY (`materialusecase`) REFERENCES `materialusecases` (`id`),
  CONSTRAINT `materialrequest_ibfk_3` FOREIGN KEY (`addedby`) REFERENCES `user` (`id`),
  CONSTRAINT `materialrequest_ibfk_4` FOREIGN KEY (`supplierid`) REFERENCES `suppliers` (`supplierid`),
  CONSTRAINT `materialrequest_ibfk_5` FOREIGN KEY (`activityid`) REFERENCES `projectactivities` (`id`),
  CONSTRAINT `materialrequest_ibfk_6` FOREIGN KEY (`departmentid`) REFERENCES `departments` (`id`),
  CONSTRAINT `materialrequest_ibfk_7` FOREIGN KEY (`requestedby`) REFERENCES `user` (`id`)
) ENGINE=InnoDB AUTO_INCREMENT=38 DEFAULT CHARSET=latin1;

/*Data for the table `materialrequest` */

insert  into `materialrequest`(`id`,`requisitionno`,`materialusecase`,`purchaserequisition`,`reference`,`requestdate`,`requestedby`,`narration`,`addedby`,`scope`,`supplierid`,`activityid`,`departmentid`,`rejected`,`rejectedlevelid`,`rejectedreason`,`rejectedby`,`rejecteddate`) values (26,'RQN00001',1,NULL,'CNN-WT-001-2021','2021-11-01 14:57:12',5,'',5,'0',53,12,4,0,NULL,NULL,NULL,NULL),(27,'RQN00002',1,NULL,'TEST-0001','2021-11-01 18:11:50',5,'',5,'0',53,12,4,0,NULL,NULL,NULL,NULL),(28,'RQN00003',1,NULL,'TEST-0002','2021-11-01 08:40:03',5,'',5,'0',53,12,4,1,1,'This is a test cancellation',5,'2021-10-23 09:11:06'),(29,'RQN00004',1,NULL,'TEST-0003','2021-11-01 12:07:13',5,'',5,'0',53,12,4,0,NULL,NULL,NULL,NULL),(30,'RQN00005',1,NULL,'TEST0003','2021-11-01 19:14:38',5,'',5,'0',53,12,4,0,NULL,NULL,NULL,NULL),(31,'RQN00006',1,NULL,'TEST0001','2021-11-01 14:21:53',5,'',5,'0',53,13,4,0,NULL,NULL,NULL,NULL),(32,'RQN00007',1,0,'TST0001','2021-11-10 10:28:19',5,'',5,'0',53,21,4,1,1,'',5,'2021-11-10 10:39:59'),(33,'RQN00008',1,1,'TST0002','2021-11-10 10:48:42',5,'',5,'0',53,21,4,0,NULL,NULL,NULL,NULL),(34,'RQN00009',1,0,'TST0003','2021-11-10 10:59:05',5,'',5,'0',53,21,4,0,NULL,NULL,NULL,NULL),(35,'RQN00010',4,1,'-','2021-11-15 18:01:49',5,'',5,'0',53,21,4,0,NULL,NULL,NULL,NULL),(36,'RQN00011',1,0,'CNN0001','2021-11-16 08:22:47',5,'',5,'0',53,21,4,0,NULL,NULL,NULL,NULL),(37,'RQN00012',1,1,'CNN0002','2021-11-16 11:22:26',5,'',5,'0',53,21,4,0,NULL,NULL,NULL,NULL);

/*Table structure for table `materialrequestapproval` */

DROP TABLE IF EXISTS `materialrequestapproval`;

CREATE TABLE `materialrequestapproval` (
  `id` int(11) NOT NULL AUTO_INCREMENT,
  `materialrequestid` int(11) DEFAULT NULL,
  `approvallevelid` int(11) DEFAULT NULL,
  `approvaluser` int(11) DEFAULT NULL,
  `approvaldate` datetime DEFAULT NULL,
  `narration` varchar(5000) DEFAULT NULL,
  PRIMARY KEY (`id`),
  KEY `materialrequestid` (`materialrequestid`),
  KEY `approvallevelid` (`approvallevelid`),
  KEY `materialrequestapproval_ibfk_3` (`approvaluser`),
  CONSTRAINT `materialrequestapproval_ibfk_1` FOREIGN KEY (`materialrequestid`) REFERENCES `materialrequest` (`id`),
  CONSTRAINT `materialrequestapproval_ibfk_2` FOREIGN KEY (`approvallevelid`) REFERENCES `materialrequestapprovallevels` (`id`),
  CONSTRAINT `materialrequestapproval_ibfk_3` FOREIGN KEY (`approvaluser`) REFERENCES `user` (`id`)
) ENGINE=InnoDB AUTO_INCREMENT=114 DEFAULT CHARSET=latin1;

/*Data for the table `materialrequestapproval` */

/*Table structure for table `materialrequestapprovallevels` */

DROP TABLE IF EXISTS `materialrequestapprovallevels`;

CREATE TABLE `materialrequestapprovallevels` (
  `id` int(11) NOT NULL AUTO_INCREMENT,
  `description` varchar(100) DEFAULT NULL,
  `hierarchy` int(11) DEFAULT NULL,
  `deleted` tinyint(1) DEFAULT NULL,
  `dateadded` datetime DEFAULT NULL,
  `addedby` int(11) DEFAULT NULL,
  `deletedby` int(11) DEFAULT NULL,
  `reasondeleted` varchar(500) DEFAULT NULL,
  PRIMARY KEY (`id`),
  KEY `materialrequestapprovallevels_ibfk_2` (`addedby`),
  KEY `materialrequestapprovallevels_ibfk_3` (`deletedby`),
  CONSTRAINT `materialrequestapprovallevels_ibfk_2` FOREIGN KEY (`addedby`) REFERENCES `user` (`id`),
  CONSTRAINT `materialrequestapprovallevels_ibfk_3` FOREIGN KEY (`deletedby`) REFERENCES `user` (`id`)
) ENGINE=InnoDB AUTO_INCREMENT=5 DEFAULT CHARSET=latin1;

/*Data for the table `materialrequestapprovallevels` */

insert  into `materialrequestapprovallevels`(`id`,`description`,`hierarchy`,`deleted`,`dateadded`,`addedby`,`deletedby`,`reasondeleted`) values (1,'Production',1,NULL,NULL,NULL,NULL,NULL),(2,'Stores',2,NULL,NULL,NULL,NULL,NULL);

/*Table structure for table `materialrequestapprovalusers` */

DROP TABLE IF EXISTS `materialrequestapprovalusers`;

CREATE TABLE `materialrequestapprovalusers` (
  `id` int(11) NOT NULL AUTO_INCREMENT,
  `approvallevelid` int(11) DEFAULT NULL,
  `userid` int(11) DEFAULT NULL,
  `valid` tinyint(1) DEFAULT NULL,
  `addedby` int(11) DEFAULT NULL,
  `dateadded` datetime DEFAULT NULL,
  `invalidatedby` int(11) DEFAULT NULL,
  `dateinvalidated` datetime DEFAULT NULL,
  `departmentid` int(11) DEFAULT NULL,
  PRIMARY KEY (`id`),
  KEY `approvallevelid` (`approvallevelid`),
  KEY `departmentid` (`departmentid`),
  KEY `materialrequestapprovalusers_ibfk_3` (`addedby`),
  KEY `materialrequestapprovalusers_ibfk_4` (`invalidatedby`),
  KEY `materialrequestapprovalusers_ibfk_2` (`userid`),
  CONSTRAINT `materialrequestapprovalusers_ibfk_1` FOREIGN KEY (`approvallevelid`) REFERENCES `materialrequestapprovallevels` (`id`),
  CONSTRAINT `materialrequestapprovalusers_ibfk_2` FOREIGN KEY (`userid`) REFERENCES `user` (`id`),
  CONSTRAINT `materialrequestapprovalusers_ibfk_3` FOREIGN KEY (`addedby`) REFERENCES `user` (`id`),
  CONSTRAINT `materialrequestapprovalusers_ibfk_4` FOREIGN KEY (`invalidatedby`) REFERENCES `user` (`id`),
  CONSTRAINT `materialrequestapprovalusers_ibfk_5` FOREIGN KEY (`departmentid`) REFERENCES `departments` (`id`)
) ENGINE=InnoDB AUTO_INCREMENT=42 DEFAULT CHARSET=latin1;

/*Data for the table `materialrequestapprovalusers` */

insert  into `materialrequestapprovalusers`(`id`,`approvallevelid`,`userid`,`valid`,`addedby`,`dateadded`,`invalidatedby`,`dateinvalidated`,`departmentid`) values (35,1,5,1,5,'2023-02-15 19:46:54',NULL,NULL,5),(36,1,5,1,5,'2023-02-15 19:46:54',NULL,NULL,8),(37,1,5,1,5,'2023-02-15 19:46:54',NULL,NULL,4),(38,1,5,1,5,'2023-02-15 19:46:54',NULL,NULL,1),(39,1,5,1,5,'2023-02-15 19:46:54',NULL,NULL,2),(40,1,5,1,5,'2023-02-15 19:46:54',NULL,NULL,6),(41,1,5,1,5,'2023-02-15 19:46:54',NULL,NULL,7);

/*Table structure for table `materialrequestdetails` */

DROP TABLE IF EXISTS `materialrequestdetails`;

CREATE TABLE `materialrequestdetails` (
  `id` int(11) NOT NULL AUTO_INCREMENT,
  `materialrequestid` int(11) DEFAULT NULL,
  `materialid` int(11) DEFAULT NULL,
  `quantity` decimal(18,2) DEFAULT NULL,
  `unitprice` decimal(18,2) DEFAULT NULL,
  PRIMARY KEY (`id`),
  KEY `materialrequestid` (`materialrequestid`),
  KEY `materialid` (`materialid`),
  CONSTRAINT `materialrequestdetails_ibfk_1` FOREIGN KEY (`materialrequestid`) REFERENCES `materialrequest` (`id`),
  CONSTRAINT `materialrequestdetails_ibfk_2` FOREIGN KEY (`materialid`) REFERENCES `materialdetails` (`id`)
) ENGINE=InnoDB AUTO_INCREMENT=104 DEFAULT CHARSET=latin1;

/*Data for the table `materialrequestdetails` */

insert  into `materialrequestdetails`(`id`,`materialrequestid`,`materialid`,`quantity`,`unitprice`) values (69,26,2836,'10.00','0.00'),(70,26,2833,'50.00','0.00'),(71,26,2853,'20.00','0.00'),(72,26,2786,'5.00','0.00'),(73,27,2836,'20.00','0.00'),(74,27,2833,'100.00','0.00'),(75,27,2853,'10.00','0.00'),(76,27,699,'1.00','0.00'),(77,27,2784,'10.00','0.00'),(78,28,2836,'100.00','0.00'),(79,28,2784,'20.00','0.00'),(80,28,2853,'50.00','0.00'),(81,29,2836,'100.00','0.00'),(82,29,2833,'50.00','0.00'),(83,29,2853,'50.00','0.00'),(84,29,2786,'30.00','0.00'),(85,30,2836,'10.00','0.00'),(86,30,2784,'3.00','0.00'),(87,30,2786,'6.00','0.00'),(88,31,2786,'5.00','0.00'),(89,31,2836,'100.00','0.00'),(90,32,2836,'10.00','0.00'),(91,32,2786,'10.00','0.00'),(93,33,2836,'5.00','0.00'),(94,33,2786,'5.00','0.00'),(96,34,2836,'5.00','0.00'),(97,35,2786,'1.00','0.00'),(98,35,2836,'5.00','0.00'),(99,36,2836,'2.00','0.00'),(100,36,2786,'1.00','0.00'),(101,37,2836,'2.00','0.00'),(102,37,2786,'1.00','0.00');

/*Table structure for table `materialrequisitionsettings` */

DROP TABLE IF EXISTS `materialrequisitionsettings`;

CREATE TABLE `materialrequisitionsettings` (
  `defaultnonpurchasesupplier` int(11) DEFAULT NULL
) ENGINE=InnoDB DEFAULT CHARSET=latin1;

/*Data for the table `materialrequisitionsettings` */

insert  into `materialrequisitionsettings`(`defaultnonpurchasesupplier`) values (53);

/*Table structure for table `mpesaconfiguration` */

DROP TABLE IF EXISTS `mpesaconfiguration`;

CREATE TABLE `mpesaconfiguration` (
  `consumerkey` varchar(100) DEFAULT NULL,
  `consumersecret` varchar(100) DEFAULT NULL,
  `validationurl` varchar(100) DEFAULT NULL,
  `confirmationurl` varchar(100) DEFAULT NULL,
  `paybillnumber` varchar(100) DEFAULT NULL,
  `mpesaonlineshortcode` varchar(100) DEFAULT NULL,
  `onlinepaymenturl` varchar(100) DEFAULT NULL,
  `c2burl` varchar(100) DEFAULT NULL,
  `c2bmsisdn` varchar(100) DEFAULT NULL,
  `c2bshortcode` varchar(100) DEFAULT NULL,
  `passkey` varchar(100) DEFAULT NULL
) ENGINE=InnoDB DEFAULT CHARSET=latin1;

/*Data for the table `mpesaconfiguration` */

insert  into `mpesaconfiguration`(`consumerkey`,`consumersecret`,`validationurl`,`confirmationurl`,`paybillnumber`,`mpesaonlineshortcode`,`onlinepaymenturl`,`c2burl`,`c2bmsisdn`,`c2bshortcode`,`passkey`) values ('ibrM3d5PGw2Kpr0olYj0le6JtgTbnCB6','u8eeSARjcx8KMGbP','https://998459bb8df0.ngrok.io/kibarua/controllers/controllers/money_validation.php','https://998459bb8df0.ngrok.io/kibarua/controllers/money_confirmation.php','600324','174379','https://average-falcon-72.localtunnel.me/controllers/stkconfirmation.php','https://sandbox.safaricom.co.ke/mpesa/c2b/v1/simulate','254708374149','600215','bfb279f9aa9bdbcf158e97dd71a467cd2e0c893059b10f78e6b72ada1ed2c919');

/*Table structure for table `mpesaconfirmation` */

DROP TABLE IF EXISTS `mpesaconfirmation`;

CREATE TABLE `mpesaconfirmation` (
  `id` int(11) NOT NULL AUTO_INCREMENT,
  `date` datetime DEFAULT NULL,
  `reference` varchar(50) DEFAULT NULL,
  `amount` decimal(18,2) DEFAULT NULL,
  `sendermobile` varchar(50) DEFAULT NULL,
  `sendername` varchar(50) DEFAULT NULL,
  `used` tinyint(1) DEFAULT 0,
  `receiptno` varchar(50) DEFAULT NULL,
  PRIMARY KEY (`id`)
) ENGINE=InnoDB AUTO_INCREMENT=3 DEFAULT CHARSET=latin1;

/*Data for the table `mpesaconfirmation` */

insert  into `mpesaconfirmation`(`id`,`date`,`reference`,`amount`,`sendermobile`,`sendername`,`used`,`receiptno`) values (1,'2017-07-27 10:42:47','LGR219G3EY','10.00','254727709772','John Doe ',0,NULL),(2,'2021-08-19 10:42:47','OA2EXWAKO','1000.00','254727709772','Richard Onyango Akello',1,'RT00133');

/*Table structure for table `objects` */

DROP TABLE IF EXISTS `objects`;

CREATE TABLE `objects` (
  `id` int(11) NOT NULL AUTO_INCREMENT,
  `description` varchar(50) DEFAULT NULL,
  `module` varchar(50) DEFAULT NULL,
  `restricted` tinyint(1) DEFAULT 0,
  PRIMARY KEY (`id`)
) ENGINE=InnoDB AUTO_INCREMENT=52 DEFAULT CHARSET=latin1;

/*Data for the table `objects` */

insert  into `objects`(`id`,`description`,`module`,`restricted`) values (1,'View customers list','pos',0),(2,'Manage customer details','pos',0),(3,'View suppliers list','pos',0),(4,'Manage supplier details','pos',0),(5,'View users list','admin',0),(6,'Manage user details','admin',0),(7,'View sales','pos',0),(8,'Cancel sale','pos',0),(9,'Make sale','pos',0),(10,'View orders','inventory',0),(11,'Make an order','inventory',0),(12,'Receive order','inventory',0),(13,'Transfer stocks','inventory',0),(14,'View POS','admin',0),(15,'Manage POS details','admin',0),(16,'View product categories','admin',0),(17,'Manage product categories','admin',0),(18,'View products','admin',0),(19,'Manage product details','admin',0),(20,'Add Credit Note','pos',0),(21,'View POS Receipts','reports',0),(22,'View Daily Sales Reports','reports',0),(23,'View Products Sales Summary','reports',0),(24,'View Profitability Report','reports',0),(25,'View POS Stock Summary','reports',0),(26,'View Stock List','reports',0),(27,'Manage bankings','finance',0),(28,'Manage Chart of Accounts','finance',0),(29,'Manage Payments','finance',0),(30,'Add Supplier Invoice','inventory',0),(31,'View GL Account Statement','reports',0),(32,'View Accounts Payable Aging Analysis','reports',0),(33,'View Account Receivable Aging Analysis','reports',0),(34,'View Trial Balance','reports',0),(35,'View Profit and Loss Account','reports',0),(36,'View Balance Sheet','reports',0),(37,'Make Journal entry','finance',0),(38,'Petty Cash Payments','finance',0),(39,'Manage Cashbook Transfers','finance',0),(40,'Manage Crate Inventory Settings','admin',0),(41,'Add Crates Into The System','inventory',0),(42,'Refund Crate Deposits','finance',0),(43,'Discounts Issued Report','reports',0),(44,'Generate Master Stocksheet Report','reports',0),(45,'Stock Reconcilliation','inventory',0),(46,'Manage Return Inwards','inventory',0),(47,'Manage Return Outwards','inventory',0),(48,'Cancel Receipts','pos',0),(49,'View Product Statement','reports',0),(50,'Email purchase order','inventory',0),(51,'Print purchase order','inventory',0);

/*Table structure for table `papergrammage` */

DROP TABLE IF EXISTS `papergrammage`;

CREATE TABLE `papergrammage` (
  `id` int(11) NOT NULL AUTO_INCREMENT,
  `grammage` varchar(50) DEFAULT NULL,
  PRIMARY KEY (`id`)
) ENGINE=InnoDB AUTO_INCREMENT=4 DEFAULT CHARSET=latin1;

/*Data for the table `papergrammage` */

insert  into `papergrammage`(`id`,`grammage`) values (1,'100'),(2,'150'),(3,'200');

/*Table structure for table `paymentmethods` */

DROP TABLE IF EXISTS `paymentmethods`;

CREATE TABLE `paymentmethods` (
  `id` int(11) NOT NULL AUTO_INCREMENT,
  `description` varchar(50) DEFAULT NULL,
  `requiresrefno` tinyint(4) DEFAULT NULL,
  `image` longblob DEFAULT NULL,
  `supplierslist` tinyint(1) DEFAULT 0,
  `show` tinyint(1) DEFAULT 1,
  PRIMARY KEY (`id`)
) ENGINE=InnoDB AUTO_INCREMENT=7 DEFAULT CHARSET=latin1;

/*Data for the table `paymentmethods` */

insert  into `paymentmethods`(`id`,`description`,`requiresrefno`,`image`,`supplierslist`,`show`) values (1,'Cash',0,'PNG\r\n\Z\n\0\0\0\rIHDR\0\0\0\0b\0\0\0^C\0\0\0IDATxog7dv)UBN0vnN\0}<8:zr$#cXADdYosѾBF2R:<l$﷞Kzk5ۙnO}\0\0\0\0\0\0\0\0\0iM\\>W.\0\0\0\0\0#ņ|?\0\0\0\0\0HBp֖\0\0\0\0\0@J-^5iO	\0\0\0\0\0R$jAߟ\0\0\0\0\0$,7~4\0\0\0\0ar/ʕ\0\0\0\0`5tn	\0\0\0\0\0J+4_ȍZ\0\0\0\0@\r-WkA=\0\0\0\0\0P#k4?O\0\0\0\0\0(첯p!Ha1O\0\0\0\0\0V(\Z\'\0\0\0\0\0+.]re\0\0\0\0\0LkI\r_Ϳ\\(\0\0\0\0\0I_\Z?ZSnl\0\0\0\0\0?#WOeg\0\0\0\0\0+FׯKpO4N\0\0\0\0p<iп)\0\0\0\0 zB,4o\0\0\0\0-gm!g7\0\0\0\0@t\ZFcY٠0/\0\0\0\0 \n}mpG;ef\0\0\0\0k-WZre\0\0\0\0\0ԥ7zFqng7\r\0\0\0\0@]0z4_XSnl7\0\0\0\0@u^U\r\0\0\0\0Y=3}ehc%c{r\0\0\0\0\02^/]֠)z4\0\0\0\0\0	~pG;xT\0\0\0\0\0zMiH~̣\0\0\0\0T{s?n=R\0\0\0\0\0H\r_o(7~G\0\0\0\0\0kc~yI\0\0\0\0\0^7ͿE\0\0\0\0\0OW<_xVG\0\0\0\0\0bT}UsU\0\0\0\0\0܆M?͕g<\0\0\0\0\0wup?RXlwy\0\0\0\0P5}m_?X1_<\0\0\0\0\0+\Z=y\0\0\0\0\0=S{bk˅G!\0\0\0\0\0bTsy4\0\0\0\0Zޝw߀==IJ\0\0\0\0\0~VLqn*w/=G(\0\0\0\0\0_zпfT\0\0\0\0\0~f!Cy\0\0\0\0Kgn#\0\0\0\0 b{&\r3:),6<\0\0\0\0\"xaayw?H\0\0\0\0\\9٣\Z\0\0\0\0o\\?X1Kk˅G8\0\0\0\0@j@֔<\0\0\0\0H!x,g<\0\0\0\0ĆMߑ0\\8\0\0\0\0a\\7vп)z\0\0\0\0\0dLq]=\0\0\0\0i^\Z\0\0\0\0\0Hfj/#ņ|3\0\0\0\0 .n1ύ_\0\0\0\0\"No)W_\0\0\0\0HUㅍZng\0\0\0\0HΏvmh7/)76y\0\0\0\07T\n9&\0\0\0\0URwԪֱ=rg\0\0\0\0@6V#H3\0\0\0\0F\\\ZY\0\0\0\0PeoOt>2*6<\0\0\0\0\0ӾZA|ѳ\0\0\0\0`Z.:+A|nt:B\0\0\0\0e{gĠYI+\'=\0\0\0\0a&fe7ҳzV\0\0\0\0{2XV\nj\0\0\0\0x_m(+Ń9T\0\0\0\0\rc{rX\0\0\0\0gOX\ZF]\0\0\0\0@Ԛ.n14VVw?\0\0\0\0Fi\0\0\0\0DFCbˠrY\r\0\0\0\0ԽO:Uu\0\0\0\0@]?^ag:\0\0\0\0Pw6_j\0X_j.\0\0\0\0B놿lпf~\0\0\0\0 6m2U9\0\0\0\0\0@&=ȠW^\r\0\0\0\0oÐqh+\0\0\0\0z-WZ5ؕb\0\0\0\0ZQ\\g\Zɏy\0\0\0\0\0R\\5Y[.b\0\0\0\0\0y}WҲ֔z\0\0\0\0\09PX?X1_*\0\0\0\0$bG6Vap«	\0\0\0\0jO΀Vڠ!7Rh\0\0\0\0KJU\0\0\0\0ݟJ5J\0\0\0\0T]ㅍR#ņ|+\0\0\0\0Pmt,J+\0\0\0\0\"5p)W_*\0\0\0\0OZDw/-J^\0\0\0\0׶g{܀UJ͠aM+\0\0\0\06m2XRW~ƫ\0\0\0\0޹5o*؞	T\0\0\0\0oƊAAHa17Rh\0\0\0\0<r[S)S;y\0\0\0Ƚ7T{\0\0\0H5]bX*e{a8_j\0\0\0\0ywr}Rn뼲\0\0\0@9Ph`Trep\0\0\0\0Pv~kPnw/=W:\0\0\0\03o2/)76y\0\0\0:RwRT9|\0\0\0\0q{&\r<8ɕg\n\0\0\0@FXW|?RXlwy5\0\0\0icSw?\0\0\0\0Pushc`SKC\r#1\0\0\0\0b۟hJA|+%\0\0\0\0L!Fׯ	\0\0\0\0)alᥤ.WOz\0\0\0skR_zQ\0\0\0\0_XW\nj\n\0\0\0\0JZs+>nTs^U\0\0\0`7PRY*\'4]$ux\0\0\0\Z2UGJ˕nV5#ņ|WZ\0\0\0\07?7TGx\n;w؞^q\0\0\0\Z/l4|T&_5T6_jgc{\0\0\0\n}ұ`ਬ?7ё;*Jnk˅Wa\0\0\0\0xo2hTVܾo?\0\0\0\0y|Fers+>0}LzU\0\0\0װg{PQYݡ7\ZhމʆM,ӵap+4\0\0\0\0Me+\Z\\߭JsMՠ!7RhJ\r\0\0\0\0?D#CDeWwWm*>n7OߠWl\0\0\0\0xS[oޫ7\0\0\0\0kҺd`(|s+6NӐ0*\0\0\0@z׻j>qlO<u罚\0\0\0:U*[[٧\\9٫:\0\0\0\0Q輾+CAep>j_ȝcInB+<\0\0\0\0u8{rAe0dOjR֔\0\0\0PwZ}cv\'=|WwW|\0\0\0\0{3gT\r̖*ihމ-wlO\\8\0\0\0g)#6cR6),F\n\0\0\0\0Ȥ7?7S=wk OtoG=\0\0\0\0dN8܀O_N}q3?}y\n\0\0\0\0dB\'{J+Y\Zhppŗl;a8_\0\0\0@j~0OP6؞ύ_\0\0\0iOC,_tpexӔ+/{\0\0\0\0 5zgܩquw]_.|a؞_zQ\0\0\0\0$.ibh~66Qt;NՠaMɻ\0\0\0\0xZ׼AꡁR_>?JwsM\0\0\0\0XU6;Um}_nމJ-SvlO\\8\0\0\0Ur[99\'_-.ebh;\0\0\0\05S5S=48w8OtoG4\0\0\0\0Ԅ=Tc/VQE\Z?mɏy\0\0\0j:MYoئc=:rXFt\r7}\0\0\0\0Xgv?9Fyry\'\0\0\0^mƠMY/R7=loIYr~һ\0\0\0\0˲w1\rn\r8.\Z/w<ҷYG3\0\0\0Zb3\\\"GO+(|9A³C\0\0\0<٩/N0<yf1;Hߠ;\0\0\0\0l7Dn\'-|~!\\p;\0\0\0\0?hc!Y8~$P~@sp![Rm*tlO#ņ|w/\0\0\0\rix.abv6=/s\0\0\0@ĚǷ?ealk?;gn<[2ۓ\0\0\0 271\rxAC)nۇ;˓`ΊȠr\r\0\0\0 aG_2l\\d7A|nt:p\0\0\0\0uk]1\r=~fEH.\Z	_y|\\9?\0\0\0fKbڙvQ\'[xca[8ʗaͿ0\\8]\0\0\0\\i6W8\'Z]#Ir7V[JߠY\0\0\0\0231\r;/WWw?y\ng>n<IߠwA\0\0\0k%aV8VVg;G6,x^s24?\0\0\0 cޝw?!tx.|5,~[[k*˗\rG\n\r.\0\0\0\0?sΣex_en`==?\0\0\0 v~ūeg˗bY.W_N	\0\0\0BoiP.0n0_F|pNw|cUQFv/-J5\0\0\0Rdb\Zar8G05־_ohMɻ\'\0\0\0@LvO4JnŠ/׫~Ý#+?]\0\0\0 A1T/à?冱M66tD%<VulOpwS\0\0\0UIǂuuh.\r`C[k-[.Nߠ!7Rh\n\0\0\0\nt4 ,G	1<\\s\rIUz\0\0\0X˕֥3LjحjwueX\0\0\0@xLz*at13g/%ntkU\nw8tH&#ņ|ѻ.\0\0\0@tIe^\'9~wija~:~GI=/J?]λ/\0\0\0\nsk>R,0<yTe`(ZY$\n矇\r_`\nv	8\\9ٻ0\0\0\0*͖tn8ގpOnC͗(?¿?un,u1o7ҳzG\0\0\0X֫m2D\nC=NIEzkʍMޙ\0\0\0^{3gb\Z^5ˎ\r7\r\0\0\06_j.Q8j@Sҫ\nwFtxVɕgS\0\0\0»4,\ngdJ1IAHa17Rh\r\0\0\0G;.\Z^Jzc{kzv?\r\0\0\0LDb,C7.%-𫟦[50.\0\0\0Dk;C1\r޴Õ~A|;:\0\0\0ObݷqlO׍no?];;\0\0\0tLßONJZW\\9?\0\0\0{6E3qutc{ҷYG\0\0\0uG.֕3]T\r]\0\0\0[:c\Zᣤ:?bp=u9\0\0\0@]hҺP\'a(iw.6\\Oױ=rU\0\0\0\0Yј:llFII50[rlO#ņ|\0\0\091(:bT>aȟ\n\0\0\0輾7.JJM<[|p=]Cr\0\0\0jك阈Rّ;*~T\r-JV\0\0\0@*h1]0Hc{M8\'}5&\0\0\0 5O.aDI(%Ý)+WOZ=\0\0\0\0әΎuc{ҷap*\0\0\0Hݟ4	X\ZJj}*1ݗA³(\0\0\0UӎBIuq>\r7蟳\0\0\0\0VM\'^WJN?Uip=}V\0\0\0@M\ri20[2Tn:\'mCbhj\0\0\0Oblb]IulO.C`\0\0\0TULߵ,CN\0J>llFcV\0\0\0@UUv\\m\')9V\\(Y\0\0\0\0oG1\rT\\+)M8\'}GkʍMV$\0\0\0fKbgh\')=lpzʕV&\0\0\0kkҺ$Ma\'I*GmͿ0\\8a\0\0\0thLCp$e}*1+#Hj\0\0\0x[lo{_~p?ɮ\r7g\0\0\0Si@rx\Z\Zz\0\0\0ȝ#yE:wI2;؞\rG\n\r.+\0\0\0XDb,Ð0\nNIқ$5\\OnuV4\0\0\0OKiv\ZI\nǜLUle\0\0\0|Xi9I^Gt[Fv/-JV8\0\0\0P<ǩ/NIR\r.:\'}5&\0\0\0S1l0\ZϿÝY\0\0\0@icźj7tDe&0\\8a\0\0\0u``Poz25`&I\\x&bnj%\0\0\0<I,ÌԠM;gj\0\0\02fq<!F8*M-\\rtqzOu\0\0\02$sw\\m&I)jpp%320/Z!\0\0@ʽsk>u%)tvlO묖\0\0\0 Jm1]v3]4Hw-)+W_j\0\0im,Ép$e#w9\'}u	\0\0\0Rཙ31\r&°LUUL4ȠaMJ\n\0\0\0tqK4È͗ޗ.H7\\Oݠj\n\0\0\0wjW1\r!ΆdtVɕg\0\0\0`ѵ1ky`Lꨁْc{6),6滬\0\0\0&:c8P8@L؞C`\0\0\05i1\r\ZJ\r$;Jgp=UC\r#1.\0\0\0͗ei68\Z;\\7V_\0\0\0P=S\'2Ȏ؞\rsY\0\0\nl0a]iW\\9?i5\0\0\0osr\\+IwۓK:je\0\0\0߉ixwk`KC=J׀=Ug5[\0\0/hҺ Cd%Iz;6OߠJ\r\0\0\0~BxL{\'$I?Y\r[\0\0twڽ/IzfKIې0z\0\0gz`aC+IҲi0OnVq\0\0\0D4[}S=U7g+/5\\9ي\0\0(^m&@ㅍ$#wU{zv?^[.\0\0\0{3gb2Sj~fArcU\0\0\0uobT0$UpKp=uLZ\0\0Pޝw?g|`%IYU6m2\\On	>\0\0\0o*\':$IR߭JLgdп)Z\0\0P&:cP,dC\'IjϿvC\rY\0\0i~Ӈْa$)N?Uip=}V\0\0\0dR\'|C&IRҕn:\'mCbh\0\0*N=4X$؞]?o\0\0@&lWw(IR׶w\Z\\9J\0\0z{u%IJnK͆Ϳ\\(Y5\0\0*??NLgL\r$I\Z+:?ZSnl\0\0 Z.FJRӹÕdp3V\0\0\0$8?\ZӇw$I؞\\pƊ\0\0Dt$%It<^G\nB%\0\0\0fbA0T$9G5\n\0\0;rƘvv6T$B]?}yM\0\0\0jj71]*K1gП0/Zu\0\0PU>;x&؃s\r$I1r?]\n\0\0|9Ύ$)\':\\yrU(\0\0\0+F1}>Y%IR\r̖b7ҳZ\0\0Fb/4X$%٩/NU5&+S\0\0\0^[\'|p^?Xq$)Kucb]o4蟳B\0\0\rs8pIJ3l>~wR=g\ZxS>2ٶw\Zb뵎ɕgV\0\0I۟AJ)\Z;Q.V<uJ/U;JkK*k-k?RXlwY\0\0gzg95\\+~&	.s++2KQ`\n\0\06mC񎫻\r\n=fxG+/M!ӆU,\0\0@޹5bC=iu	G_5+f$ԪqphE\0\0li[LGAT¥ax׆ȝc*_z9G5\ZFׯ\0\0HGm߰pI2Ó׉0G	Tj0WM˕V\0\0\0(N\\u3leܪ/[Juj\0\0V,tؽ/ըY9y߱Vx/2|*l\0\0PgN*aפT]Y:g%{W+-<\0\0NsdcX\\scz	M|٠YIʅ3V\0\0\06ѱˇplHel$Ub;ÐkW#ņ|1\0\0@ZmLb.IUl*/NyAv+;X\0\0dLLCpTcV8mR~lO2\0\0@Lc\Z*KRu\r̖<FpbxmPZ\0\0Ht.Ô70\0̐_oQ묚\0\0R퓎J27_*WOZ=\0\00Ci߭%pߙJ<G[)\Z\'\0\0<I,F@PIZy1]բOٽz^\0\0$,At	%i;,ެca<Rි\0\0HXLGl츺PIZaۃ+$R%TBJ\Z\0\0 AS部]\njU]{LECKGV\0\0\0	*͖Ŵ{gh$0V0r<֔\0\0z훘μ6PV־I<ҳ3V\0\0\0	:31}=r瘁Ny0Q=rԕb]\0\04|9Ύ¥[k	5`6\\8a%\r\0\0S(I+t{0ƅ/P<)/UgG\nV\0\0\0	zkÙϱ|e$^3%Z\\xWVˍZ\0\06ѱˇp+%G\\ߗr=+i\0\0ZmLDñ\"Iv\Z/VْǞ#4ZI\0\0$lg-u.\ZDů*>y,[I\0\0$g8ѓO$I+d:~wϝR\0\0alS4Dw}n$pV2moW\Z\0\09.֕`+=8߫Ƿ2{J\Z\0\0 A??NLDn\r\"IoTb6t2Unt:i\0\0\\i]Ch8\0IrvfK[p\0\0HPxLDH$itgG;:Fr4ϒ4\0\0@.nw*Up#T%Ȁ4\0\0@zBJImpdJ\n_zLW/5{l++i\0\0sdht.׎\rSTEeVV[Snl\0\0HPնo\\D)M,t):cZi/!\0\0tೃgb z1C#J/~Y@j\Z\0\0 A/5pT2LY$MXKQ_YI\0\0$w_b zFR\rҷcӀ_ZK\0\0gGty_.#.ڕTV\0\0\0	jXiGTb0K<>\rZr[+i\0\0;~LDK\r$F<>\rm(͖YM\0\0$y|Έ5(cȝcRMzZ׼4\0\0@zvJ2|D݆M.\0\0HZppT>1L=F\r;wJ\Z\0\0 A{b]I\rSھ:)yL+\r\0\0t4(U߀_Y/#14^i\0\0\\i]Chㅍ.֕\rQsJO:\0\0TCC2_.3%iJ\Z\0\0 a1]u}ɀ%uQ߭3%ݟ[I\0\0$hb zᰡ\nK\rYht13%VJ\Z\0\0 AG~ZѮB*f\0P>:Y3%{3g\0\06ѱaGzm4|La\'KiE^mJ\Z\0\0 A>{b :8w0HZ\ra+܏4M_[M\0\0$hh>@nLնwz\\kU뼾++i\0\0N߉h8HZz)<cLz6mr.\0\0@bX}\0HJwS֮=6묡{\'<ϴjG\0\091(\nS}<6=Ϥ7J뒕4\0\0@ftlGr^*±)ߪ[:\0\0v^!LK.ڕvzj\0\0;w-\'2Raǔu\\\0\0E1|?6.ǖyI+od4\0\0@zź*eH|{<q/5{5ob%\r\0\0|\'K.{=R5`wq5^x:/Bc]n;CV\0\0\0	j$%<&\\c1=rjcJ\Z\0\0 A޿#wH+rt㰤n\0\0HXLؽ/ew\'ݷ\0\0Hީ_A4b##lw1=kRwV\0\0\0	:rƘi׻v.6<[6m\nJzo4\0\0@\':!thcRvvIT/6<^mJ\Z\0\0 A>{b :8w@G_(18,i9&JmV\0\0\0	\n\Z^I_yEZ瘖;׺此\0\0;\'8m#eْc/h\"M˽J\Z\0\0 aY,D\':pUǙ,[I\0\0$sr\\+)+Fu5ob%\r\0\0C1}5`x#AamVc6<dix@4\0\0@Z.^IrT/#<d^O:\0\0Lн6R.6ds4jW՛^Uㅍ.\0\0HZL_w\\mX#a%uů2ZV{&\0\0=>XW\':WptG\\y~|;+i\0\0fKb:W7\\hH#w/5{ы;d5\r\0\0֫mtFǅY^agǎ\\_[I\0\0$gAȝc3!6ʅ¦i\0\0t#%C~QXNNo%\r\0\0SH2W\nw68\'Κ.nJ\Z\0\0 Avtmiu,D;wH6uЊ;la\0\0HPDbL03>02!xPqu!D\\iJ\Z\0\0 AAI.]$T-rV<&JmV\0\0\0	j$3b\r^$p<MLǔz<~wu[I\0\0$7c z)I?y.G/:]2(\\l^{YI\0\0$,ERԻڗ#Tzoǭ\0\09.֕Wun	HWIyː\n;ZI\0\0$xWLg,؞,\'7_j]*Lib`P4\0\0@Z.tFኤ:}8jߝԶw\ZAmt,XI\0\0$txLD\r$Us?0[6+(!yvXI\0\0$h>݂*jOpɑ;3\"C~ռ7?\0\0HPTc j\'(s3]amb!C}9_z4\0\0@91uMHJ?+9\'/1}S>n7P~g5\r\0\0֫mtFቤ\rïn0(+/!\0\0tೃgb \Zf\'$Æ).@j\Z\0\0 A/5&$e;y}WV\0\0\0	>-K$I1V[[ST8J\Z\0\0 AvtmL;:wH\\~Ut4\0\0@&:c:#Ŕ$Ǒ=6\'X˕o\0\0tp1}-4$j谛?M6i\0\05o!$_\'{{4\0\0@~3{`:ÿ!$I[߭We4\0\0@bnI\"(ܵv\Z;wJ\Z\0\0 ASb]ITlex|;ZI\0\0$xWzAgh!IRWCV\0\0\0	jbxau%IRݳ>X\0\0HP/A!C\rIggkjm\0\0HX-|\r?7Ȑ$I?UÝݟ[I\0\0$hb z$Iz]s\r͗\0\0Hѻ\'6VAF$Izay?;i\0\0Ot>ܐB$UcαJ<Q/\0\0t!\'$Eك\0\0HPl63b\r$IR-\nĴiޯ\0\0;\'<k\0!IjRL&qDV\0\0\0	rITŻ1m(NZI\0\0$srbLgĺXW$ժ6M\\i]\0\0Hw,DfK$&Lڽ@4\0\0@ΫΈ5|$I(B0MoOt>\0\0HPLߵv\0B$դWwG30ź\0\0\0Ib \Z>t>HZ6Ĵig8m%\r\0\0u$I\0ƲjJ\Z\0\0 Ap$IEvwj\Z\0\0 A[,B/lt$IrnjX\0\0HP/Ĵ!IT\':*1m_YM\0\0$hh[[ޗ$I5g:}\0\0;?c z$&Ŵiﬤ\0\0tΑձ|e Ijv7j\Z\0\0 Ac\Z.@HZ\\ӦmJ\Z\0\0 A>{bev@P8kyމʑ;Ǟ,\ZL+]7+W#0q>n\\og^/NWR/;t^c4񟏮}c\0\0pl,D.nq50X-=츺iٝ+qs/ˀOU=(IXxݍiĶχ/\0\0Xewb \Zv?@Uw0zy܇/#\0a~m`$U6Ml}C~\0\0g|\r[;p;yvA~L_pj8\"(ï%_V^57\0\0X%{b]@?XGeJ+a5C8F^.\rT}!g\r\0\0P#z_*+\rp^~6\\Z{57c$Da¯/\rCG_筺\0\0jJRLg\Z>pNqnz±>aǡ$E{P8u?MV\0\0\0Uw]iv@Oav;r\']ÞEb,j,M,k۬\0\0$hm`Vwwlrǯ(t5l[pzz*\0\0`z5vgrܰ3<;=Q>nkIX$/ptÐ[V\0\0\0oݡv@Cax}%tT/Kcz/\r7gU\0\0\':!FfpG~\\mo>|/źuz/2\0\0X<\00;|coa8>kIYzW%Mot/߭\0\0^S875!\'	:GRmlgՇ?ɿ*\0\0NϘ>3}}vuw{HJe1mjŻ\0\0~ѻ\'64X\rAÇpǯZk%	w4x>IJK^lz=o]j\0\0x=1uG:.\rYjUp|痤iD/woY\0\0c\Z6|HQ7V-3{IJ}S=^o5U3Z\0\0Q\'1kLۃW\"~ؑZ{A\\k\0\0j~3{`:\'2H`Ǿ\r%պp\\M,xI\r\r\0\0(Rv}n`~I[&Կ=ߐ\0\0Z?XWȝcW_\\+޷u4\r\0h?\nCX>psuv.;/LRVZXg%iÉB%MY\0\0hҺP03Um~Io\\`L&v\\ڕ!?\0\01\rr4ntWU7Ca-i9;~b<R=7\0\0^LǨկt{0݊p繤)\':-}C~\0\0uO>vVS_vξ٥?~qfYpn_\0q\r1t^c_Q^$Q/ۆJ&\0\0>8ݷݡJ4U/FñT^$zn80?\r$\0\0\0dځi w1*/e^OS}IQ-+Rn[}\"\0\0\02kb\Z>DWU=ERą/bz63VO\0\0@KLD]ٮ-k|o)bzp|:\0\0\02\'oV8Ȯ}~2׹=Rwuħ\0\0 :\',4l;\r _D\'HqӦ_K}}R\0\0\0;}pX\"!A<1ٱȲ8\r9NM`88N` a<x0\"\r胐V*UG:JtGF:	L\0߭wV-Y\\fi#&t<*%dM7\"M{jJ_\0\0\0@f#V  m6/d1oD[5Sp[wϚ\Z\0\0\0\0dwPu\Z@8KfG=d\roڹ:LY\0\0\0ŵR3RJϹ>\"*y\"w}\0<j{X7s\n\0\0\0\0u#KwX7(|a?d΍42)\0\0\0@MC6D:cnH\0S/l\\`H27J_\0\0\0BBo;p?jF0~{*]\"4yAp_\0\0\0!#fLypו>!\0\0\0ot5-5m*/6T2^z)2GCUS/\0\0\0PRBE\ZD=&x.\nɌs+2FK\"kz\0\0\0ꝅTVGDa\n\rd~B5wI߂kklV#\0\0\0}Y3|a˿D=`-y7Hu\0\0\0wXׁǅ)$4n{FfJ=\n\0\0\0~Bo_F>|;G*\"m#7F6\ZNDpm\0\0\0R<wѱo~j7AFKG˴d\0\0\0/uPFe\"|CO\"#Y]	Ln&%\0\0\0 d1?\"UW8COۡޑu4RݝúR	\0\0\0\0YYaH+!sCupҫ>*\\z4\0\0\04F]z#RG?MBO2.G\rHK]=ZG\0\0\0:y?HV@\\Nna\')\'Y]{<_U;Wkjii\0\0\02yYi=̖WCA-ɵRdG;xp\0\0\0e<|;+$	Y}#-MOm׳3\0\0\0Ph~úU/VF?Lr~S]`\\P?_tʄ\0\0\0<Uk3/k!u|඀tXwv7*V:kj\0\0\0EQw)J󑃇wU҇LNշofK%҄ú\r4k\0\0@P?Z}Soj[}1֒sxouNtT\0\00Dޙ. #K>Fo&&;HGB~\0\0\0.DYH5OmCH YӇA-9Huo\0\0\0\r/lHCH}$kHޒ*\0\0\05Eú3mE\r/*\',{cL4O\0\0\0k/	S#6j^>ɪu,%bU.\0\0\0/?Hc!J蒁oܤ|iz\0\0@QS}peMIz5*%#>Ln}!?\0\0\00?)×nMDH0}xh9m#} ,\0\0\0\r?B(莹aCւd-mx etj\Z9l	\0\0zHÆ]WvI:K֡\n/DnyQW>k\0\0QH̓;GB\r$oPQˈvMV\"-Mڹ~,4\0\0`QFdOCwMHǓIfIpQHCӑ盎w\n^*\0\0\0E\ZD#IH2{۽!{uǺ˦W\0\0\0|ub:x-hHǄ$}s\n]fJf\0\0̋\Zem:.aݱ}IuM\0\0\0PnsuoA>,a:[DZpX7&^\0\0z\'ߦHlm,trDp?&`\0\0{ro#\ri4<(\'\nY\'ӇWQ鈰;p\'@锉\0\0 g|q%~L_2Mh~$g\"fQL޿iG]\0\0@QSlzq?|.=l̴>`E1҇2iZ\0\0p/vXh!IvY]DZxm\0\0j翌\'\r߂Cyq1!1sѻ֥p\0\0\0ENl?GyHMu5j}\0\0\040n3(h\n##7\nIK\n鹛q7n{_\0\0zŵ/a\Z3U鹛Mۧ6Y6\0\0@PFf17I,@\Z3/Έ4ZQ-l1i\0\08^s!Hdueg̮~p\r\0\0PeTpԉ)hH[AHmuV\\-^7\0\0@P6&<j{?m\nIɭe!23[w\n#vo+b\n\0\0B/f5|oniT@yra23iaއiAD?z4\0\0@_ZTVGDӡYuI]+swͶYc2\0\0XYk{*oժP́:\0\0aڸ^H@6OgfL!ea;K?3\0\0<&0:b#cǅ$C8tyX̆nBDzuNt#Sv\0\0\0>3unjJT\"dn}LGށmw\0\0I,n|a$C:e\0~n8s&y\0\0\Z[̪?lvI-#i&\rչD\0\0BŵaDD?*dH^aɈ/l6^z郴/\0\0(6\'MI2YO-kG/\0\0(:Gi_F\ZD\Z\r4캲>I[gɮ0Tjjp\0\0 g#u4\'I[#7P}Np\0\0 g|×ѱ^$[ghPOm\0\0\nPsCO&\\k{_\0\0 \'k3/khA}֍4ᰮp\0\0@Of`{?RHFIjc}&o:a]>\0\0@>H`wꈍ44y$C.YUG?M\r)\0\0d0忍4{,\\6!#GlsK3(|V\0\0\0r:F0#I1%iV]Wvz}Y5p\0\0@O6?_\"miFZLK1m\\<-/啝\0\0ktXa$7Ζ<sODW\"\0\0\0r}F翌1l17$\'5+:nOtYSzY*\0\0\0r48D@5bcPVJH\0\0@.Ϩ6ODS}İa$ӷ\\HsɆwm\0\0\09_HQ72S-$w]`MߖsX7\0\0;j2azGD.=f{$[Bk.K:5uPt\0\0\0/u$edGXIr1\\sAoFZstJ:\0\0\0rJF-Lu$Iv|{ÄvӪ9{V:\0\0\0rpF{-C`C@GY[-7Ҭt\0\0\09þ-~\\液3DfxqI\0\0@pLyX7G\"IV9\"CM~8~jyKw%\0\0 W\'5#{nU<-\0\0FoG\nd]	<HTWú}\0\0\0>`_zHѷ\nr$qxlDp_\0\0 \'忍4{,tn?IVmma^* \0\0Ze-_>xPCjzCjV+!\0\0\0}2z\Z<8En	u\0\0\0}aݺꢇ{𓤚-(gN4U|i}\0\0\0>Hm9Q}WvM\nIRMl5#\0\0FzO2 :\0+Ɲ $q6Kݟh\0\0]M\\, 7E#7\nI&znx~N]Q^\0\0\0\n!.p:[dz3aMAyN-l\0\0\0>YújZv\r	$(=ob9xPu\\k{?~\0\0\0\n}m+|y$eC܉a`\ray|+!\0\0\0}a]!Kue$`vϝ vMV\"-Mڹ~:^\0\0\\ŵm[3 F<w[w\n.!\0\0\0CK:;*H3FuaK{\0\0@O:[;79\"\':^ϟ;Pյo6ϓ\0\0;_DU#С~[g˞?:w~&\0\0\0&.h?U54HI=i&҄ú9\nJ\0\0 p_F>PaIʻEoOto+\0\0\\|\'οjM\0B>If=\nfdGo:\",8Md\0\0\0W6UWvו~t4U\0Fz~>:J\0\0@nwqӱ;UI2Kmoϡiia]>\0\0@ͱO>ޫ矯; ԅ7zdc*.Zxm\0\0j]M\\fM `#Iat=Y5#\0\0-xϞ	5~:&xg#`#ƙz=mzM\0\0jjrúi= 7E?%\'Z(ǎ<9x+\0\0\0F59;oLHqOmV#玍ú\0\0$>&H2F{^k/\0\0y}qSp-|_\ZI6^6HK]ӽ}>\0\0@mޒPan@<ޣw	I3K\\_U;W\0\0\0}Mv>8H*X\Z\rgJ\0\0@QC:}f\0b~.I2mpϥrzcfZ\0\0jnuamtlYO0ƞKp]klE+;%\0\0@O:[8$l:n+R$\0\0\0<^=|-=W\n a$n\n=|-KKf$\0\0\0-9/L=eXj$|ʰ.\Zo+\"\0\0\0>9gT#|c$!]|RkY#\0\0\0}2a0hʼaq IFqܐSFM^m%J\0\0\0Poa#xKO>L}AuK\0\0\0@O.l{?TW$!ۧ6%y𥉧)	\0\0\0(ot5	osX7u\nf?IfT }#gY	\0\0\0([a{֨\0bMQ\ZIfKϧl5[ӪY4k\0\0C50&; =IRϚ8r`M;8;g\0\0C50wXWFӳ-;H/5\0B\"%;憄:Ip99gDZXsp}>\0\0@mPC.#V<=&\'Ie#-M8+\0\0)[r~?*M6Di$=\\9`fyF{<\n\0\0d}a/gmW!*H#9tys~:9-\0\0<<n2U o $W=\Zha^kmBk\0\0FpK.njuA|aJ\nA\ZIzw]V}>\0\0pl>x1TGl:z\'d:[rX.Bv>\0\0@MZK[r~>T@sܐ$3h:9U+&|i}\0\0 %fa+|.\nI2vMzN;GB=&{}\0\0.0Ϟ	5@T$OmvM?(tDXWW>k\0\0}_mhUU@?I\Z_m+[L\0\0nɅy|ú؝ú~dڰa]84\0c{\\~\nC~e\n=WC-M<:D״\0\0\n]M[ra86$)gLtX5VzŴ\0\0B %]CF5\\$a\rLV\\-௧I\0\0@5pѽ0[f_\r?I\nYAԦZc\0\0!PC.RO~VT>Y^OJL\0\0 B[a݇	$T9U;.z\\k{^\0@TZ$aHKg\nJL\0\0 B[ra~t!a}GurlYOPl	4n/͚\0pC}a/#u\ngv?I\n8v{<ss[_9>\0\0jaGy1DvqPO0Mvy\r.wM\0\0 B[ruӑ(h&>sC~;3o;m\0\0\0}P\0]da\ZR\0\0Tޏd:Dx$3h:9R|DS7/\0\0>B[rfMƸ^?I+OoL\0\0\0>pϞ	5@I2H񜪎ABj\0\0!ZKB[rF:<(\'nxN-}GB=6n{_\0\0P}=|P6;G$A7<ú\0\0,<[\0eEF3m{N-KZXsp}>\0\0@uIhK.{?	 $[Q\0;҄ú}\0\0 %GB]\0!\'I>ܣwyF-îPKvϚ\0@XT󐋳}js\"\r$GFM~ZtS/\0\0.yy\"a]EIEϧrzcIzk`ye\0\0F`K.n\rtN-{!ii]L[f*DD\0\0B\\>/Ȧ$l\'uL@<M\0\0 <[r^=|`uս:.?IfȾ-OK0\"-M8[p[<\0\0lE_FdyPOr#eZc\0\0QC.γ{B\ri@dӣw	q2*ή?RPvm\'i263*U;k\\|Zma^鈰@\0\0>úaѭeC;j1l}}b~#/]P9_ \'kfM^i_M\0\0\0}r>n:vdDt0ik>m7*_)O\"H(cd7<nwX(2\0\0jr)!V0Ùjַj\'m!_\'}?鹴p]45sPI\0\0l90n>þ-o駮I^gM~Kn<̮~5/͚\0\0~}rq?jtL\0w\r	Msdď-Ma:ޛn\nx=h\\Z&Ī?;g\0\0K6\rgQѴ.|ȏJ3nIv768xUϥGz]l:)_n-O)\0\0[ya]9YGwbV?s{=`2rX}\0\0%b{tXqCe˴n[iD#^G̣wx&Ěkm\0\0]Mrq0mCrf]%}(ogu{b+I߀{iikW/\0\0.rq~t!aԉ+ȧ[g˂P~a~̃M\'|HK\n\0\0jr0:buו8KU<ŶJIt>5\Z9-_w\0\0tXw>ӡVD~=.\\~cPyZwfwy=Ɩüڧ6\0\0\0E @.n}AtACzl7)`w8kr1ϣG>ZXf}>\0\0@PC.}\\#}(ը}:;_塠^\0\0PU\0zPaў{1wu<DfgSa]>\0\0pl7D&;2}X#hTgL!sa]gM\0\0\0A5xϞ	5[\0QӡdA[ul}oڄ9]Wv{=ĴHiiBX+[L\0\0\0O.{ۆ̳jJ/?U+y=UV/7n{~\0\0@OVM!cŴkWfúR\0\0!iy]~܉!d`n8jikl/s[S;\0\0c0̓_o9a;v{\\HaV_ٓ>zڛ!bM\0\0\0>x?j=tkT\0Qpn\'g	28Yn7ڹZ`K{L\0\0\0}Mv	!z	n;1o?	Y5Sϼ7<xp\0\0N.R}:K.Ѿ-;2mGݷOm/s3:\0\0<\'֝sC ۣ{@z&	.=Wz&\\k{!@i\0\0`AtXwXC,SmY86^eq֍4/͚\0\0\\W/::q,_.ۧ><(uԹ?gR\0\0X\0yȥ_FDUC]lSϪ;xUϛt,s[?]:\0\0PN.޳{B\r]\0[&}fʖ&;}\0\0a\'vX7}> !Q&s8.^9sPZm\0\0jri>bE@K=}.tYLwN֍uX7}h.\0\0T\r8HÞ{P4}}\\	X\Z\r:[4O\0\0Ɇ6oDp3>9L_|o3|ԇџ-wztM	\0\0`!態:H5=xNϚ|k}3[|xd:\",\0\0T\r74#<0RMش}6#+0{û\0\0\0}a@W3g>hS=ϷL}t\0\0HTKXHxAt@ѷz;f!?6<j/\0\0kri8#V͢Oۧly8Ϛ\0\0}ri~t+ z֨045~:\"kR?t\'skwjjp\0\0`|q%C54_z0[f_\rBl>t25	/ĿG.vPg̓^w\noye\0\0`	-ȥya][ӷ0SȞU}v46mG=Dd\0\0T.tNxͅ`?7hK_gs\'\nBߨώá^klZ&s\0\0%pFW0\\>6\\G{\'g%؏(w,\\ntFp[9\0\0hKC.W]pŘPN=B֊կ\')jiao[c*\0\0X\"ye.o mBk:՞D/kA~ǰ|a{PΉn(0\0\0,<={\' V\\Y[H})0\"Ʀ-ma~*Aær\0\0e %I<j\\/A,6&!;#>\'v]u6stD\0\0TKXunxv\'fZ*xwy邃EЭѐuk8Y9\0\02ҒKbHL[uBj.׮ކgRm)axL-P~mfM\0\0\0}aLw#V0j8X}뮸A:-oxϮ@i4\0\0LTK]ѱAV͖\Z~m>9!6#Om;N<q\0\0* %n#F7EȪ޺G~\"gQC~[}GB7^\0\0@O6F$d!Էoڄ,|o8F|:+\0\0\"QC:P.XkݎMbrWC-M9\"\0\0ҒK_D\'ZiKVmf[Oⷽ9మp\0\0\'Ջ<(cM17Tz[_&෽+{C-Mڹ:lo\n\0\0e-c=fs>CJXn{?5\Z굺xp\0\0\0G@K.ݳ{*2[)L8u#g>hо-_-7Om~ \0\0O.nuatNzWO!7>wb?g{̑p\0\0\0k/	iɥ)h1/aρǞs}P\0\0e#%)hsu@⟙շjzIuUsxY5EZxXwEy&p\0\0*\\7W\"u\n(?޵Z{i߱bX=hxeDw8\0\0@I@K.csDLoۧaN̴3n6N8\0\0@В˳y5 u,cMQz䌾}\nt{POzM\0\0\0UF5<sX7!yV>wB|C<gcuo+b\0\0ZryuSeuehԷ/qоn8jiklo&o\0\0\0>9_u̜}3[*i8r#_=u5\r\0\0PT]Ov\nY-MByhJ4j@\0\0Fh0hڒQ/gqCg	3dϹPC6/\r\0\0 \'3	uIiMh{k\r3vX`@锩\0\0F!];tgmg1wFo\\[Ҭ\0\0h8iN0G<~˧7XMH,uMVtϙ\0\0j}ry^nQ/gȯѻB\'ҭHKE?t\r\0\0PCp\\/L=e-3B~y-o.z?5\Z9-\0\0Pú\n,hWW/[NoU$\0\0PC.nuI<~:8ЮJ;Po6W\0\0\0\r8uB8\nY_gfzD;y>\0\0\0 \\~aսB8\n\ZO̴UԭPKE>k\0\0[~sAmCpH_OBqXW\0\0rFW\\.:om75nkZ$4!\0\0~˷0hʼ}?}[E^{_D{ݧ\nH\rW\0\0\0X2ydc]:z\'xp_O&[5c^a]>\0\0\0Qw	({ ԇۍrp{#MKO_SϚ\0\0d.s5p_(\ZnvG{o+DwM\0\0tT[6S{\'fZ50UDKjDjb啝l\0\0:\" kct1{	(S/] ுcýGnZtP^6\0\0p.E3nVus[Szل\r\0\0PGT󐵷wǅ\n<v\r	({Cr51wFúk-mWL\0\0\0uFAO~VA5m	بGOK~gסú9t\r\0\0Pgld1ԉ+`p8מI5Wgc!_}3[*\'@\Z\0\0@O\"L5O7k{ӱP\0a5\0\0@hkmB\nݹ(mS&k\0\0`{l3vqPF<B~PL_CS=M+Cm7Z)Aݳ&k\0\0ŵdl}/[#VFᾀ~l>vX7U~{4k\0\0hBITosO>H!wrúOt%uL\0\0\0\rB5\r;X\Z~\n|#wutT\r\0\0 j^iQ%>$CFCS5Qu:\",\0\0Zp~_^VLH\rW\0\0\0XyyW3=Ԧcw+(܏j}y\nwו_˩a]>\0\0\0̦)D :tyXF}}%ு;¿/\Zf{?ST\0\0\0sl:[#VF[~\n7_C4\0\0@QCw}\n/>T?^_5u<`>\0\0\0̾ήԐn/W׭e߯y0kdN>\0\0\0dK	C֥}!r7ms(jy\0\0\04T\'gů}^[g>hϾ-^5tXw>\0\0\0P̗Y4h:ζ.UYzZGݡZV-_Q^I\Z\0\0 \'/:>\"pB~!nLdOK;[^b\0\0>P%{˵wvq[[i\0\0B2⹆G@PO!޲}zma~ߚpR)\Z\0\0 #\'mJ\n4z?tyk{;ԇ>imWL\0\0\0}U|~[#6@PO!鞫{NrX7Fj3M\0\0\0B@_iN\0A<\\	=ʙ\r!gN4UF?:}[^OtNK{L\0\0\0>Y<q0u\n(ܧ-~jypD;60\\\"&{\0\02]Mx^Vx\0*y(SUshۧdh91\0\02ſf(ܧɪ*JlkOzm>}GB}سo(2=\0\0d<dt6])qH<}L^a݌_5=\0\0dY|;NVr}\n7Z+kr/\Zk+ܟ39\0\0I6șnXUP/ܯÿl8\rPUM?t\0\0ATl}z̓\n__u;R}v3CU;WW\0\0\0X42ժ=p*yhTLu3^ЭPu;\'\0\0\0fC\n)>3-\"vL5Qjy\0\0\0xTq]nxb*y(*Eo}(8._fsE\0\0E#8 m/em:NF>YvܐןúVfu{\0\0al<~ni[{@PO!&^Rcǽ`̖0~Za]3\0\0@ZKKO5zP=[+ٜpwlnE\0\0`$E\rw l{P/௙yfIx-öɎ0~\n\0\0hT\\jb#QB!p_=ϣ{]p\0\0\0}uC\0p̊5YUl=~aytgnsEy&f\0\0# 0ҦyU\'k/l&ڿ\"\0\0Oq̣[No	I!pMiMyUɣwV5Oyei\0\0 ܿ$\0 -~!JRepvqKz}UTW%Oe)kZ\0\0q?Wfm~m8ӑCmo:YN-Oe2\0\0@PCrú6~Iя릍CF=#jdDú^1)\0\0\0<$kl>I!N{^χ\Z;#a5fd{Ǥ\0\0$\Z:*R/௵ή\\ȻCM:vX\0\0rjK|;q}Rmpf)MwgTǞs}a4jJ6%\0\0<lm~ڱGlAú\rWN\0\0$`y_WFW-r~MSpP	\0\0 G!)\0J2߹<q]ӽ9Po6v{4kB\0\0u/\n8n~s3aݺ}sc\0\0a{TC\nsəuuyS<xUs3rpOtc\0\0\0>IyW{]Q&Z:ρl9kG\0\0a\'i*y83s5\rz&;>91%J}\0\0\0,\n$mRO[ǟ\'iԪgAs3Ɜ{Cmox\"\0\0ZKn)\'yٵWSmG%<ms\0\0\0àM?q>klz}ZK͏QMi\0\0 !i8ú)/_^9tk*\0\0ܿd&i}2Ƈy~Nm譳e~Mu5Qڹ\"\0\01DO>C<B8r`M;\0\0\0X8yH#ogy&;9o{lhuXW\0\0-~z-qq--}G-Hu׾\\Ϛ\0\0rᘤ-~<$cy\r)ueGW-/Cz9;[j1\0\0@QCpdy|jC?Ü(~!aN1\0\0@1\0ůd~OB[D4\0\0 \'I[}&&o\\mWL\0\0\09G5I!J/ji{loa\0\0``$)g֍tX$\0\0 \'I[*yHRϚu&o:o<]t$\0\0P\0TI̪҇wy30\0\0@A00!I\0ftl6J<(2\0\0$mIRϬPwv{4k\n\0\0G%Ip57G	;t׺s\0\0P $}3^z53\'*O_SaNh\0\0OIDAT]0\0\0@ORȯ$gV=\0\0aܿdh$IpYk7L<`>\0\0\0$I}fՑ\0\0a!I}fٴ%oڬ\0\0\0C5I$̲;B]fsMM\0\0\0H$I>|X7aN\n\0\00T$IR>l̖0~u59k\0\0((G$I\nUG?uXs[\0\0\0>I$U0&oP\0\0$I}f]Wv_N[UWW>k\0\0((G$I\núa]>\0\0\0$IԻY=a\'xzye\0\0!IpYcy&{?_5\0\0#I$̲SÄpjyJ/x\0\0\n}$Igw}$U_\0\0|q%$I$̲v~i\0\0 I$Yvҫa9TYspJL\0\0\0G5I$̲>y;aJ6\0\07$I3˦;J<`\nWNv\0\0`$I}fCFC,Y.\0\0@\0T$IRϬrzcp}j:K&]\0\0\0!Ijfݡá׾\\YA9.\0\0@$Iab]_k\0\0j$I\nuf	N[a]>\0\0@0$IԻ,;v{a]>\0\0\0$I3oMv	ӿU\0\0yQC$I>+Cm\"\0\0$I$wY?T^\0\0@O$I\n)DSk*}\0\0\0<<$I3{,T5Odp\0\0\0c$I}fa\0\0\0`~l$IRϬHM;+}\0\0\0</ud$IjfVugM\0\0\01H$IRϬcn(aݵo6/|{d\0\0<$I3z9;ݻpd\0\07$IԻϬs/LjV\\R\0\0 (I$I\nu\Z\ruXs{AmWL\0\0\0AQC$I<̃-7	ۧ6/g^7\0\0E5I$̃\nVK{L\0\0\01L$IROusxXwtD\0\0<$IԻ<u&o:o<؀Eg&Z\0\0(I$)gs$T5Od),\0\0pPI$I>3odGp?[[_5\0\0G5I$37w+ܟ3\0\0>I$̅>JyqwM\0\0\0$IR\\`gN4Uڿ\"\0\0#QC$ĨGsXW\0\0oc$Ipy0D	[No|jp\0\0\0>I$U0<j{N>\0\0\0$I36O?k\0\01T$IR<cn(aݵo6W\0\0\0x$I$wyg?;a^>\0\0\0:^2X$IR<s/LjX\0\0`$IjOB\0\0Ѩ!Ipy0~(|\0\0sFW$I}]Wv_N7-&X\0\0\0|%I$a݌\0\0!Ipyql9Ltr݃\'xR\0\0\0?pI$I>#!(^6\0\0@O$I̭lpm?n+br\0\0PC$I>➫{Cmo:Y_\\\0\0P$ITüC(0\0\0@O$I>sWl?shǇV\0\0\0<<$I3/硪yf\0\0\0ĀI$I̋&J<\n\0\0Gb{$I}őCmL\0\0\0x(_\\xɀI$I>bho~7\0\00I$wyqPú;S+\0\0\0j$I\nú)o=V\0\0%ϛֽwoɐI$I<̋}3[M\'9\0\0FW>H{\r$I3/~:׮\0\0þ7~jw|ޟ߮$I}ɖÄm\0\0F޾F\n?E!I}]WvOvez\0\0{ߛXh}:E2I$)ܧúٴof?\0@PRg$I}ɭPu^0\0P\ro}{\\P[Q~VM$Ig^<zXj_܄\0\0u\Z?0$I}atDش\0\0\n۟aʩ|N秚$Iy\']	?)?\0\0(o{wA#&I$̓>J¯^/\0\0\0|YHS5p$I^z53\'*?\0\0;FsdS#,	X5I$3OzG	~\0\0Py>۠I$I>dtopya]\0\0myo:PPgo{$I}CFC/%\0\0{I$I-7	7¿K\0\0@&g/b^~\'M$I\n\'.:?&\0\0ϛo\0~jzl$IR5ͮ[d\0\07wg]MM$I\n\'f	N{p\0\0Ԕ}oT-y$I3OuX_$\0\0&}{-|!I}ͶɎ0W)y\0\0\0Uc;7 _#oY]!Ipysוݡ蓝oI\"\0\0B!r{Y~N$Ia>(/	\0\0h~:Y0_U-+c<$I3o/l̉#\n\0\00ֽg;5{;7p$IR<yP</wQwϿQjWF7GL	qHcl~@Hƞ)2ט_cKPY+$)TT!HUɭE[-J*NŜ\\i4$x<\\tvnli}}b$IZr>W~O\0pwҒ̌GݰZHb|>fi\0\0M|xvSɊ!IGPٔ5nX3=-3N\0\0M^e[3$Ihb=U3CzJG}\0\0݇[;d^ܶ$ejԏ{sQ|p*Wks_=N\0\0j2zge_֚O$5xJG.KHl(OZ\0\0>i[{$IX_r.*oEqlo(k3ź\0\0Or^	$I\rRX^+Vxޠ>\0\0}֣23~GK$I).7Pi/LO	\0<Ƴ3w_|2\"IRFBeSO;$Ϙ\00źsDUaOs3_=O\0\0M̌̓nb1$NKGOS3=~\0}&zONr\"IRt䢸kLOy]Cy\0\00FefOY($è\'VLk!/\0\08Clܖ}gS\"I,W\nS(2PSOgz\0OZ%2/HTAE/hfBFL8\0q4[563O=\\v>fm$iK犕3ҧ&YQ/\0\0O#LY=E*-x_183\00E̸ztJl/T6\nD2\Z7|&/5\0`ܧ#SOo8)k$I,PQp>?3(Sw\nS\0>Y24?3ז}n$G7ŗ\rԻKUH\0`\'+֏?n=)+$I)7PEqWƤ_&\00G蝕sHt\nsQy{.c1i7qbS\0\0O{̌\"$I7/%sQ<e;p\0q˙znSIR\rTZ\\1bƙ\0\0pj=(3OK2:*rx\"׍dI|z\00Ӑ6ݜ{[x$I/,GÞ\'N\Z\00ź)W=._{Q|\0\0>tWfy7Lng$5TJG.K_jgz\0\00\r{2bX$I1G(l;W\Z7\04\r#ylVڼXW\\|*SZp\0\0>ٶer[!IRzB<7Że\0\0p}Veo<vR$I\\rS0s\0pwT[;dfޟ{w>HTw*-x_1Bm\0q:\\><G{> Ig/T6\nD.[\0\0p7ޑ\"/֕$nb=U3*ԇc\'\r\0\0O#SOo8)˒$iF7ŗ\rPvl\0O̸e[$I5?*EqWL\0\0N@hǟԋuI4#*\\ǆRHC~\0\0ź蝕sI|.WEqү\0\0>|̌\"+$\rTZ\\1bT\0\0ݧ޽|LX\rV)IFBeSO\0\0>̌KK</Ir{>>dI?\0\0}w_Ͼ`$fԏ{Q|	8\0xn}X>9e$}@#ť/\\5f\0\0`\'\r:Owefowc|KQ?*oEe%p;q?\0\0NPWd4ў5K2\\T^+Ox`	8\0q4K^6q?yeK2~qp\0\0>bL=즒K2V\\$?\0\0S{Y5+$e	~$Ď\r\0\0ukǞs5WpIRVb|0	8\0qFp|YWS$e	FI\0\0ݧ,}#3~|/֕$9Ҟ\0\0};/>cV-IR2_5L\0\04iztQf%-ܢ%I|T9lB\053bMEKe}QeQ\0^;C:GZ$I_+SI \0|̌̓n\\{oi%KP>eB81)~\0\0≯W~eź=gḰaBw\03nᱶ̌KKnX$I>Gu$L\0\0}1SOoxh$}_\'@(非\00ÌX7GqpJuFI ~\0\0y`Ft:S/v>f$)~$L\0\0}d4ўJtgOG$L\0\0}U٬Gy$./T6%PJ~\0\0w!L=즒Jtw#Qp\0\0>u(K/]c׬TQp\0\02dؓyzs۞RI1%P\0pOT;+ʷ|j$SI \0pOޑqehJ|f\0pwf΋/gźOoLIB(	2z줁\0ztQfOh$s}FI ]{/\0p6ݜ7V)IRrQ<e\0pwXwut_FIB%$ĉ!?\0qX̌̓nb$+_,%P.\0pGd4O,Qxa/\0\0ÝXx-3~j$_1J\0\0VLny~%I\n$ʾ\0\0NwJge`}$SFI\0\0>ѵyzj\'Ix(	)~\0\0>|d4ўON/_,3J\r\0\07$3~E^+ISFI\0\0>̐wd\rg;em$rl\0pfB̌K^[ITŸ(	8\0`܇֏?n=)K$i67LA\0`܇j2zge_֚O-L$L\0ʣ\'gfOY$In$?\0qyLX\r%IlI |d\00aGefo?%I_>?3L\0\0b͙zz_X$I^!oB\06ǆjQ$EJQe~\0\0>y+3~[&̳(Ig)$_\0\';d4O,IzKFI C\00KK23/<ź+_,%P`\0p2-SOo|A+$^n\00ÝJge_c׬G3FI NO\0i`kǞs5WI(	2xp\0>\rpHNr$I3=\0\0}wdfo=ȋu%I(3=\0\0NzGg,Ft<_l2J\r\0\0}\ZĽK^[H(	8\0`܇[X?L^ܶ,E\rQp\0}&wVΑV\"IR\nv$?\0q|̌\"$)O& v|l\00r/_z%[/0a$|f\0pwGef_\\Z}IRmB=v\0`\'6ba!IR+T7J#?\0<xn[>9e$5SW\r3=\0\0}tWfy7zhI\Z|T9lB\00CDiX$I@(	Rw\0)l6+cm^+Ij?@(~\0[&e<?h$5_(2JL?\0`܇Hge_c,@*FI }.\0wέ{23O=\\z$Ijܑ?&gz\0\04#:ͳ5Z~$I=	$J|z\0yN-}#3|/֕$5~byQeँ\00CyL=ώY}$Ix(	8\0`ܧ]q#ޗ$ejl\0pw3bމ-IRvBeQ48n\0PG/MF#W-=,>o\00`?qypލk-mH7+FI\0\0wi6ԋu{<$)O6J1\0}eef_\\Zź̏I \0y`m~L=yⅢeGQap\00Iu{YwNYu$I7J;i\00\\n;oHxQe~\0}_n剙g7W׏?>y/~_?KY:ͳzbё$/ap\003|9ί{֣-Co,}9dkl6+~cɑ$(	2qb\03T~bB;Ow}97;KOo<dɑ$rQ\0pw?C9FV\'yNK!9H_,Xw]Ht&P\0q%#\'s5\\P{Yl빾.$I\Z3FI~\0iMr>9yQKR}/ʷ|j$[+@(\'\r\0qAl<ynw_L%ypV伒F=o\0~z}9oރ,}?~1$IQp\0pw?~r&I^[oCVFE#ޗ$N댒@(q?\0`7{퍙znD$IwQp\0p\'S֏?S<FHUK$Iw7_6J\0\0w>_mg|j=߲H[l$.^$L\0`os<]sC[zGD߲[F=o1\0pw$۝	g/nᱶ|MV$I$L\0`>w.[&ee6uF?(	2|d\0g־k4;_I}7LA#?\0,zsa{2pj|Q$I>_5L\0\0Y\\ZblE^O@fh\'I*@(7\0\ZIF,tg-Ci{Z.b]IBU%P.\0wk ~yi}/upSI)$\00Ϭhدcˎ<͒ז}n$)_(2JL?\04yHNǟԋuF@(	?\0`ܟY\ZƳo,YZ֚O-0$\r3=\0q>{Ҹ`O?zry5K/!H4r(	)~\0}gym&/\rIf(	2xp\0Pz׾Ge柽#ޗ$&O%gz\0\0yF2\n6?HTQ|(	8\0gdY<8F2g|s\"IR/T6%PJ~\0?\rGlo\'\ZwX[$Io\0ݟUIXY$I%gz\0\0zs<^TIfe/o7J1\0;erq-,$SI <\\}/R]\ZB/ˊ$I9+I\0<j]tKdv_\\Zb!^\"w>eEY7J;i\0ni=\'=˧ٳ4Ɠ4գ=XU$I\n@(^6\0߰ļw=Y~xOCHEE:)SI\0`&^pGv_pR鷟HT?(	2q?\0/ս#7\Zlϖmާ!,ymI|nB)d\046O{^;dÌX43/znSI)I \01{~b=œ\'>\Z]}\ZBHU$I8ʧ@(\'<\0vr>zOj7dXO$IׁaBw\0236hw>\'ioHT#3=3=\0@_;}1~4oXM$IO%P;=\0򻱇zfvE7v^|P/Lj\"IR/%PN\ZKug\\2ٞ0wNYL$IJSFI\0.m|eVlgj_>kwk$I/%gz\0;udk-Co0glIRT\Z%PJ~\0h`Ｕ.HNm0iXJҧ\r@;>6ΚUkgeOΚIg7,$$q/W3=\0wilm5}Ro]H\'w%Pi<7gwI[uYG$IJoxiG~\0h Tˇ%^5ZE$IJy(0	8\0lj<w_4jGy$IP!oB\0Rxڈc΋/ۏ?b$&՞~1$I\rPnbBٵ\0Rnlnاӓzynk>HH#O&gz\0UbL{2O{\'zXB$IjdB81dz|^y7zO^k(&:GZA$IjrQe߁~\0Hgv^\\ZrcxO`PLZP{K $5S\r@(\0RݴzsmG\"z<$I:+g;\0-{С7=/Zڿb$+@(\'\r\0C?6Xcm7^m>\rcEˇ$IQp\02c-HO:;,$e|_0J\0@;xոj>/~_xvj|C,<_l2J\r\0Pykz\ZZ::G{*I4%gz\0a}^YztJ?6J\0@cjl6CFl<d$)cqQeȈ\0{ȸǮY8$ISI OCo=eݐ$)1b0>dʷ|jِ$)6J;iY|ehJ\n@(/\0^&\Z$)yap\0ҫ먗B$a$\r\0PCG3C^;ѻŚ!I,7Pi1J]2@~p\'=n\'4ΑI?@(\0y9l/5Bcjw{K$|(	2qbS\00~77ݦ&C1\ZOϙ~c$I*FI }.`-og{,.-b]I#_7L\0@}{o;䬇mE˅$IO%P;=\0*}g{1,ZH,_,3J4@@~i7QjESHًu~q\"$ImFI\0HKuc@JZ!Itl	9%93PsՈ\n)7\nItqQ48n{`gd?Ku6c*ԡ\rg;e$IwQp\08Z\n-CP\'s$I%gz\0`v}g{$pmOY($I4v$?\0ܥҏgeJrqifʷ|j$I0%0v|l𻱇guܿكZK>\rP;ɩ,$IQap\0j/yz^<|<8\n5	$I~$豓~\069n~OK \\$ʮ\r\0pcݎ7QcmX/L\"!I⫆I\0y/ϩoVQj$I!QeĐ\0nS7w;.~~q\"K$I\nVXn7J]2_z?pz`$IEu$!\0ҏbܿYKa=pwZX$I)$?\0nܿ۫s5Wp{y~ If(	2xpqݦpn?A$hFI\0\'0V[.2_IKVI4!0J\0[\Zo`j<.ўO,$i댒@(q?\0r,[-IT3=\00}O}(@u6C/s,\r$e$L\0Cj|/ǮY$IRM^$L\0ܝѸ=Gdź[m{ IjQe~\0O|kͧI4;1b\0LzpW=4ڲ IfoFI ##~\0|WiOo,H\r@/qg{Ȅť%ޗ$Iu1_5L\07?g;]d(&^EA$zr(	2q?\0}؂!uwNY$IR]U%P.03=s5WԻ~~q\"k$IrQ<eB1>ՅڌԵգ=+$IP>eB81)~\0R鉾7ׁ,7&Sw? H+_,%P` ulq8CxvSɂ I\\_7L\0`ܧux@$_1JħwzTHdCz{pW=̚ol=e9$Iu[T^aB<8inq?}>^mgtVS$I3=\0Iٞ#gj\"/֕$I(3=\04o$o?=PMW#43鷟HT+T6%PJ~\0D`bg{K^[@$k7J\0Ѐ߸=P\rӄznD+$IJ%gz\0h$/.<fut_HFI ##~\0f}oϠj|C5Ӓ\\{oi@$t7JaY}g{y7Iށ_1L\0V{wϗť%kHb$I7J;if&J?6sKj]d;mxh$Ii\Z%Pvl&߸m-ؿ<8Ϙ7,H(SI\0ŗٸݝ9n%;Y$IR%$\r\0x.uGzb	$I\rS_TY`B)dt[?XXmoΨy\0$Eu$!\n\rӄlO6m<d$I7ʧ@(\'<@WK_-FiBq?C:~?_$5?P0J;p=g(Lh)w=\\zo$qG~gz\0gz\0o՜iflO2ʷ|~I!0JħwzW}LI^lOcIv%IR×/%PN\Z+[|Z̤v<Xm=@\007~I3=\0SF~f˂̓)~OKL\r3=\0UsW#4m/7}IPdB)\rV!=M-(@u6yJtt_[$Io1O-s%?kݣKɋ[+9t7$Ij_1L\0qό+NuAy7~$IxQeȈ\'yTwoy[{fCK^[{zX\\Zź$)#apT<t7}h&Mw3=f=aEKL3=\0}#?3tsû[1ꢳ=gp%IR/@(7xjOÏ7ipu~q\"K̗%PvlԾ̌_?Xkch\'~$Ij)$L\0i{jO=7=z,y?sZ.b]I\ZKFI C~\0OjR\rzܿǇ;?36}%In*_,%P.<?#wiC6ߦ?k|ѶOh?%InQ.&Pa\0گj:af6]]joG߈znS~{$I_1Jo9w73j3[u^yٞ[֚O.I-GFI ~\0~mgq-ym\rw\'~k$IMFI\0\Zui۸_/uzt==ao$I)3=\0oؑ6oV3|xz_$N*@(q?a!]7:Әk/Lo$Iw:%gz\0ia6[k,<_Fs%In3=\0ou_q%֟ͮUe~O?s%I|15J1yo579]M+\Z+Y3R$I(	cc?aOUM=\'m+Ykb]IiapfooM[\Zgtk}2I$MwFI c\'\r\0^)i{~F;Og{:~?4$I\n@(/PC[h{,=%-}#^?H$EU$Ls<F~ʦY9]3袆\ZW|H$)@r(	2q?aO_=<8/~$I\rTZ@(}\05CCzn:\'=\'w\rg;(Ir)$1o\'ud޺5czJ?ceo<vwO$)_(2JL?aϽ{\'u.O͋u$IRaBw`\Zٿ\Z1OǇ;$z=#W}$IfjI\0þt\']ڲ㸟-}GK$I35	$J|zIu]\r4=fwyz|Ä$I/%PN\ZoΪw~Z[1b=i?\r\rI\Zd0FM\r3O̴y?gsa$I/%gz\07ݴoOsk/<_wNK$ը|15J\r0}evcq?ukWq?;K$0$LF}~FUM[F_>gz[$IR(	8i}}ȿFhغO8cmǒ$I3%PpjZa9]{tu)ٞ<?++I4k#Qc~jȾaZg?;j븿ǮjJ$b(0	8`wڍw5֞YВז~~[uJJ$bxQeI?\Zyo5^75[5I$?(	ke?`WCܔ7UM=~JيUlOE^+IT/x0	8;ϘOF{䍎ώJI$_2JL2F}3iiͿnᱶոe\nI$Qb(	RwxQٺOBc5t༯XwH$[(nB12ۜtsi+ɸ9}WC$BQppzG^s>ܸ|vZ擏*H$?P0J4җu7$Ii7J\0u2軥/#[4;-I$_\'3=\'%#wwX$I:$Jipe7K$IUFI)L)$IZ3=[ߪM$IjR\Z%gz\0vpYt¸/I$&%Pv|lOKJFM8I$Ii$L=/{M$IfvFI ##~\"\\I+%I$oxiG~tG?`ܗ$I4U$Lx:_4gUSq_$IҌ*@(7J둿iE=o]$I\Z(	ke?x:_-~}u1w!I$5P(2Lct7K$I\r8ʧ@(\'<^+[u߿Ƹ_}I$FI }.IQr~\0_uI$Eu$L%ծz|%I/W1Jħwzc$A3;7m$I2PT^aB<8iǋp%qev_YI$)C%gzf9M|n_QI$)cQpc%N!F9+JJ$I,Wl2J\rx:_{j:+(I$e8$L|Iݦ5w7$I2^.c$L4WmOxIiFMb$IG.*o7J1|Ifw2\'5R$I;$ʎ\rx$C}I$Iw\\>?3L|I\Z%I$QxQeI?Η{lʦ}I$I5J{%)@s%I$ݶ\\O&gz1Oj{J$I$P(.%P_=n}I$I\ZU%P.ڑ$I$IREu$܋p%I$ITr)$ĉ!O/I$IZt%P`t$I$Ij3=3=nK$I$)\nQ%>S|I$I$բ|(	R\Z7;#I$IZet$I$IRX./%gz</I$I+T6%gz</I$Ift$I$IRX.c$L%I$IrQyQeH՘/I$I$($ʎNH$I$I5*ş&gz</I$I_%P_=^t$I$ITr$ʮi$I$IRY.@qjG$I$I\rW.KFI CU$I$ITrQR՘/I$I$ը\\_7Lx$I$ITr$Pw=/I$I$}GQyQed$I$IR2J>|I$I$)@(`fL1_$I$Ir&$$I$IT@H>U%I$I\ZFI BeOVI$I$qQ%yOVI$I$F%gz$I$I+W@(QyOVI$I$xQX9U$I$IA}FI >Y%I$I\ZFI vv$I$IR\rGFI OVI$I$*-I )$I$IRJ9$@\'$I$ITr)$J!U$I$IAJQ(\'$I$ITrQ|0	SU$I$IQB<aU$I$IAbyA_*I$I$($L$I$IrQ|(	{n1*I$I$ՠ\\(	t\'$I$IT3=$I$IR\nEql)*I$I$ՠ\\Tn)>Y%I$I\Ze$I$IRX>?3JG>Y%I$I\Z_%`3>Y%I$I\Z_\Z%d$I$IjT.@(}QeOVI$I$墸d*d$I$IjPAh\'$I$ITFI ؙB~$I$IR\rʧ@(xOVI$I$*FI |U$I$IQFI $$I$IR	$NyOVI$I$uI \'$I$IT3=$I$IR\nEe$L\'$I$ITŸ(	>Y%I$I\Ze$I$IRX_1J/d$I$IjP.w%pw	$I$IR2J]*I$I$ը\\_5JT:|J$I$I5(U%pgzʧ|J$I$I5(7Pi1JMd$I$IjT2%P$I$IR\rEq(	*I$I$ՠ|nU$I$IQ(nB*I$I$ը\\r(	\'$I$IT\n$L1U$I$IQFII$I$)Q%_{}J$I$I5(Wl2J]*I$I$($L$I$IrQ%pgz|J$I$I5(%`_*I$I$($L$I$IQQ?**I$I$ՠB(	S*I$I$ՠB~$u$I$IREU$erOVI$I$a$P\'$I$IT$ДOVI$I$F%Q*I$I$ՠ\\|(	Ud$I$IjPna\rg>Y%I$I\ZI $I$IR	$NyOVI$I$d\ZbH*pTH,w\Ztj֭{a<Uo͚sNO~THҗW\0\0\0\0D))\"\0\0\0syQJ\\_ꕩ\n\0\0\0\0[\n9夈u<]*waVG&)\0\0\0\0숲RD>ESv	\0\0\0\0{\"R\"pۥrfR\0\0\0\nyQd~\Z<LLF\0\0\0\08Mͼg\n\0\0\0):EN\"<Y|\0\0\0\0pbO2rm\0\0\0jTI~zn\0\0\0	X`S9*r$\0\0\0[Q*r0T¬L/\0\0\0\08q.\"{E;abZ\0\0\0\0c}Շ\"Ud_2yt\0\0\0\0U;!TYWe4\0\0\0\0>]d^b.//צ\0\0\0\0eJWo-b\r\0\0\0\0QD\"VdcYTCW\0\0\0\0b?\\*eEv܅Y(\0\0\0\0V)iE>E@uq\0\0\0\0\0v*2Wڊk*]*g&\0\0\0\07b_\"Oc	\0\0\0\05H,Íi\0\0\0\0\0PXWy:6\0\0\0\0WʑgRynWR\0\0\0\0QQ\0ѥ/1iv8\0\0\0\0p~^Y>קv4\0\0\0\0p2Ig`J]Ց]\0\0\0\0V*\0h<LZ\0\0\0\0Y/󐇛i?R\0\0\0\0ixT&}!خ\0\0\0\0V*eľ\\ۅ\0\0\0\0\0(T8\nav\0\0\0\0T\rYVWv\0\0\0\07p/]*waVGv\0\0\0\0(}}j?E\0\0\0\0\0;>xrۥrf\0\0\0\0\0X\']q-xJ?\r]&v\n\0\0\0\0RdepcW\0\0\0\0\0W(O3<Y	\0\0\0\0\0VtL!v5\0\0\0\0pǛ[~빕\0\0\0\0pdZ	?S}}pie\0\0\0\0.;Aᬎf\0\0\0\02Mh<L^\0\0\0\0.y r1j\0\0\0\0?B.J\0\0\0\0Ms=W61ؗk\0\0\0\0O	,[-b.>\0\0\0\0\0Xp[<T6\0\0\0\0\06D	K.\n\0\0\0\0(応E.&\0\0\0\0\0f})vYA\0\0\0\0\0D;y)4<+\0\0\0\0\0Ǿ\\[\0\0\0\0\0Vf+*aVV\0\0\0\0\0T?B@WV\0\0\0\0\0\0$J\\粒{\0\0\0\0\0V~)>	{\0\0\0\0\0푔ewՑ\n\0\0\0\0I8BNwyx\0\0\0\0\0ہ󐇛i?5\0\0\0\0\0N^ݞ<Y{K\0\0\0\0\0vo1ؗko\0\0\0\0\0>`}n\n}o\0\0\0\0\0>i}vJeH9z\0\0\0\0Vu}<i\0\0\0\0\0ذ͔ק*\0\0\0\0\0|V/!7]*g$\0\0\0\0\0lQɧN?\0\0\0\0\0)/מ\0\0\0\0\0왘߅V>Y{2\0\0\0\0\0b?\\T<	\0\0\0\0.h-_V\0\0\0\0IENDB`',0,1),(2,'MPESA',1,'PNG\r\n\Z\n\0\0\0\rIHDR\0\0,\0\0\0\0\0\0fw\0\0\0sRGB\0\0\0\0gAMA\0\0a\0\0\0	pHYs\0\0\0\0od\0\0,IDATx^xMHwbwf% PBIɛ&KBțU6lb cB1[[Ԭfْ-Kr׮w]rWҎt~v{̽9Νaর\"ṷU6q}oqsqZ߆3<\0O/[Fi肂(CUPTST?A,03jKEfV!P}t%$e@`ذ*$Bae\"l.[vH030_NaQԵ)	rJg$0xИʻ3\\[lH0305҄9\"	00i`b4a1c\Zذ1\rYhLlX3ٰ!TS7Dle_VAY|1^/\\\ZmE5UĒwD%2&\ra{[K[SrmvxI3굣̬HlX3n֪B&%kf\0`6wjV2y7ذfW,JذfPPMIVۤ\r}(dX6aJ~y[凖C =4gw\"6a34n6CjF>T\\k4ƜgLYښ\"mMŵzDrCaYܙb1eOPwPT&BFY׊gL%Ӽ+Yl*!?\"aL	FXˆaeG$3)Ƥa1	HYw7SJ	@$Da-҅h\0qwA(וW˗Iԝذb*Etkݫ(O-M͍-uy7R6XNud$g?LJQseJR$bGt3S\'$eXnO>AgzRNMI1ϟ?haaI\n+;k{%h$UVy~YB te2a1U	A\0-\"	/%#Wu+úM%`6<u<\r+g+Ӻ/%;\rW%F$tnhWfIY\\mz$5\'Vn\r\nhZUR׽̕6|0F́|:kOoH\rP_/-s{au `)vxg|ys~i)ӤJUΠeDv}kpVgM:IɾəV)8bGI@g5:>%Sr+NɊ+cDRc`hDas[~$KTadNdlXpiz\\NW,$g[_nqQ49zgR.׼EF&])Ŵ$eXBa>[]20p*.\n-=$#e\\wܹW|t\\c͚Z}Ӭnect\'[:<y$Wz\\WVjbF*\\~%:}ַ56,ŞAyga#,FXu6;^A\0293\0AeKp;|;tKWO<q	{43_/\"ȴMl\r]gڢPh^-g&gY.߬h԰VĂӣQo~& 5I\'њr[XUA֌M.<*$g3%s1<CMԅâuÎk\ZLr\"6)Fǉ=N0=\nO2TqCHD-㔬ueYF\"9d,е#Ux¥P^νym[SGbu*$M=	*ahRʿO+S݁e!eN>7n>%*7}\Z*c԰i琛\"	YD%BEQi9|GawZ\nqHU6aiWM&@@Y1hbgC6[ؚ̘h	`luX.; `m>tmh\0ͮ`|7ğ߽{h4h0~*#FEIǝych(VE&CB;4!gǳly=*NǨfX/WdZv#E+E+4-]]E4bX\ZlGRtE۝X[E6?}nNa=/[Xu!1\Z\ZmzPoMO;W\\mݲzm;0zu\'0jX@cW7~_ߊ+ƐOGs1PoڽU([h$_*4U-\r+ŁGLC~\ZMf0,o:ia)?E2̲/*~Fu/lՇ%eLrVĨ$\"Oʰ,˘}Xa6Z7RћmD6\\m<(F\rP?OḬ:ШOjtÒ4#T^xiAU3;3{2-tҝ/.G\ZFYtgX4CәUw\ZaQ.\ZmNǛE/Üu2˙4:	Z%\niyXGEUDG5_kO(^QdZ̟LH3M?#ML-B~M~(Ĩaiާ&]nvhVVSJL3n\'+\r8+%	ܰ;L: <tԵdv˰pD5q|i.t<Vܐx^ǴOhc֧	ɘ ۵݋;hն{mn~Q)x\"}Z0Z^E^7X!\'#[{	Og=FADt蘣4%\'L\ZaXߒԓa^C+C&:9ZEXdEw־UBsh\0>쫱H\ZVJ4+ƎvzIS#0K\\]x^.u5!Zv5F\n4\rQY=tL@Q,Op=t?JΰCLqҰShNM#XI5Q.|WH͸eeծڌ+z=bZ~)3]\"drI>Ҥ,\r:iwv̱\"\ZmZmX_`ѲNHaQdRלn*Į|ðem.YtNJM0-`鳮Yuͫk$*?EUaMŵee\rgpMo;1J*A(K|D1Db{C$O&2\"<q\"`fZ:NuƢa\ZFWY25,<XSiCdtfX^uHy(zUE[naӫ\\!󰋷~=W.\'|)Gyިai˻E\">gw\\uaB_\0jaF\'45fMɤHzMK4JYvrǪ\"!O]d<<4qTWᶉ%i#eXxv{<dmX3\';ۡwV\"yX\ZuG\Z9\0Mh\ZZs;cEa_*V2,\'h\r	M9]d<Y4p+G`S+N:6+]g8}17]pwbFG8-yȰeH#:YڕΈEXxaQC\Z1,ܑ/a֖\n{Ѷ6O|9P=Дnj:U\ZmE`7$UrB\n2#WZv[D#GOmJ[B$ͣ>eeWR,~K;M%zD=jrc;vaaEU94~o$41\Zǎ9_j뎦QkXnO$ERgⲍbޠ.ULz>H&gLrl=(-UzǋӣfR`DHﰻyȢG?3r5ߡc>VsQ&TM\0c&AÄKq,~1\nǍm\nk\\lXK6ZFb]7!\r{wER\Z)\ZHHLdpa܊+(8\'Jl6z#Mؕ+4򨷉,z.1,<noXSrx)<\rGif^qѸAhb\\lX#ըด#KKv\Z.{\n&<t`yz܏\n`p\\GgITt~sQrx-1,1v\rK͆ռէR(IE\\Uᗰӄ+ǰ\\[4ISL~>n7E]S(uOD\nn@pRz˭^F]GYi3]HLW6\"pR5$ᵾ.%Z\r֫ڸ̨:K3GB_Áy \'Fa݌#d.I_~Q&XNsEދZQI\rl߿`A2,mxfHhwԠ ?qmNzGvA\ZYBsW\Z1,>EEm5RBE~\rK\"iX6N$K4\Zѣ-Py\Z/5%=j}41j\'MO@^K28\n_}a\r˻yyfD<:Kji\r˫,xfKEbl&eH/aP#EDa._u+5\"j=	\r׮?;\\/6?,aXu[idb|;sayսQgXZ㖔A&݀w %lX:cKpDhuԀzq5]uT~n?o :$J6W$b԰{.<b8#w:A*5ZAذt(b<Mu\0T6\ZJ礅F6hv\nTޥ~PYNDڰ6D O&a#jΫsz268uSS<Gu˫hw1XcJEcyHuhTs>UL7EWyqtGOo}Cʰ,a:+vGȍUj\Z3	\'i@]ַ8MarXH\ZY~2>nr5,2W$I\nMNkMPֳgHQF(BX^F#%Gۍ]\rz:1,e|I:6\n4o~IC+r\'j519W}qGjϠXB\\oe2jX]-5gin/a\ZV_&dFQ\0-Q]	+\\&bzȭaa{f0u\rl1,q\"yXNְjsCw4oφɓqK$>ja\ZT1_Ɉa-˘zV#j,)BCs+O%LEWe.EYdyEZhZ/BȮOaEZCʰ^-diHh_s*3̱!2c.:eZcwO\\!1,IuD\Zk:]1Acۢe1,mHC@rfo}~+ְW0xŏ8|*Q+8fupŰmYWiڰhƕi}H$ğeӣvEV통;WVFE&GG/KD}հ,?\Zun|_GGCXj=	Nrne32Xy8\Z(˖CDa\\/zD1n*<iذt(RE{NWnzcXZFǍ#Ά7\\spT<t7h/7PȬLߊ]a԰\n\'XĺBW>.`\r50\"\njFkDz˰S h=dpUBl4 $\nг{Q>bcK:\'Ql=F/Y5б+Y4G,#\Z߂ΆC\ZGi=~O>C[\01YF\r+$j=]{__{L$esۦY7bU3/W~OzJl$0R{?OԋO^^<{75`ٹLzD.\\hs2\"^[\"ScG.̀V\'֮O_#LJ3\":\rug4\"Rt*oVe&_1{	9h_WְDXo@I7X2֚\"ۛ._8}ש++[}E\"5l+DaOhS/Ґ1,1m^*xe%,Vʴ8p~\"/\"LОOϽ*28}\0Ǭ\ZhՄP7a\Zor^.cP=حHh]3oڴ\nbJ(>M:âc\'oRpHժc?~P70Y	㰻ę߅%v-x.\Zϙ0S\0`7n}aq%yFhTMuXOTƾdi\r roi	.r^zeXI|/agzayzֺǏxq5pܠ$zjhx|hH~2\\4y\0&h3&@)G!\r^)6?,F\r\Z]pGIq\"c\'6JeEce(B1a6O݉_|_6,&Rcdض߰Qh<gL&\'Ǝ%W_i\ZOZ\\l!|}&\\3\'B؋`oEP_9x](Mv:n({ֳm[1~߅ڋǺ\n#ڈkSbg+j\\wY\r2ޘΓa}׫|]d-lX:)â\0`Yv\0?Ed!%\"qiհ%\nw,OS&kODQ3L\0/ξ\ZvN]Mj$<s,ԝ;JI;#Q J[ x==&#7T߈|QòɣOyTQ֣gJ)ol\rK\"lX;1&\");[S)Y,RgLgF\'5:aTNC|j\0*I/9\Zjץ@N]\"7\"t£~Q?\Z2iY=߉QC\"\Zv[o])%\"۰aP$\r?w\ZyycI~Ógq0SMqFW/\\sCWkݿƱkT\Zugɗ@#A?ǡ ޚC]M\"`XDF˔FEgQ\r:\"[)lX:Kٽ:+/Y7}K(ާg]X}$H`<,yč%7Ф\Z7\Z\'K9@Q4-ҌCb(}.4.ᣡvB-P\\(/n¦[5_b\ZAH>8#\nA7:c]Yx,ɥhX>6,am|=JYY4xt̾ڷ|ǥCܹ#s΅D\Z}>zq`vl\n|BB˵_\"X$zσkAÿVB<:B5HHO\"u}m~2Eaw1ki\ZoFlFسaP/dX=w\n$O.ILWgNI`q򽑰;\'bW	8b\"F=k8kHuu}4.3%C/TyPGt(x>T]{5T~\nh[jXTGذe,3V*bԴh;nmUذth \rښWd(np¶x((Zo؝ֲ7o\n4]IK6B=A-s:fT͜\\T_6//Փ.Jdˡiշ?17P	hx~94}l˄MAшqaaGkC2avɛc\Zih)m\rK\"eX4AVko&V⡰82p=G4hrv/	˷Á]8X7ÑzLۊvtL˫7jXyoy\"ulXD3/KΊ٦=Fɀi~yE6`ҡH\Z6!{\")z%4#mXEFaF\"?a6I$aVe5,{\"ѭ>J7=˶K`| w\rK\"jXn>>ar<,\n\ZurmVmqbҡH\r3\rKQW6ŀ#u\ZHn:p/eMٓo\'`!61\0=\Zh\ZGyH$7^˔3e^dXޛmlX:Ć9a#,3ւ/nsnaаRt6,a=WeB\nSWyְa-}u(ƥO;Uyg&6ZF&gČwz2c.3nK=Ov;=0P$=Eذ9ERam7g=ŀ|6UARNh;iH|sy^L9F6Xk4zQCXW64\0ǗtV>C}|&u\rKѰX#45\r9\'ko4ͣ<cİbzN$sv<ʵ&$!d\n亠\rJ\"mT$\0Eذ^w5JZ1aU|H\ZwhwEzMM<5R2\rlG=bPsZ^T[<dҡH^r掹@d!EfXk}6Ǐv־+[8Fn͡k{!-1\">EGhϸ\r\"y`wpcEOr\"iذt(\Z\r+t!}O^q_Pf7,qgA=onvW83Ĳ-yy;K3	~0=\r\rhO\n\rxKEh,Qr\",-1x8wI^Iʣ D5EaC^(BUwiâPb@FƱHTom>\">_a\Zp.seeRtN	5jT$EְT?]&YHEYq]S\Z?p$2K:lP2,NjB0B0Zsr3(oB2 2\",S\0\ZOپidz3Um\rhV(61WEC6,Ϝ,ΰ(®anәV:4փݟAI+6|7hweYӽFn\ZVlO+Ԁ)rsE0$ʇlw[֊Haҡ5+[Ɂcmj:=@FO\"=5>>}OO\Zި!js|j-MXG_G=wqէ\rt43E1NVnڛP\ZFlHZiݿ}(Q)lX:ire̼Ld!;\">۫޴Z!a5nET`KSv.ttd\"FFD𷵻a=EcpuQcTdt4vfs=gҡH,GZd!\'\"xVq\ZcQ=w`+U|B6aO;\rAV$ olXD:@6QK;	ninjJ¾0:=PUu3]AI\rͣB<dZSgMPIOgiRݣLYHcX$PPnԵdQmmk	5k0UH\r):}+x08PYD\rt^rp\rFZfXAv.feKi>\'+jfHGXZ쟿+%u_ϟ}CeZVOga^gL(ȴMW_DR\Z)l)](~_ל?sh}#Uʦ-@pUg2,r8Itd?P}<L,ԍF\Z2k+azj)1;` !E=zGd:E1ڊi$yD\"9cİBnW8%55~Vej5ҥQ(\Z8}17\'gǬè0=㜮NO	I\'Şuڋ1#:]2,[c2\n=菌Jɶc^Ƒ=7v٦ydw,z<ܞyҼdう\"31hy^\"ṃ?DT=GTņ閉q=g`D:67h)6@!~~:[]}_>=J6.͎߳tLnirzKRV$eP%#d@$בpoQy2A.}OβcD0D\rq)E=ם+%-##٧`!Ć̟?씔Lt4?Uw)@mF}N{,OΎ;ZLD+t\ZH0&\ra0i`b4a1c\Zذ1\rlXØ6,aL0\ra0i`b4a1c\Zذ1\rlXØ6,aL0\ra0i`b4a1c\Zذ1\rlXØ6,aL0\ra0i`b4a1c\Zذ1\rlXØ6,aL0\ra0i`b4a1c\Zذ1\rlXØ6,aL0\ra0iUl|aDAYBP3XØeêLZ;T90+_zil\"/[ּbYb15#\nnC1%0)(r>\r}\nRlaHA:G`FYd{s[aofƬYmYdVŵҥ2cv*Vaez\'=K0`\0`ذնRadR!7ma\rh\\y t&23(ΑC>w5%i\nuYhN9*Ц09-]t,a3ӊOl}VF/%Q(*vg+2U_*?\\Rk@lØa?@n]Nz\0\0\0\0IENDB`',0,1),(3,'Cheque',1,'PNG\r\n\Z\n\0\0\0\rIHDR\0\0X\0\0A\0\0\0ˏ\0\0jIDATxŵv%qA \0JH3MB\"\Zg\0`NIsN6D\0VSQizwg}{fvf:UWu{\0\0\0\0@Esw\Z42fI\0\0\0AMU+\0\0\0Y)ѧu:f.q2;Y/\0\0\0@כ8ҴNqZ\\ӵNF%\0\0\0]Mlt6vzӏ똪N˝VwvgNwdm\0\0\0t\ZޯFъ`V5܊h};]\'.D	@!\0\0\0tfk똪9LPfkEd:27\0\0\0AXY6szw0:ENg88N\0\0\0t\ZiNۜU%klwN}i\0\0\Z+\rR|UFY\rKR\0\0\0R6r:acWXұY;3.\0\0\0ڎvĠ9=&XN/d\0\0@;&[e4:@9N/\nDw!\0\0\0\\*GҳQ@\0\0\0%\'9!}*0t\'c\0\0\0(\\MvF:;`L\0\0\0e6ջWutN?c\n\0\0\0dIwIt	pD\0\0\0 to*bW}S\0\0\0\0I{\\\rh+U\0\0\0ȅv\r-A6nODF\0\0\0%T_3މ`W?AV\0\0\0I̕v\rvX7O\0\0@V`VچWD\0\0\0)FfU>Q	\0\0\04j\"*g7EXN\0\0\0h|ӿ:=H	\0\0\04vZ`ʈ\0\0\04Wq73N0Y\0\0\0\\mTd.n~zv燲\"m\0\0\0 -Վ^ջ.xhX\0\0\00,jnj>=8`Lss{{=4\Z\0\0\0á]~Hu\Zq:i\\8E\Z\0\0\0\Z4X/rz$H7sFJm^uZ1\\^\Z\0\0\0p_FwN\';^k> ŏS](\0\0a\reTito/NĞDƪξϦH-BO:\'*;\0\0\05g)/B=\ZzJ()~-0Y\0\0\00CVBciNF\",\0\0\03(Kq݃Ӏ:]46ڗ<t~]ui}\0\0\0\0k\n0\'+aScI㴷پ\0\"AzoLqcsE\0\0\0ꚓ%m7XMeLt=:=!c#F\0\0\0PϜɌ`NVʚpz?]&F&\0\0&\ZgFFM7i:괮ΈHكdm\0\0\0`5u4n@;ʧI8[jzƧh&u?%O\0\0\0uPty0&˥U^~.fR-6YWHX3v\0\0\0kN\ZnEN?t:QkgGA˿\'L\0\0\0Ce0WXvIr#*\ZAQIKH2\0\0\0>clL7w;0m~)J9Snw3\0\0\00MMNsڳB&6V/ R4#R{j\r\0\0\00U?x?d0VM++\0\0\0\Z\Z)y\Zp8SJ\rWc\rJ\"t\"L\0\0\0Q]4*Ua?b\0\0@e5(	=?^cdb\r\0\0\0Ҡu><?NeU2VqʆB7!\0\0@W\rw\'}fJ-5U++hlxKƱ\0\0@FV_}ZhT?Z5ӄN/\0\0tLNڤtO6iؠzF吲jUz)>m\0\0\0*L<gm}>xdRTin~[^t~nUK\0\0\0 X9EƬ\'|yq\Z#\rzqӿenR6|\0\0P]Ԥ0i{|ӏMŲ6beY;c\0\0\0*F6r1U˥ȏ.M>z?Ot:鷑ıUyR6T!e\0\0@ШᦽަSnjlOasU\Z\Z.eY\0\0\0ȉސwMlRx9\r!Y}\n;.lUIN/i\0\0 z3\'힕9o6#V\':!)hc>\0\0h1Fr{G?̤elew(7\n\0\0ڄ\ZwJ1㗴MFV*?ث͔݀,\0\07`ĩ9\r֕2ƺ	i]a\0\07_7(`ݑ`} ]꧳\0\0\0˝WE{mv]^()#0NՑQ\0\0\rzNb#X7m5\Z턹jz]䴥x\0\0m@AK\".GDE7jjߛ\0\0 zq߾ G}T`w\0\0`b\\5XyX0\0\0\0\"jz6tzJ\rtWs峮(\Zd03<1_o7F\0\0\0JDoF7c=xj{֗|\0\0PF\rYb4u>5M\0\041qI3K\rV\'4泓El7J-\0\0JF\rЛ|\"QD%uZ\0\0\0\0MFֻ\n+DO!\'eÿ_(\0\0@htMf,cDOԠ=ט,R6\0\0\0t\n:ks+\'S\nObi-a,\0\0@i}3?}ĵb\0G;͕b&HNY\0\0iD4li=]ݿO\nQ<o%0\0\0\0$}I[7[SV1q\0\0\0J@֒{jFq_kC|ZY`<맡\0\0P2ڕwy)/֣XWD./\ZyP&kfE\0\0\0J`Dn J4?}eϗ֟v%Qr\"\0\0\0M]G~$]ʆ;e0U@+1Tb`.[\0\051X;H<\'0	tut\0\0\0\0971~	LF>Ʈ˿N<i\0\0\0(	51oH`b4rW\rtyDo0Yŉ,\0\0Q\r?$̀w\"ת^Vč\Zbyc\0\0t4q>KoI-E@s:B`hDf\0\0\0@s%Sv%kGad:\0\0@w{I?N/3F)/\Za/[ƌO\0\0\0Q\"b(z_#jv<O:^Z\0\0\0r\ZN#aIdt,Eܘ3\0\0\0ab<O%y]I(Vݵ93\0\0\0hK%.CEOt\n)D\0\0P2\ZeSҥlx@#P)R6Ka{1\0\0&LEvI	nj6\rͥl̜g\0\0\0(	5@Q+\"b<;UkGg͞9Tq\0\0Q>vMs\Zm}Ob5{:8,b\0\0Fޖhd>	b\"<M\0\0$4&F|1э]#/#by-r/*K\0\0\0(`yvitzc.µ6n^b饦<\0\0duvMxԞL5^rb5Q<1!O\0\0x*i::52IyPy16y\0\0\0&:{\\ZSvohm_j	봞M\0\0&Y	D6eæIju\"<Q\\6*G\0\0\0(n<_tid?IA3ϟu4F)\0\0@(,uMȉF2=Nt.\0\0\0I/twJ[]dcE믄(\0\0@L3zWvO=\"IAviN]\0\0\0hxyZO.LR+c\\\\I3&\0\0\0@#LsA%ؿ8մ=9\0\0\0Q\"Ւ扽}%$W\nO6M\'\0\0\rXHm.VX:e\rAj\0O6:\0\0=	zI<_\"Vn̿݄͜A{\'2\0\0\0ФZO./剢\'j	`\0\0\0(~NV<(\\M,5Xӎt6~;Odv\0\0	tz%[Q<<\0\0@IX;GZL.t8F+5uGs\0\0\0\0-D#R6$iS6ֻ\\0P\ZݥNS\0\0\0%z;ݘ<Q`\0\0\0ڃ|?.\'za}	m|im^dy\0\0@I3&\"vNT\0\0\0Pɺ1Ԡ-tiKL\0\0@zdZ5?Xyy\0\0\000SCģĞzcrȉ\Z]6;&7Rzi\0\0\0 r(F9Kdt\nQ<&Ȭ\0\0@IG78=)m([[(ݘg95XN/Mdv\0\0	4qj_I)5[;=#?؋cΏ3\0\0\0)?&kfn<QG2\Z\0\0\0JBM7%MQ`Zb~DK:UwIdv\0\0 9J(ֻuOQf1u\0\0|42Nj4iFu(D?:+l\0\0\0(&R%7WzѓwQ<]\n\0\0\0%э;RZ*ԧ>Ʈ)ކuiL\0\0\0%&hpcn%{I1UʆM	)t%\0\0\0|4Ou|<э]cvfW(\0\0@hْfʰV\n`w/DY	\0\0\04x7V\rKҌ!?e4\0\0|\0A[4)2Iy\rǍXF^t\0\04qm(܏muh5hXy\"Y[G\0\0\0J@\r4Œ&7BKtcģGJ󽖲<\0\0(5AK	vj\\9\0\0&P4i>} D7ݘoR[(\0\0@[LͲ4Viu&uj:\0\0&g%u7	c<\0\0@	hi,2u0i-i}]~IRa=\"	[=\0\0\0d}@z.Q넱XyLֱQ9\0\0@	htNO`pfl8B`&Ujh:&\0\0\0rF\"R6-?R6I4Z^]\0\0\0h5AM`bd>э]#/_	Dt,c\0\0\0JCo~J)tǜ\'#VQ&\0\0(2}>DKTģC\0\0\0lHO_oK~ӥjuziB?)\0\0\0hK)Lzu+DD\0\0\0JB-OO7Zw*|/M_}~,\0\0,):VZ;e\'~y.t9Df\0\0\0@ωL_epV@bb=qt\0\04qyPM֫DOtٽzb5:U\0\0\0(` i2ka/i6e\0\0MhZ/K]qj:M`=j<̓d$\0\0(nlgKs\r7TO~HtcZ7Q9\0\0@IHZbiFO\'G<Ovi\0\0(51b63./!ϟH\0\0\0JAMRejHo7$AnBR64C28\r\0\0\0JDMO>ǚ/<;1YMgJp\0\0\0 FI3IX`<uD\0\0\0yT7Jc0p)C\n\0\0JDDgJn8=5MҤlz7f=Q]\0\0\0h?b~B|<э]\r>&|/O	&\0\0|̖4I?Z^wBʆ<f4a~B\0\01:[H{zcAȉ\Zl1y\0\0\0Q~ģܵE&gW/uzeBfw\0\0(ѥfM{JBN<#\0\0\0F6:-t݄ߊi7kMb\0\0d]/iSlcصsm\n݄yG]\0\0\0hxģtG\no{J!X=`Rb\0\0S%`w/85ADm_~LTfDf\0\0\0@:B%fȉ.Mgߝ^b5\0\0\0DxcG&)ZB<&<\0\0@	MR<QxY\r͟%0\0\0\0Ђfq /MtZ\"lh6>f2n\0\0\0abqZ*iOtc׮[eiaPcQ/E\0\0\0JBMЇ(V\\Lo	݄y\';a\0\0\0Go.w\\LD&)Ÿӣ`<f\0\0\0r\Z~PE~[(։Bʆ<c&1a\0\0PI=} D][BWa\"\0\0ڀFv4Oi\r2yx\0\0\0\0MOKOmؿ]viSa~B\0\0ޒ&e#zG\Z}L:p MYx;\0\0M&ےnuyvģSǦ8]|,\0\0Q\"ߍ4Kt&9Q,G5U;=Gـ:Ӝg\0\0\0(	\'5iAvqSXVg?~\Z+FsCt_^/`3\0\0\0(`yR?4h	\'jAP}Y.G>tu/sB\0\0P:jKti,yRnz?v:wvF3s)\'\0\0\04v!m,4F!iPLeԞv,cpEV}ih1`)^\Z%\0\0\0	%M\Z[%M7fn@X	jhi9s+ŏ+Si\0\0&G.eENtNr	dͧnI8t,j\0\0\0%02D9ޑƯIK}k&K_$Ɍ\Z> kv}RVȚSd:-Xz\0\0@7~	7	njTƮS,ʹܘ\'	ݛ3)ű\\-Gk\'\0\0(s>I͙¾E}@Dh__ƈXC7beftzVu\0\0\0(-iJ@2Jh[Z?kl4UR|KG	n#&ߔ!PG1}Dˌ:inֻ~g\"CKs)r:=DbWF}Px@UĂL\0z+ 0~w!wm1I6s\"|L&Ki\\llGC&e\'n1%M3>l3.h|İFlxכP.)R_ƺ1W`\Z;Rۚdh݄vzqbSdN洫Ԧ/iN65uyRZkio.?!hizi~76?)hs~y?\\\'6561,3!:&͵d3s3oQSp=d71=\\k&nVgGL4ƙk4&EبN+oVZ;lw9?=>ݦL4k\\X1lnפ~Knoz(IQ}cܯ\'nds.2)ǶIa1qLM	̔XsN6edϑ#u_ƙsۜjTsMO52żfZPMyOyiwO26Zڞ&2=j2՜괥&2뇿1}ƳxL>Z$q:>Ѽ𙏄AOϞ\n/--5Yl<47~aW_RofJU.eC[<uګ^&Q)\'A]QZɓ.k=_hʂ}ioݢ3E\rdۢ]fn=i/bϧ̱_`/1ǲ0:V{}x|ӒZ\\De9\\k7iIs\\̹o|d\\l`i._6e\\sG>7C/63ǧaU׿(Su-]\n~+clX~~|.{.b=τץ^?a)fM-\rXln^6=/*E=m.63uboKLϖW[>K\'XCRs> :ѵ^ׇ\'5lE؏Q׺Ysy_`z-}V7I-x|#7:H\nǔ\"{vযOS@ۧpM>;YP\Z)Pq0Dz!PjUt-=\\&Ko*Țcs~>*kE0#HFFMC,9wz~)=\'\rQ|,FTX 1s9}ۆ@!ԱrMkʸ7Donۅ];K	~t4Oih<T>铂^4iT\\n4{̾-:(7ǳ$B#e~Ł.9ya[#]ƩvN<G_}Z]TՋ6?( LBCQze\ṙ\Z-O%&U	os?bBYaPsƈH{̸h,DZ!P{cKdt-8`]`.vwZc76oӱƪޘ8:ϡt\"POݳ֖]fl\"^ޢ\0N=fȚWT:8Ok(Bu-\Zzl<)Ҩ́ڜyj>%+N?6JSF`SX,.b&i&3fys0]?cF~\\sz\Z!~Yk{U&\"nP߫Wl4OY=!@\nm >+ƒ]!Z=ws,MDu\09jctRSYѪ9.L7`֕w%6~=?$BiJ\Zd\rWv\ZQ&攊+V2{L:<)svmh̞.UfBn4Xd-4eoq aHdp~\"lj<n)nEQ/)xsd8k	95ߗts4:H!vhl;ytߩ~S]II_Z\'بIXueDIg(BuzEDYO,DRv(JuNW;}\"z7:n#WuaRXGb?3yDȉBh2XHp}MN3+f,ӑӀuQuoQi-A-B8)NMHUFTitbⴹzT3>mb-\rBqhɺq\'&Vl|~ltf2F;u!`\n}3U7MCsZBQ2#W>9hf]y{±XwcBY,oJod^)Hk|b,ցBvw	E,⟐ u=tӀ}9햨KYs(⣘,ꊡGZkVa/,t8]nQExi	OmP!k7	=Ug]&$lNg2!\ru>uzUOLTGv-&!;ִ4Xzܖ,n¾|w=+EfBa_8mh0sQS	n칺\nOK:%ahZ5\ridI1&~92h_\"S6(20!ԙ+3dDt|zmG4)WMۄ*X,zN| PwVlt)m0W8mno_䦞+eÕt\"֞Y\"lvQ4ȩuepRjP}t+l2srOʡ#X\r7Ź eBu&tao\Z͚k7cFFFa+7k\r͚z	G9\"P\Z}!nu:uJ3ьc2|։	*}>Ip>*x\r݄!Ա^f^L4L4FOq2pwXj9ȸ_\Zkuj5I\"\'LE\rn(bxBK\"`5vc]u(M;.\nƮoyFvpo9iׇ%ӝ!,;ޏNOjO]8]I3)klט)\"SF+X,5ͯ Bi2XӅSE\ZՊ&ZW`ʕ]w;!Чix8\rhe2e|iJ\"_bpO`Rv\"]!=i\Z`u\0$ꚲ븖{.53`B[!$Ea\rQ\'4.:vo!R˶2u9f!:`eN3i1n\rvW:?qX#͏eBEdϝM	\'	ȓDD;`BX!cL4Z7qהOٰ?M?xlZ4OiBk,E4Y\'%bi]\\8ߍ\"e!:`<_DQ,\'Q\\fOaTs91q!c&{E#\'(V.urscƹ@a\"ΏbiD䦞`imI3Gqq!Tq+;~N9i;2zw|~	ËB,T~7Wn禞u\Z|踸h!T.=OvvkhLT\"j\Z3:ќ=3aI}0@#Pu\rVT9$\Ze{Ks*<$2\Z!:)͜a:6\Z>k	!mCŧ6)^y@3XD#uGԵ\"\'kMBEOu|d TS\0R/r)^\"iR6h=>B!*)VLRbɍ=׹`.[\0Q,А0Xݫ})`w]Ǉ&Ӌu۪a>sBc;N)LM;IXE\\wz!]ۙοE|ԛ(%26\ncY=-B>EH&]~3SM?:qv;iDȍ=:5`wlBˏa\Z\rs\re|\'=Rx!b2XSDM	V\'>\"3ni	lը!Bi@09Uln깺lv(\Zwq.B1XyҽRO& O[Ie>ȹ@!iD7v83:WDm&\'vq!*;՝fM-KLV.sRuٞ`\"d5B\0VV˅Q֍uz:Q4Qͮϱ&!j2XlVpW-GI\"J!ϕ>,B!}qkGӍ1PQ{AMeNbru0u<[RBhHq2\"^P7˝t:A;]t~3?fA/]U䗿,NA%u>(efGt]u^h.Qouusþrk>IcKңKtM*)Q\'*zܯw:S?|v2;W߾7M;/^bŦoQg`ۗ]߅7~m\no^]?tKo6/	^lSzt)vEq6׬:/\r5<o_bsrmΎl5e<z)Mh9m::l|SwzD6obS~F˟tYN j{-6g:z)\Z_/1K|^2}h;\rq}k~oEf->kr>/}̹ٗ˾Gj9}Nct7WI_i-XMGΐtOq\0J6mI4\ZöN4\"DLGdyF\Z1L݈?}{3krc/Kk߳`eJکrtFIP-?XfNJ\0\004#µvӢQa#X~<Hɞu`d}(V(\nb\0@jA}VN`JmjVw22cͶA%\0\0fs>T9EE8M>a{(-\0W>a	C\Z;:5X>7HOTO݄y\00XjU\0\0P.qkA\"Ꙋ뻚H#0\rq\0BS>zʙk5X;A`^S*l6WML:\0bQ;\Zdfr\\SngL1XL{i\'\0\04XEIbzT\nO晟wO\0\0zE|()=]vo0Q\\).(\0\0$<\'i\n{\"d{oVWH-\"J$	U\r+\0\0A=vH԰ȧ`f%\ZQb\03Xy2X1FE|\0\"X	O)\0\0T`U9`z\nZoBf\rݴ\0V\"L=71,X\0\04XE`&#qXyrbBQ\0`($Z9g+r0uN3b\0t)B(2_I+Wʆ9=/!Q,\04\n2X{c({Nj(\0@rr\'\Z-\"\"$OMba&m\0 *j.}NK<XP\\1Bk\0P]u`VꯇTƬ\0@5\r֫Vccz\Zlo7ۆBy1K;\0\0T`\"`5k`Q7vzR>\'O+!\0J\Z,OJN,\nw\rQ\\B\0\ZLnyt˝R6ɋPt\0T`[bQYBʆfZ@;\0h9i\Z,b\rR64Ӗ|\0@kpIm25*X<ݿD[\0hk`0ux;AW.<)|mM{\0h~s)pֶRL,BԾ(V(uq#\0\rֶR\\i\ZJ4Sz0٧	}yƬ\0@kK)fe,\"z,~J+WVH\0\0`5$j\r\"(L!eCn\r\0\0\Z2XEM_*j>Q\rj?N/\reH\0pk6\\0\\z0ɺ(\0@e\"XmUBeg{s)|tx\Zm\0{N!Qe%NS	0Dro\0@S]*j;f]a3ƦyLjSyH\0\00JE8l&wrx\Z#k,k\r\0\0k\"܋T1\rD8\00JhtX5]lT90amG\rF$t1\0\ryQ,\'dp7&qP1\0Ś<X.u0+7\0\0aJOӰxO&:j`_HOx\0 `!`Xbgh6u0+%hk\0\0C\Z4iCQ`\'t&%l\0\0?cv-`1Ui\0;\Zr\05\r@\"F(׺N\nms>Y~7\05Ջgn<X翌ke0&\rw\Z%v\0gJO4aU\n\"X\nψ:\0\04\rd1X,>~O\'e`\0Az03MCQsb(R2GaO6f\0\0e4\rjc:Q\\\r+l\0\0(`EH&wh%\rDr@\0zi:zgob ڵ0oA\0XRzYhaQ=E)\Zħn<Q\0\0k #+/֪z\0QCAT9PFE)lc\0\07}{sA&MTQ|a^{\0H9!GpQ\\&XX\0j\"(Ta˄PR6^~{(GX\0*`eRO~Ԩ11Q\\O \05D<E^/	uk9橩(֯M\'\0jvO+`EH&wHVylύ\0|)=~0OʆKC:@FR\Z`1!t \nGtL[7XToH|GDph=@\Zz2Xӥ1XPT5DrEn/\0\0=*\"gT9Eu2UF{2cO<:$\0:vDCA\r3Bʆ<1F\0~;}K\"XAh>VnuT|1\0\0 `m!rF\'`\0BIlz-\0z`=pZArƲUg$m.3\0`}sB\'7j:eoM$\0E%\Z3`\"dD0o`Jpv|A\0\0r+`-\n%cH˄nfXO8}@/v2~,UTQ\"4\'+X\0CAEfr?d(B#՘sd\0\0xV1XP0Z/\"t736\n\0b`e]B嫯{݄85hd7Bm\r^DVC5\"O)uQ\rht91xSEXT&Nxpjpۄ>y*NUCM\r\r2v )a]ߓASv645Zns \"n{+}z7omW?)fi)m>qyk%8}`5tKu>tIɚtZx?iӱA,N4?&ҬLAqh;3vN\n:&|~\\X(Ͷ=ی	᷺\'fyYqa3gǄN\r\nhS\'ώ2ߜh9#:y;vיx<g4kr86:Nm_<.,{;ޣOkVt,ǅOioǆto1ztr[o0O193{>;5hsfSL<Na~\nyJkgg7pkGQR\Z=VQFjUV_кN8=`3[s^0\Z?~,RVxxݲ3aὮo>FfYϢsy%gº0^A?kֿ8g9;~*XME<>6BNڤ}d+0uFhTQe0Ukݪ!ΫUml ُU܄C+[&ljnB_V%2X:a˃Vµ}ȲdEE}0_a\"^_m;\'6Xw/`4\r*RQ!Ѧh{EqpeM4SI4Q6݄spX)<@Qsf&\Z^>?g\0SA_* u鶥Oװ<gy?G<Qa+(kr`UjccnMu^EԏxvPOGx*S=:Ew.EsDˮJ3u\\?!ה_a6XE\Z)¢*6hoNk\'jagWM۽]_o0}B8÷oVoiEE2`EHgr=2T\nV-7&hZwn¦\"9砾#Ҁ͕	{&Ri\Z;gu9UN4hs\Za0Dr\"Tmy@smiL.Bwtvs,i,+e=Y3ܠm{}=VEZ^>tYlژ+\Z3c&tN0NJ-G[\rR\rUfy݇sD5.}Y~~mX_m}$|wM8tQW=Ώ_ޔ1|ЬKa59+«G:6y9mzSn7m\\mSoumݕ|w2awZF2\\{ta]7ۿlz9Wu]a5y)ztk7D_Cf9=ƫM\\$}Y5rPtnm8th#RrOcXVUbb55Bhk\0K\",=VQEP&ڢx<)i5vskF|HpF zJUhu`V*=CoDCqXW$6X\0\0UafaQܫz?7	O6\Z&DZ\0ja4R&wF5Fj	f&lK\0^m‒\Z֎RL\"iXn	?O.frOEOi,DT.Pf\'5t](D;mb`y54Tq+jt,Q\0E4XI1ܫz>S*tM_/5\0]bRa`UAs$dwod7`@,wRN\rk,\ZE!T-Ϣh\r?m\Z\0VʀRۦ`AX݄D~VQ+`EU`yt&kX_\0@ssURa&c=ia)֮ږ`2`5U>FkHu-,\0SE~YkKI; <Q8@;=/.`eCbOef.1XH1cP\"tM0\0t8zP13tBLVfN2\0`9\rf,F7?.lM|R-i\0\"ܳlE!tPoc&<&*+\0\0֠&DBNX,\0`U`-`A4>0nbՋ`]_<\0\0:`m#i~;`m\'$\Z/-,\'\'Ŋ\r70X\0@yUT&wt0{c\0Β6k)fvi!Fw6U/\neC\0V4\rm{w`A,o ^%Ųm1c\0\rVi\Z`y):!FPWbdԦԢ-\0kMOIlJ&wD4N7c=_@\0\0z`\r;UNQO<X1Xwqϗ~P/F`\0ïەmzpt(P>-]/Fc\0\rT ,t\nw0XjJ[7XJ1F2X-jFًt|dp$No/ŤiȌ`M!3\"Xm,Ϲқ޵=?r\0j)B?=3RSa\Zқ&Ҟ#XEiطlE-uw.1\0\0\0*j\"!tOY{P/H30X\0kG)y֖E|,zJh/4]\rl\0t zE֌\Zں i<Nz+,\0`w2XEML6LzHzgBh5X?=@]õq.ӗ]j\rj\0N3XEuf&\ZMrn:C\nd_9ǸA{f\"`A//KwoN`\0C\rVQi\ZJ7Xno^8nN60X\0Z`{\rpo2ƮBmsЦ\0՘*j;yLפ{\nn0X;Hc2XE@_~lw;c\rh\0С+uKYȹoztx,(6\0\0\Zv\"\ryW^0X\0С+uZ*`6c\0jRRG)B4~Y,F|\n\0oQKσ^7Y7g1X\0j,Mv,\"^nhmD҆Ex#m\Z\00XE;-+`.УhIHKO\ncc#;\0tIVO;SS[8-\"H>Yxt~W\Z;<Xf,\"^/,㱞1X\0\Z>ѨyPgވrtڮwzqkD0*#B4Xe),?d|\r4.WP&5Y`\0t}VRD:w_tk^tԦ9$?(e::~aN\'^tD_1#Ìgm2(Wutdط#燚uMo=#F؎1epdaf_}͌yOϯ6hgmnHsszX8Ya_	Ɩp\r61YڮszQ\"g^9鿜u:>#(Sogs<+|?#,H~VxylZgk	ͺ3{\'o\Z0##M]˟u\\tc8,UgPoǅ>;qa۟e8&N	=ߑzw|cM^gd9,;#:o\'0}ltOulc͵L3\\uhS6|:Z?˜M<Ӭm{3N62c:N	<`H650s>ӱ<g7ư_Ǆ~+W~gOITW}s=tB.{#;鬉0X&?LCkv+z5*)iVi\ZV`}\njCm\Z0oԉ~|:di<e˾LX<z+ՊǊ 5X;K1yJ\"\\\Z]B7>v<q(]*\0y}1&KIs1XzMAOj5Է_`*͎2r`U)Ѩ`x?:k/k2D[ꋄ^|NXBt0\nрn1=XE\\s@Ji\Zt~lS\\QuX1!Ji5v[!ytפaj㺷!qmJ=7\r\Z\Z+عz&k=Uhefa:寝T`,USU4XDPa}Ee]p.!ԉ+s.`e\Zmdp4\r+6Rm@>7BuhةBMuA%4X8AAF.,?2])\rToI31Su[2=s^w^?~/E.=Ya?:`+u\rΗ#~ʼכe0hLcj4ߖ5\"Ӹ[O\'Llź`1D^H-+uO6NU`Q\'Im**t~,;h^s&s2ş;.sa>;l0_CMyceu.e²GEﳝ/:}>ןNuy7t4m9xŬNo<[;\Z+d?o%lzkKm^w2k{fhc\'71[^o\n{wrx?{K{}^S;$԰΋\n@B<%kIao9OlGY8k)snYe՝jc瞛~{rx)YaN\r\ZֶN;?DSF?ۛzOyO2ع\nN\rz9F_GӲ:=\'egfD1oV)3zlv?N0%_~9f;I<.`|kv\\3ugIqԝ7:x|TEfro[\Z\Z>>e՛>++]>_H,\0FTlzzVV2g\ZTuؚW .}/FUiD @ga)}&KPP\06XÎ&K_?\'.k~,\00J4\ZiX`qRt,?оs`6#\0)kǂVfe*\"/c0X\0I/>}Rn$K.½{@Kma\0\n1Y/Z5YE]h\Z\0@rzagn3Y!\n6Y:\"\0AG)e4)&,b/kImIqO5?iC+\0ЉhmMMn:?dfi˴e\0JSr628mj52@&k{@w5aDz\0\0f74;gm\n2Xĩ,.~0?wdm\"_H-E\'\0\rְOe1X\0^@$d05`R3mY/\0\0ex\\\"4ghhס^qz\0VӉFʃhѲ݆ܴM5Z: ~h:\0:`|o]\'UD&Na\0FܥtcPn\0\0	>Z*F45´E1xuN:=4N;_i\0-lk\ry\0_\\zg\Z3\0n5󞑑` 6՟\0t*)5\"X0X\0=m\0\0`m\\JLP\\`1\0\0\0`5)v.¢4A0X\0\0\0PUTa*ji\Z\0\0\0*+uba\rVQ]$\Z\0\0`e\ZE\0\0\0U1XwnES\0\0\0нk\r)&\0\0vSt&F\0\0\0A\'c\0\0\0kgs:`n),\0\0\0h#E`\0\0@a#XvN`\0\0@T]`\Z{c\0\0\0.CRN~H!\0\0\0t]esK\'b\0\0\0\rV=3\0\0\0ڍ\Z$m;dIa\0\0\0[\rVDw2XӜa\0\0\0QRzk+)f;\0\0\0My2\",j,\0\0\0-U	׷{u6XsFc\0\0\0kDD\0\0\0\rVAF\0\0\0,&{\0\0\0h`~mF1X\0\0\0n\0\0\0z`mW*1X\0\0\0P:\Z}֖BQ\0\0\0n#X;eڠ\"\0\0\nc_ݎ[`\0\0\0kGp딑ht\0\0\0HrR\Zҧ`\0\0@UVQFg!\0\0\0bJ4iJӰis\0\0\0 ;H1c22XD\0\0\0*kk)&Vfg[_\"\";\0T;!TmsY~g,5?,\0\0}m2X y\0?[q:iNg;;|v~vEN4߿3w9>e;;۳²g\'|~wVXNGf>	:ϬgeN|9zϴ\r/gMYmp>2,3wi]٦|cޟkh3?PgN}|G8_gcƹf9|Sgch==SmMLl<\'=>yWhCo4&\nyEXDքLUT&{:\r*P:vuyLVљ2XE0X\0PEsSφ.B(hU`5\0UB/~GkԊDXРpKXw.`e&c\0֡Z!BɥQT3$j#X&b\0b56BhM\n\Zf9 `\0z-BX\n\ZƜX\0h(*`}L{m\"*\Z`!Tv\rV4\r\\k$T90X\0P5/@WКtT\"̌`\0UB_R\"l&J!j^̶VV{W0Cطo%i$1X\0PUxqOM`,UT9,\0jk]=t\'I9|ӏ\Z8vیn۹5莰]awvneiqKnGyKXf;.G]p<7e\'\'>V]܏w9#c}%Zw|:o[L9nqYa7f?s`ge~d}K7uwc>gz^0ۿ͔͏C\ZnN=5lR\Z\Zn7Xfo1\0\0\0`Ń\r!,\0j$kDv_p}Y4}M*rckC4Y~\'?8sΡidE̹*\0\0o	,c\0gL\0\0\0\"X\0\0\0Н.¶D6`\0\0@V	&\Z`\0\0@ԉF`e|7b!\0\0\0t**Yk4\0\0\00X[K1y?3)*]\0\0\0PU\\,\"\0\0nEN;e\"$\0\0\0<Xd\"X~\\\0\0\0T`MC5X~\n2X1X\0\0\0PUA~\'s{Q8M`\0\0@vPAC\"1X\0\0\0PUT4`\0\0\0ݨ9*?EXTQ&{\0\0݃?YHw2X3T\0\0\00XE7`5\"\0\06Ra\'{.<,\0\0\0V5l(E&w\0\0\0v9aQi\Z\0\0\0`i^Yɞ\0\0\rvRraQ=\0\0\0dJ^\"\0\0\0U0X*`S0X\0\0\0Pzeg*j\0\0\0b]*j.Ba:\0\0\0*`\ZEX\\<E\0\0\0U1X3\"&DpziF\0\0\0hF;=Uo(UD&ǝ^\0\0\nqN`a\0\0\0*O7\0O.B\0\0\0Kԃr簝=\ZPbC^rl/$P&itۭg+/\rG+oWލyCs$u\Zn$g}&%9!2LcyǍIԖ\Z5p>dG3(c\Z9GE]c%a[k\ZȽX\Znd\"G2QJ\r+,/}Q5Z#dͧ\nhM\"v#(\Z|}}KP}aˣY֗\rNZzfMp_\n(#3fb˱Un6\Z=77Y`eN:Mb=NȂ.`I{\rG<67N/4FLC#3O9ɵҟp;ޘFX6ʈ&ʬ^f?}\rɈe\rn9Uj=k|5Xd]NuӍN?pzgx7t_os9z[X}aw8tӭf=<`~{yWnsٗw}a;vcctYN8,s-;~b>7|wgx}hm=헕=I8sk||?saρ]]fBi9>\\1}g(3=y)rwuW=f~vt_6r)9Ֆe,O?\r}ԇ[Bԫѱ깿->h^\ryg})?Ns>mߔg܎l]53sq>d/Z}uty}ش9\\9kCusMԲ-\\n7upc\'*s?Ѷu){͹ߜ{McsgTunS	fC]c2S_3׀[͹ߔs,=C=}C̓<7uQ9k9	%}N]wqNtϜzoُ7e<d]{-{f_3;6@_rLXs1X׋d=B!&7\rEXR\0l}7jeǸ\"s~+˕9]+[wír}u|eIqlE2){	2﯍^qoΪv,BnNʊ`!Bu]VQB!0X,B4],B{!BO\"B%6Xt\"B3X{eI,B$i,\"B!P:E!B!P>u`l+B2+(,Bq\Z^gbB!\Z7X:<8B!PS#b|_=@!Bu\":*XkU!BEaNqb3&kByN3ja~~BaEf]u~hѺt[2Ѳv㬷EǤ=^oAEҲy2~~Xע:۶eehc^ugaθlzQ;X~>-kq(EwvmY/4hSNsqcAǶ~3{:.67{2yN><7Z~agO9yQ;w2BSvn\"6??ZBuڿ=/x60Tuiiyչ,hk!ON[WͭKk>]qm\\֯GGۛqYNs~}gzm~t[zmSogECttQOֹ.m8OȜz572Z7Qo5/j뾧봞LN㝶uikN9m⴩јߏ\nH?~Q{c#ؠMgGm~h6a:폮y|z\'8iO_Æfr]o_f3kMꔏ~:^ˡ:76ǶorokP:9Qa~nXթccmySQuֿY߆QĬKy:7Ɣa	1nZs׻1xF2eӶ1|9[gu?ls9*͏5mt>ڴ۾<ƆmߍsFiCԍ3\Zhg\nii[sQTG퍩&}m~?Μbkl>0*ﱦlFשNh:Mh?GEׁqǙ$*:<&d[&cFQGF^6e1uA?6><}gizչ׻nky,N\Z9izJ\r[\0\0\0\0fF+Vſpkd=C?}־>k<~_s7_CϾq:u{NLy7p[mGʹ&~ӟq%65c7V5\\ql|<m{lDo:>ԱC}s_X%]Sw\0\0\0\0IENDB`',0,1),(4,'Credit',1,'PNG\r\n\Z\n\0\0\0\rIHDR\0\0\0\0\0\0\0\"Ō\0\0!)IDATxytuoˎ(GPhqDٺM6IM\nR%l]R%q;#.GAϑqfd>mB߽qssν%33336eCgl>gԶUچ]2uCx·.^v>\n12firy}ψQKTЃma\'Mov˴ߛ>앜>3mLo~C/3uw߾j>_9u-¨%}:fqwnrffӛ6;>鿡?Lmv=d򮣎s\'ĿcϏZzE;Կp-k܉\\_u6fI+s\'{B\"ff]N솓W/Mk>տoĢ7jiwF-vs˿u;a[ZZz޹ծ<\0!/U,;@ff \0݃j!s0jIT\0tx߄\0(D\0,03\0\0!\0ffH@@	\0!p\033 \0!`f&\0@ H8\0\0	03\0B \0ff@to\0NL\033 \0!`f&\0@ H8\0\0	03\0B \0ff@x:\0\0	03\0B \0ff@$\0BL\0c03\0)\0ff \0BL\0$@	C@\033`\0!`f&\0 @! \0\0H003\0	\0ff (ǝ\0H(03\0	@t\0ff \0BL\0/03\0obk\rUMt\0,/I_x03\0=\0q!!\0|BL\0$\0\"6\rX. @AB{M\033P\0\n\0!`f&\0\n\Z\0B [ @A@d+\0\0(h\0l03\0\r\0!\0ff \0BL\04\0@@	V\033P\0\0_\0ff \0BL\04\0@@	\0!`f&\0@1C \01\0\003\0B!\0ff@\"2\Z\0BL\003\0B\'BD@	\0!Н!Pb L\0\0!!P L\0\0!\'!P L\0\0!;!P& L\0\0!.xZ03 \0.]3\0@!`f@\0! L\0\0! 	\0 03 \0f&\0B\0B@\0@!`f\0! 	\0! 03 f@\0! \0\0B@!`&\0B@	\0 f@\0! \0\0B@!`&\0B@	\0 ! L\0 0\0\0! \0\0! \0@!`&\0\0B@3 \0B@	\0BL\0\0f@\0 0\0@! \0B@3 \0BL\0\0! 0\0@! \0B@!`&\0B@3B@	\0B\0@! L\0\0B\0@! L\0\0f@\0 0\0\0! \0\0! \0@!`&\0\0B@3 \0B@	\0hBL\0BL\0BL\0B\0\0! 	\0\0B@\0\0&\0\0! L\0\0B@\0\0 0 \0B@\0\0!P!&\0\0! L\0\0B@\0\0 0 \0@!`@\0B\0\0! @YlYE8p0k{\'_k81bƼW):d{^qm^qeβs7ϭ{=72rnUEOx*yᑜͭ_hs;sQ)А;9yR\09\"7!Ļǆxs\'Ɣ>sUaҜ˿!~7\0j}SC\\0& x9*UGD\0js@w81ĕ\r!~:s+Ü9Ua`W`UZ\0z¦-?V%y9*e&֌!,[Gke\\\0`Pk\ZL BlΫ\n.EfF\0	.\"켐*i,X~C@@sUa^ˠ0\\<8ѷ*¿oC@v`_V~1`m8݇\r?pHtkvnR2\0l{6vs 6x[87pP*.t6Vڣ81R[vQkexnGPj64F-zV0POF­\nD\0\0IɿXtwQ\0cVB4\0@2Nޥ\0PcT\0$c]\0fnUX\"\0Huzq\0@26Nt`\0 )w[m\0\0H;}]\0`a\0 g4xwdhsmK\0U)-|\0@R<@ӯ\0\0̵]\'\0H&\'.\0\0$ߴ\"\0\0JМ\"\0d7ɿ	Ua\0 ){6O\0\0_62|P\05;Tf\0\0p]m\0@RV^Tm8@\0n|p\0 +PB\0 k=/-\"\0dlM\0MD\0\0Iqk*\"\0>J\0l\0 )^+\"\0|j\09\0@RN\"\0\0 \0@\0\0\"\0\0D\0\0 \0@\0\0\"\0\0D\0\0 \0@\0\0\"\0\0D\0\0 \0@\0\0\"\0\0D\0\0 \0@\0\0\"\0\0D\0\0 \0@\0\0D\0\0\0C\0 D\0\0\0\0\0\"@\0\0 D\0\0\0\0\0\"@\0\0 D\0\0\0\0\0\"@\0\0 D\0\0\0\0\0\"@\0\0 D\0\0\0\0\0\"@\0\0 D\0\0\"@\0\0D\0\0 \0imzǻ\'[돈[ƾ\'~qVqSrM&/]&>5^688o\0\05w4+0qf͇j>/{tKǜV\'\0ayA_\'788r/\0У7o՜/|@x];D\0@wZ۴_ӜlWV\0{bSsx[Q9PjfTW\0쪅R?	w\0uNO7W(\0vdvQq)WO\0]R\'Neʷ\0~n#F*3OsR kfW-4o܁ɀt]Uy\0һW3d\0SeCE\0Po\"x{D\0Pַ]]s>@\0U˫8@^wx_\02 ̨9сD\0\"\0H̆]\0\"\0H@˼D\0o_@\0\0@\0	\0D\0IA\0Z}7\0 53k>\r\"\0H5:`\0R3] Ԭn<\0A\0iIqWԟn>3xqδ3㧮>+.ᬸg3ϊ\\~f3	N`\0L]]s|Y|/;#~YqCkw_~bh?9Cg_2(.prC\0%|ey6xύgoo\ZytNwE>\"WΎY4(L\0h*\07(>?#\'7_\ZbpO	o@f]Qݯ3ψ,+?-G! \"\0Ȕ9GuJS=UwzsgǛ.s@F^4tXyYgX?8:_\0\"C%y]0Cu?\Z\ZgE\0@-pp<o/]\'=!,U)\0\n\n+wHC$E\0@OI]_ns?\Z\\.\0C&k>Vc|ܧ\0oo?tR\0tār5gy,\0qj\0F-@BrggY\\\' \0uGgm~gO]CB@\0\0t\0Z/hh덝@E\0n[L7cC\rF@\0˪O5\0NooA\0kwXOwV^O,\0v2y0mK+;\07w\\{z_o;շPP\0mgw쉿xh7Å\"\0\r\\Q?s/.w\'@w#C5\0:6{\Z`>^؉U\0\'k?`*o,n\0\03lS_IN\"\0Ӫ3w{![`E\0@ԁo;I\0[L>93)\rg>\0=mg\0-onBwĩ\rN\"\0H=ޖ33P6/D+09}vo\nW;ъ\0 YSOsG@d+T̎81Ck=EP\0IZxPfvoS@1߇8ي\0 E)XfO(a\0x_@\nx\'N=~@rW]5NoI@\0ɹz@&t|Ov%~\'XuI_A\"\0Hƺ}2q~\nȂ~+E\0As\ZP\']\0ֺ3qv`\'ጘ5u\"\0HcߓϿ!,\0(gX@\0$~\'J\r@pp7^zo|kHNn@VR,D\0pEu?(:%?@\Z\rsJhǊjͧ 2鯜UO\0=bڡ\'goSɈPO\0=bfeߢo<Y\0 T]ܒ\" K&D\0Gs͐l+9kx\0\0Ê~?ۜ|{D\00L^uY\\ $QL6?\0Rm8|@\'x)N\"\0H}3qB/IW\0hϩvbr^6,.\n@R.ql&tsq`=pE\0d@*?	U{8qD\0AExom~\nne?	WnS\0l9Y\\mk llf`zx}0\"\0(`&v킅]\"@\0ɺ>7IЮm:V\0󓀟@AvRfzta,Q\"\0H>©\r(m-\0C\\PokE\0@Βqewä-\'*\'{=!P\0l+6d]=ַ=u\0]\\U\'ScO{n@wr\0\0Ƿ+=\"X\0l=2u\04/F__[\0\079\"sgw[E\0@O[9aL<VIU\0ծؽ\0ǫ\'@\05f`X7vC3<\ZX\03x)o.i_:\0\0녷wS+=?<ʝ\0\"\0`7۴O,5׸cm@N\"\0`7\ZuTt뀎G:ux \0k\Zc)=L(<E\0@ٽǪ?5\06&ǖܓ77x\0v3+{്$\0zڦ}3܀~S\Z~@\0=֚wԁs%3:3\"\0@ښ{FWru/E:\0th\0[2<R^$\0H %Md(|⻯i8nGJzSO%Ń? ?D\01sk)kѺm@Ɓv =K\02lF1eum8ɵw@[``r@0q8Ǘ,ydmOF7^\0JֲfuvwMx,n`ǃzy@;^ȝ߹}> .?^>D\0\0@\0\0D\0\0@\0%hu~q9v\0z`)mD\0@7Z$\0\0:{{\r\"\0p  Ĵ9AD\0[@\"\0HUcXD\0z\0ҴdAq8\0R|ѓA\0iZӸo:\0R+~r T-?u \Z㆝ 4~n?(n#`qN\0s9@Z\'<\\M.\0ަ}ʾN$e\"\0H]\rox\'2aq^e\0\'~CN$aƈD\0PP[K\0~xg#uҠ|wt\0xO>N\0\"\0`\'n/9<6}8бqNeo\0\';(Ϊ:{	(MÏTw \0\\Y76s\rt9+z&\0D\0@7Z9a888޷Yt\n#\"\0,@氎o\n.>ULAzRG*~\0\0iߎ1vԑ>~|	\"=sW8b7=\0;״O	\'q!M+}׏|Kb\\+D\0\0IY0&I܈\0\0D\0\0 \0@\0\0\"\0\0D\0\0 \0@\0\0\"\0\0D\0\0 \0@\0\0\"\0\0D\0\0 \0@\0\0\"\0\0D\0\0 \0@\0\0\"\0\0D\0\0 \0@\0 D\0\"@\0\0 D\0\0\0\0\0\"@\0\0 D\0\0\0\0\0\"@\0\0 D\0\0\0\0\0\"@\0\0 D\0\0\0\0\0\"@\0\0 D\0\0\0\0\0\"@\0\0\0 \0\"\0\0D@:^\0$`\0\0r(\"\0̯\0[=!\0HJ\0@2ښ\0 \ZX*\0HqN۴V\"\0d,s0L\0j*%\01K\0\rMN]@[Q\Z\0@2zq6ϷԆD\0\0I4ɿ[`:\0*4\"\\,\0H\"nsûD\0\0IhoN\0lp~>$\05;UkD\0\0XR͜p\0 	\')υכ\n\0hoyut8N\0N]\r\"h>,\0mN[oke8B\0{\'8w#`vx\0PNxO6k&\0HjjZx\0PsՓ-a_\0@;w#\";3\0JZ~p]\0Ph\nq\'n	ʰ1|\0(UCcVm\0$q!B7|(\0xC`Vaw^ahp&\0\raw)<@	7=ٺ;*\0J++Ë+n\0YwX\':2	ݱ\".\09O`k-ޛ&}\0Ț\rMA@_Wݽ5w}\0Ȓ{\'x`\0?6zb{*[\03[=.<@1ݗ\'\0sqn\n%B\0\n-E5N[}epR(Vօ6M/@P\'zoVa[Qښ-\0@wO].s/r9!+da\Z\'@OU[x^EhD/dm+\Z;`.kW9ssûB)leC1[~}TanUonEn\rRp~=>\0t^ٟ;?!UṊssGA=bnpҊ0iUCj\\ؔO\0V5ԇԅƄٹ֊0={N/˝/iV̅};\0\0\0\0IENDB`',1,1),(6,'Other',1,NULL,0,0);

/*Table structure for table `paymentvoucherdetails` */

DROP TABLE IF EXISTS `paymentvoucherdetails`;

CREATE TABLE `paymentvoucherdetails` (
  `id` int(11) NOT NULL AUTO_INCREMENT,
  `voucherid` int(11) DEFAULT NULL,
  `itemcode` varchar(50) DEFAULT NULL,
  `description` varchar(500) DEFAULT NULL,
  `quantity` decimal(10,3) DEFAULT NULL,
  `unitprice` decimal(10,3) DEFAULT NULL,
  `accountcharged` int(11) DEFAULT NULL,
  `invoicenumber` varchar(50) DEFAULT NULL,
  PRIMARY KEY (`id`),
  KEY `voucherid` (`voucherid`),
  CONSTRAINT `paymentvoucherdetails_ibfk_1` FOREIGN KEY (`voucherid`) REFERENCES `paymentvouchers` (`id`)
) ENGINE=InnoDB AUTO_INCREMENT=80 DEFAULT CHARSET=latin1;

/*Data for the table `paymentvoucherdetails` */

insert  into `paymentvoucherdetails`(`id`,`voucherid`,`itemcode`,`description`,`quantity`,`unitprice`,`accountcharged`,`invoicenumber`) values (3,2,'RGB0001','RGB 200ML','20.000','335.000',12,NULL),(4,2,'RGB0002','RGB 300ML','30.000','520.000',12,NULL),(5,2,'RGB0003','RGB 500ML','10.000','850.000',12,NULL),(6,2,'RGB0004','RGB 1000ML','10.000','680.000',12,NULL),(10,3,'RGB0004','RGB 1000ML','1.000','430800.000',12,NULL),(13,8,'INV001','Payment towards invoice #INV001','1.000','16360.000',12,'INV001'),(14,9,'0001-TEST','Payment towards invoice #0001-TEST','1.000','1800.000',12,'0001-TEST'),(15,10,'0001-TEST','Payment towards invoice #0001-TEST','1.000','1600.000',12,'0001-TEST'),(16,11,'237928e4','Payment towards invoice #237928e4','1.000','3400.000',12,'237928e4'),(17,12,'8767','Payment towards invoice #8767','1.000','4300.000',12,'8767'),(18,13,'TEST001','Payment towards invoice #TEST001','1.000','900.000',12,'TEST001'),(19,14,'TEST001','Payment towards invoice #TEST001','1.000','300.000',12,'TEST001'),(20,17,'0001','Transport of Richard to and from Usenge for training','1.000','1500.000',8,'0001'),(21,18,'0001','Transport to and fro Usenge for training','1.000','1000.000',3,'0001'),(22,18,'0002','Purchase of Thermal Printer Paper Roll','1.000','1500.000',7,'0002'),(23,18,'0003','Staff Lunches','1.000','700.000',3,'0003'),(24,19,'0001','Repair of TUKTUK KMTC001','1.000','1000.000',7,'0001'),(25,20,'004','Internet renewal','1.000','4100.000',3,'004'),(26,21,'S00183/2019','Payment for server space from Jan to April 2020','1.000','20000.000',7,'S00183/2019'),(31,22,'3-809/2020','Payment of internet services','1.000','5600.000',9,'3-809/2020'),(38,7,'TEST-INV-001','Payment towards invoice #TEST-INV-001','1.000','37600.000',12,'TEST-INV-001'),(39,7,'IN-001-TEST','Payment towards invoice #IN-001-TEST','1.000','19250.000',12,'IN-001-TEST'),(40,7,'TEST001','Payment towards invoice #TEST001','1.000','615.000',12,'TEST001'),(41,23,'12345','Payment towards invoice #12345','1.000','5000.000',12,'12345'),(42,24,'BALBF01JUN2020','Payment towards invoice #BALBF01JUN2020','1.000','100000.000',12,'BALBF01JUN2020'),(43,25,'BALBF01JUN2020','Payment towards invoice #BALBF01JUN2020','1.000','5000.000',12,'BALBF01JUN2020'),(44,25,'12345','Payment towards invoice #12345','1.000','8000.000',12,'12345'),(45,26,'TEST0003','Payment towards invoice #TEST0003','1.000','7500.000',12,'TEST0003'),(46,26,'12345','Payment towards invoice #12345','1.000','2500.000',12,'12345'),(48,28,'TEST001','Crate deposit refund','10.000','120.000',15,'TEST001'),(49,29,'RCT0001/2020','Crate deposit refund','31.000','120.000',15,'RCT0001/2020'),(50,30,'786786','Crate deposit refund','7.000','120.000',15,'786786'),(51,31,'TST001','Payment towards invoice #TST001','1.000','10000.000',12,'TST001'),(52,32,'-','Purchase of Thermal Printer Roll','1.000','1500.000',3,'-'),(53,32,'-','Purchased Newspaper','1.000','150.000',7,'-'),(54,32,'-','Fare of Austin To and From Kisumu','1.000','1000.000',7,'-'),(55,33,'RCT02930/2021','Crate deposit refund','5.000','120.000',15,'RCT02930/2021'),(56,34,'12345','Payment towards invoice #12345','1.000','6385.000',12,'12345'),(57,35,'T0001','Payment towards invoice #T0001','1.000','80000.000',12,'T0001'),(58,36,'-','Transport for Evelyne to Mombasa Road','1.000','500.000',9,'-'),(59,36,'-','Minor vehicle repairs','1.000','1500.000',7,'-'),(61,37,'RCT09812','Crate deposit refund','1.000','120.000',15,'RCT09812'),(62,38,'FRAncIS001','Payment towards invoice #FRAncIS001','1.000','37550.000',12,'FRAncIS001'),(63,39,'68736','Payment towards invoice #68736','1.000','100000.000',12,'68736'),(64,40,'-','Transport to and From Usenge','1.000','200.000',9,'-'),(65,40,'-','Lunch for Staff','1.000','500.000',8,'-'),(66,40,'3745','Purchase of office cleaning equipment','1.000','670.000',8,'3745'),(67,41,'RCT98487','Crate deposit refund','5.000','120.000',15,'RCT98487'),(68,42,'RT00086','Crate deposit refund','10.000','460.000',15,'RT00086'),(70,43,'RT00087','Crate deposit refund','5.000','460.000',15,'RT00087'),(71,44,'RT00088','Crate deposit refund','20.000','460.000',15,'RT00088'),(72,45,'RCT0809354','Crate deposit refund','5.000','460.000',15,'RCT0809354'),(73,46,'001','Test expense','1.000','1000.000',9,'001'),(74,47,'F001','Vehicle Fuelling','1.000','1500.000',3,'F001'),(75,48,'68736','Payment towards invoice #68736','1.000','40000.000',12,'68736'),(76,49,'457574','Payment towards invoice #457574','1.000','341460.000',12,'457574'),(77,50,'RIC001','Payment towards invoice #RIC001','1.000','300000.000',12,'RIC001'),(78,51,'-','Purchase of office stationery','1.000','500.000',8,'-'),(79,52,'38698765','Payment towards invoice #38698765','1.000','8500.000',12,'38698765');

/*Table structure for table `paymentvouchers` */

DROP TABLE IF EXISTS `paymentvouchers`;

CREATE TABLE `paymentvouchers` (
  `id` int(11) NOT NULL AUTO_INCREMENT,
  `voucherno` varchar(50) DEFAULT NULL,
  `date` datetime DEFAULT NULL,
  `dateadded` datetime DEFAULT NULL,
  `addedby` int(11) DEFAULT NULL,
  `paymentmode` int(11) DEFAULT NULL,
  `pos` int(11) DEFAULT NULL,
  `supplier` int(11) DEFAULT NULL,
  `cashbookaccount` int(11) DEFAULT NULL,
  `referenceno` varchar(50) DEFAULT NULL,
  `status` varchar(50) DEFAULT NULL,
  `lastmodifiedby` int(11) DEFAULT NULL,
  `lastmodifieddate` datetime DEFAULT NULL,
  `reasoncancelled` varchar(500) DEFAULT NULL,
  `pettycashvoucher` tinyint(1) DEFAULT 0,
  PRIMARY KEY (`id`),
  KEY `addedby` (`addedby`),
  KEY `pos` (`pos`),
  KEY `paymentmode` (`paymentmode`),
  KEY `supplier` (`supplier`),
  KEY `lastmodifiedby` (`lastmodifiedby`),
  CONSTRAINT `paymentvouchers_ibfk_1` FOREIGN KEY (`addedby`) REFERENCES `user` (`id`),
  CONSTRAINT `paymentvouchers_ibfk_2` FOREIGN KEY (`pos`) REFERENCES `pointsofsale` (`id`),
  CONSTRAINT `paymentvouchers_ibfk_3` FOREIGN KEY (`paymentmode`) REFERENCES `paymentmethods` (`id`),
  CONSTRAINT `paymentvouchers_ibfk_4` FOREIGN KEY (`supplier`) REFERENCES `suppliers` (`supplierid`),
  CONSTRAINT `paymentvouchers_ibfk_5` FOREIGN KEY (`lastmodifiedby`) REFERENCES `user` (`id`)
) ENGINE=InnoDB AUTO_INCREMENT=53 DEFAULT CHARSET=latin1;

/*Data for the table `paymentvouchers` */

insert  into `paymentvouchers`(`id`,`voucherno`,`date`,`dateadded`,`addedby`,`paymentmode`,`pos`,`supplier`,`cashbookaccount`,`referenceno`,`status`,`lastmodifiedby`,`lastmodifieddate`,`reasoncancelled`,`pettycashvoucher`) values (2,'VN00002','2019-12-29 00:00:00','2019-12-29 15:05:07',5,3,14,1,2,'CHQ-001','Approved',5,'2019-12-29 15:06:45',NULL,0),(3,'VN00003','2020-01-04 00:00:00','2020-01-04 15:31:25',5,3,14,1,2,'001506','Approved',5,'2020-01-04 15:33:17',NULL,0),(6,'VN00004','2020-01-08 00:00:00','2020-01-08 17:53:21',5,3,14,1,2,'CHQ-0001-TST','Pending',NULL,NULL,NULL,0),(7,'VN00005','2020-01-08 00:00:00','2020-01-08 17:57:53',5,3,14,1,2,'TEST-CHQ-001','Pending',5,'2020-04-21 13:17:44',NULL,0),(8,'VN00006','2020-01-08 00:00:00','2020-01-08 22:47:25',5,3,14,1,2,'2567645','Pending',NULL,NULL,NULL,0),(9,'VN00007','2020-01-09 00:00:00','2020-01-09 09:45:55',5,1,14,1,1,'-','Pending',NULL,NULL,NULL,0),(10,'VN00008','2020-01-09 00:00:00','2020-01-09 09:46:53',5,3,14,1,2,'28367','Pending',NULL,NULL,NULL,0),(11,'VN00009','2020-01-10 00:00:00','2020-01-10 14:08:08',5,3,14,1,2,'e368763','Pending',NULL,NULL,NULL,0),(12,'VN00010','2020-02-29 00:00:00','2020-02-29 17:23:09',5,3,14,1,2,'TES801938','Pending',NULL,NULL,NULL,0),(13,'VN00011','2020-04-07 00:00:00','2020-04-07 12:56:18',5,3,14,1,2,'0001','Pending',NULL,NULL,NULL,0),(14,'VN00012','2020-04-07 00:00:00','2020-04-07 12:57:33',5,3,14,1,2,'002','Pending',NULL,NULL,NULL,0),(15,'VN00013','2020-04-08 00:00:00','2020-04-08 16:18:50',5,1,15,2,1,'','Pending',NULL,NULL,NULL,0),(16,'VN00014','2020-04-08 00:00:00','2020-04-08 16:19:43',5,1,15,2,1,'','Pending',NULL,NULL,NULL,0),(17,'VN00015','2020-04-08 00:00:00','2020-04-08 16:25:54',5,1,15,1,1,'','Pending',NULL,NULL,NULL,0),(18,'VN00016','2020-04-08 00:00:00','2020-04-08 16:29:16',5,1,15,2,1,'','Pending',NULL,NULL,NULL,0),(19,'VN00017','2020-04-18 00:00:00','2020-04-18 10:57:21',5,3,15,1,2,'','Pending',NULL,NULL,NULL,0),(20,'VN00018','2020-04-20 00:00:00','2020-04-20 13:29:26',5,1,15,1,1,'','Pending',NULL,NULL,NULL,0),(21,'VN00019','2020-04-20 00:00:00','2020-04-20 14:37:46',5,3,15,2,2,'','Pending',NULL,NULL,NULL,0),(22,'VN00020','2020-04-20 00:00:00','2020-04-20 15:26:35',5,3,15,2,2,'34597958','Pending',5,'2020-04-20 17:14:10','',1),(23,'VN00021','2020-04-21 00:00:00','2020-04-21 15:38:52',5,3,15,1,2,'708609876','Pending',NULL,NULL,NULL,0),(24,'VN00022','2020-08-15 00:00:00','2020-08-15 14:33:25',5,3,14,1,2,'1234GBF','Pending',NULL,NULL,NULL,0),(25,'VN00023','2020-08-15 00:00:00','2020-08-15 17:32:43',5,3,14,1,2,'0001XX','Pending',NULL,NULL,NULL,0),(26,'VN00024','2020-10-01 00:00:00','2020-12-22 16:09:28',5,3,14,1,1,'23789','Pending',NULL,NULL,NULL,0),(28,'VN00025','2021-01-16 00:00:00','2021-01-16 13:50:54',5,1,14,7,1,'','Pending',NULL,NULL,NULL,1),(29,'VN00026','2021-01-16 00:00:00','2021-01-16 13:53:52',5,1,14,7,1,'','Pending',NULL,NULL,NULL,1),(30,'VN00027','2021-01-16 00:00:00','2021-01-16 13:58:41',5,1,14,7,1,'','Pending',NULL,NULL,NULL,1),(31,'VN00028','2021-01-19 00:00:00','2021-01-19 22:04:55',5,3,14,8,2,'2530','Pending',NULL,NULL,NULL,0),(32,'VN00029','2021-01-19 00:00:00','2021-01-19 22:10:37',5,1,14,8,6,'-','Pending',NULL,NULL,NULL,1),(33,'VN00030','2021-01-19 00:00:00','2021-01-19 22:17:03',5,1,14,7,1,'-','Pending',NULL,NULL,NULL,1),(34,'VN00031','2021-06-10 00:00:00','2021-06-10 11:08:59',5,3,14,1,2,'42452','Pending',NULL,NULL,NULL,0),(35,'VN00032','2021-07-19 00:00:00','2021-07-19 13:00:58',5,3,14,9,2,'44856','Pending',NULL,NULL,NULL,0),(36,'VN00033','2021-07-19 00:00:00','2021-07-19 13:03:10',5,3,14,9,2,'346876','Pending',NULL,NULL,NULL,1),(37,'VN00034','2021-07-19 00:00:00','2021-07-19 14:31:35',5,1,14,7,1,'18672','Pending',NULL,NULL,NULL,1),(38,'VN00035','2021-07-21 00:00:00','2021-07-21 14:27:20',5,3,14,8,2,'23468764','Pending',NULL,NULL,NULL,0),(39,'VN00036','2022-10-07 00:00:00','2022-10-07 13:45:58',9,3,14,10,2,'347857654','Approved',9,'2022-10-07 13:47:52',NULL,0),(40,'VN00037','2022-10-07 00:00:00','2022-10-07 13:53:38',9,1,14,10,2,'-','Approved',9,'2022-10-07 13:54:00',NULL,1),(41,'VN00038','2022-10-07 00:00:00','2022-10-07 13:58:43',9,1,14,7,1,'-','Pending',NULL,NULL,NULL,1),(42,'VN00039','2022-11-06 00:00:00','2022-11-06 18:26:26',5,1,14,7,1,'-','Pending',NULL,NULL,NULL,1),(43,'VN00040','2022-11-06 00:00:00','2022-11-06 18:34:56',5,1,14,7,1,'-','Pending',NULL,NULL,NULL,1),(44,'VN00041','2022-11-06 00:00:00','2022-11-06 18:39:50',5,1,14,7,1,'-','Pending',NULL,NULL,NULL,1),(45,'VN00042','2022-11-10 00:00:00','2022-11-10 17:27:36',5,1,14,7,1,'-','Pending',NULL,NULL,NULL,1),(46,'VN00043','2022-11-10 00:00:00','2022-11-10 17:32:45',5,1,18,1,2,'-','Approved',5,'2022-11-10 17:32:58',NULL,1),(47,'VN00044','2022-11-10 00:00:00','2022-11-10 17:37:45',5,1,18,1,2,'-','Approved',5,'2022-11-10 17:37:58',NULL,1),(48,'VN00045','2023-01-12 00:00:00','2023-01-12 14:41:57',5,3,18,10,2,'457695','Pending',NULL,NULL,NULL,0),(49,'VN00046','2023-01-16 00:00:00','2023-01-16 11:15:58',5,3,14,2,2,'34576574','Pending',NULL,NULL,NULL,0),(50,'VN00047','2023-01-16 00:00:00','2023-01-16 11:19:24',5,3,14,2,2,'4634545','Approved',5,'2023-01-16 11:19:49',NULL,0),(51,'VN00048','2023-01-16 00:00:00','2023-01-16 12:01:29',5,1,14,1,6,'-','Pending',NULL,NULL,NULL,1),(52,'VN00049','2023-01-30 00:00:00','2023-01-30 08:29:36',5,3,18,2,2,'534543','Pending',NULL,NULL,NULL,0);

/*Table structure for table `pointsofsale` */

DROP TABLE IF EXISTS `pointsofsale`;

CREATE TABLE `pointsofsale` (
  `id` int(11) NOT NULL AUTO_INCREMENT,
  `posname` varchar(50) DEFAULT NULL,
  `dateadded` datetime DEFAULT NULL,
  `addedby` decimal(10,0) DEFAULT NULL,
  `deleted` tinyint(1) DEFAULT 0,
  `lastdatemodified` datetime DEFAULT NULL,
  `lastmodifiedby` decimal(10,0) DEFAULT NULL,
  `default` tinyint(1) DEFAULT NULL,
  PRIMARY KEY (`id`)
) ENGINE=InnoDB AUTO_INCREMENT=19 DEFAULT CHARSET=latin1;

/*Data for the table `pointsofsale` */

insert  into `pointsofsale`(`id`,`posname`,`dateadded`,`addedby`,`deleted`,`lastdatemodified`,`lastmodifiedby`,`default`) values (5,'KAW384H - Joyce Leli','2018-11-20 05:19:13','6',1,'2019-02-09 06:53:02','5',0),(8,'KAZ256R','2019-02-09 06:59:09','5',1,NULL,NULL,0),(9,'KAS802D','2019-02-09 06:59:19','5',1,NULL,NULL,0),(10,'KBR635V','2019-02-09 06:59:31','5',1,NULL,NULL,0),(11,'TUK TUK 1 KTWB679G','2019-02-09 06:59:57','5',0,NULL,NULL,0),(12,'TUK TUK 2 KTWB942F','2019-02-09 07:00:11','5',0,NULL,NULL,0),(13,'TUK TUK 3 KTWB714G','2019-02-09 07:00:28','5',0,NULL,NULL,0),(14,'WAREHOUSE POS','2019-03-16 05:31:01','5',0,NULL,NULL,1),(15,'TEST POS','2019-07-29 08:17:14','5',1,NULL,NULL,0),(16,'TEST OUTLET','2021-01-16 15:39:13','5',1,NULL,NULL,0),(17,'TUK Bus Sale','2021-07-19 12:23:52','5',1,NULL,NULL,0),(18,'KAT420K-Pick-Up','2022-10-07 12:43:07','5',0,NULL,NULL,NULL);

/*Table structure for table `possales` */

DROP TABLE IF EXISTS `possales`;

CREATE TABLE `possales` (
  `id` int(11) NOT NULL AUTO_INCREMENT,
  `receiptno` varchar(50) DEFAULT NULL,
  `receiptdate` datetime DEFAULT NULL,
  `customerid` int(11) DEFAULT NULL,
  `pointofsaleid` int(11) DEFAULT NULL,
  `addedby` int(11) DEFAULT NULL,
  `deleted` bit(1) DEFAULT b'0',
  `deletedon` datetime DEFAULT NULL,
  `deletedby` int(11) DEFAULT NULL,
  `reason` varchar(50) DEFAULT NULL,
  PRIMARY KEY (`id`),
  KEY `customerid` (`customerid`),
  KEY `pointofsaleid` (`pointofsaleid`),
  KEY `addedby` (`addedby`),
  CONSTRAINT `possales_ibfk_2` FOREIGN KEY (`customerid`) REFERENCES `customers` (`customerid`),
  CONSTRAINT `possales_ibfk_3` FOREIGN KEY (`pointofsaleid`) REFERENCES `pointsofsale` (`id`),
  CONSTRAINT `possales_ibfk_4` FOREIGN KEY (`addedby`) REFERENCES `user` (`id`)
) ENGINE=InnoDB AUTO_INCREMENT=179 DEFAULT CHARSET=latin1;

/*Data for the table `possales` */

insert  into `possales`(`id`,`receiptno`,`receiptdate`,`customerid`,`pointofsaleid`,`addedby`,`deleted`,`deletedon`,`deletedby`,`reason`) values (14,'RT00009','2019-10-15 19:30:59',15,9,5,'\0',NULL,NULL,NULL),(15,'RT00010','2019-10-15 10:37:19',15,9,6,'\0',NULL,NULL,NULL),(16,'RT00011','2019-10-15 10:38:11',12,14,5,'\0',NULL,NULL,NULL),(17,'RT00012','2019-10-15 19:37:14',15,9,5,'\0',NULL,NULL,NULL),(18,'RT00013','2019-10-25 15:19:17',15,10,6,'\0',NULL,NULL,NULL),(19,'RT00014','2019-12-29 16:42:31',15,8,5,'\0',NULL,NULL,NULL),(20,'RT00015','2019-12-29 17:08:58',20,8,5,'\0',NULL,NULL,NULL),(21,'RT00016','2019-12-29 17:10:57',11,10,5,'\0',NULL,NULL,NULL),(22,'RT00017','2020-01-07 11:11:04',11,14,5,'\0',NULL,NULL,NULL),(23,'RT00018','2020-01-10 10:31:00',11,14,5,'\0',NULL,NULL,NULL),(24,'RT00019','2020-02-06 15:55:49',11,11,5,'\0',NULL,NULL,NULL),(25,'RT00020','2020-02-11 14:11:11',14,9,5,'\0',NULL,NULL,NULL),(26,'RT00021','2020-02-11 14:19:26',24,9,5,'\0',NULL,NULL,NULL),(27,'RT00022','2020-02-11 14:23:50',24,9,5,'\0',NULL,NULL,NULL),(28,'RT00023','2020-02-12 12:34:59',14,9,5,'\0',NULL,NULL,NULL),(29,'RT00024','2020-02-17 11:19:33',14,9,5,'\0',NULL,NULL,NULL),(30,'RT00025','2020-02-17 11:21:08',20,9,5,'\0',NULL,NULL,NULL),(31,'RT00026','2020-02-17 12:44:25',20,9,5,'\0',NULL,NULL,NULL),(32,'RT00027','2020-02-18 16:50:51',14,9,5,'\0',NULL,NULL,NULL),(33,'RT00028','2020-02-24 14:21:15',21,9,5,'\0',NULL,NULL,NULL),(34,'RT00029','2020-02-24 14:24:23',24,9,5,'\0',NULL,NULL,NULL),(35,'RT00030','2020-02-24 14:24:54',14,9,5,'\0',NULL,NULL,NULL),(36,'RT00031','2020-02-24 14:25:44',22,9,5,'\0',NULL,NULL,NULL),(37,'RT00032','2020-02-25 09:57:07',14,9,5,'\0',NULL,NULL,NULL),(38,'RT00033','2020-02-25 09:58:14',23,9,5,'\0',NULL,NULL,NULL),(39,'RT00034','2020-02-29 10:49:48',24,9,5,'\0',NULL,NULL,NULL),(40,'RT00035','2020-03-02 18:51:49',24,9,5,'\0',NULL,NULL,NULL),(41,'RT00036','2020-03-25 17:58:23',14,9,5,'\0',NULL,NULL,NULL),(42,'RT00037','2020-03-31 13:17:56',14,15,5,'\0',NULL,NULL,NULL),(43,'RT00038','2020-03-31 13:26:22',11,15,5,'\0',NULL,NULL,NULL),(44,'RT00039','2020-03-31 14:00:04',19,15,5,'\0',NULL,NULL,NULL),(45,'RT00040','2020-03-31 15:58:26',11,15,5,'\0',NULL,NULL,NULL),(46,'RT00041','2020-03-31 15:59:06',15,15,5,'\0',NULL,NULL,NULL),(47,'RT00042','2020-03-31 16:07:10',14,15,5,'\0',NULL,NULL,NULL),(48,'RT00043','2020-04-02 11:30:11',11,15,5,'\0',NULL,NULL,NULL),(49,'RT00044','2020-05-27 16:27:34',11,14,5,'\0',NULL,NULL,NULL),(50,NULL,'2020-06-01 00:00:00',23,14,5,'\0',NULL,NULL,NULL),(52,NULL,'2020-06-01 00:00:00',23,14,5,'\0',NULL,NULL,NULL),(53,NULL,'2020-06-01 00:00:00',24,14,5,'\0',NULL,NULL,NULL),(54,NULL,'2020-06-01 00:00:00',13,14,5,'\0',NULL,NULL,NULL),(55,NULL,'2020-06-01 00:00:00',8,14,5,'\0',NULL,NULL,NULL),(56,NULL,'2020-06-01 00:00:00',4,14,5,'\0',NULL,NULL,NULL),(57,NULL,'2020-06-01 00:00:00',6,14,5,'\0',NULL,NULL,NULL),(58,NULL,'2020-06-01 00:00:00',22,14,5,'\0',NULL,NULL,NULL),(59,'RT00045','2020-06-01 00:00:00',23,14,5,'\0',NULL,NULL,NULL),(60,'RT00045','2020-06-01 00:00:00',24,14,5,'\0',NULL,NULL,NULL),(61,'RT00045','2020-06-01 00:00:00',13,14,5,'\0',NULL,NULL,NULL),(62,'RT00045','2020-06-01 00:00:00',8,14,5,'\0',NULL,NULL,NULL),(63,'RT00045','2020-06-01 00:00:00',4,14,5,'\0',NULL,NULL,NULL),(64,'RT00045','2020-06-01 00:00:00',6,14,5,'\0',NULL,NULL,NULL),(65,'RT00045','2020-06-01 00:00:00',22,14,5,'\0',NULL,NULL,NULL),(66,'RT00045','2020-06-01 00:00:00',23,14,5,'\0',NULL,NULL,NULL),(67,'RT00046','2020-06-01 00:00:00',24,14,5,'\0',NULL,NULL,NULL),(68,'RT00047','2020-06-01 00:00:00',13,14,5,'\0',NULL,NULL,NULL),(69,'RT00048','2020-06-01 00:00:00',8,14,5,'\0',NULL,NULL,NULL),(70,'RT00049','2020-06-01 00:00:00',4,14,5,'\0',NULL,NULL,NULL),(71,'RT00050','2020-06-01 00:00:00',6,14,5,'\0',NULL,NULL,NULL),(72,'RT00051','2020-06-01 00:00:00',22,14,5,'\0',NULL,NULL,NULL),(73,'RT00052','2020-07-08 15:19:59',15,14,5,'','2020-08-02 17:33:11',5,'Test deletion'),(74,'RT00053','2020-07-08 17:32:11',23,14,5,'','2020-08-02 17:32:34',5,'This was an error'),(76,'RT00054','2020-12-16 14:00:21',20,15,5,'\0',NULL,NULL,NULL),(77,'RT00055','2020-12-16 14:05:44',23,15,5,'\0',NULL,NULL,NULL),(78,'RT00056','2021-01-16 14:11:42',11,14,5,'\0',NULL,NULL,NULL),(79,'RT00057','2021-01-16 15:21:45',21,14,5,'\0',NULL,NULL,NULL),(80,'RT00058','2021-06-10 11:03:06',11,9,5,'\0',NULL,NULL,NULL),(81,'RT00059','2021-07-14 17:25:49',11,14,5,'\0',NULL,NULL,NULL),(82,'RT00060','2021-07-15 05:20:52',11,14,5,'\0',NULL,NULL,NULL),(83,'RT00061','2021-07-15 05:25:13',11,14,5,'\0',NULL,NULL,NULL),(84,'RT00062','2021-07-15 05:36:13',11,14,5,'\0',NULL,NULL,NULL),(85,'RT00063','2021-07-15 05:46:04',11,14,5,'\0',NULL,NULL,NULL),(86,'RT00064','2021-07-15 06:28:23',11,14,5,'\0',NULL,NULL,NULL),(87,'RT00065','2021-07-15 17:31:37',11,14,5,'\0',NULL,NULL,NULL),(88,'RT00066','2021-07-19 12:34:45',11,17,5,'\0',NULL,NULL,NULL),(89,'RT00067','2021-07-21 14:19:06',11,14,5,'\0',NULL,NULL,NULL),(90,'RT00068','2021-08-08 17:17:25',11,14,5,'\0',NULL,NULL,NULL),(91,'RT00069','2021-08-08 17:47:03',11,14,5,'\0',NULL,NULL,NULL),(92,'RT00070','2021-08-08 17:51:42',11,14,5,'\0',NULL,NULL,NULL),(93,'RT00071','2021-08-08 17:59:54',11,14,5,'\0',NULL,NULL,NULL),(94,'RT00072','2021-08-08 19:29:38',20,14,5,'\0',NULL,NULL,NULL),(95,'RT00073','2021-08-17 12:59:57',11,14,5,'\0',NULL,NULL,NULL),(96,'RT00074','2021-08-17 13:01:33',11,14,5,'\0',NULL,NULL,NULL),(97,'RT00075','2021-08-17 13:17:31',11,14,5,'\0',NULL,NULL,NULL),(98,'RT00076','2021-08-17 13:45:55',11,14,5,'\0',NULL,NULL,NULL),(99,'RT00077','2021-08-17 13:56:14',11,14,5,'\0',NULL,NULL,NULL),(100,'RT00078','2021-08-17 13:58:09',11,14,5,'\0',NULL,NULL,NULL),(101,'RT00079','2021-08-18 05:42:33',11,14,5,'\0',NULL,NULL,NULL),(102,'RT00080','2021-08-18 06:18:17',11,14,5,'\0',NULL,NULL,NULL),(103,'RT00081','2021-08-19 15:25:54',11,14,5,'\0',NULL,NULL,NULL),(104,'RT00082','2022-10-07 13:18:55',11,18,9,'\0',NULL,NULL,NULL),(105,'RT00083','2022-10-07 13:20:26',30,18,9,'\0',NULL,NULL,NULL),(106,'RT00084','2022-11-04 14:54:25',11,14,5,'\0',NULL,NULL,NULL),(107,'RT00085','2022-11-04 14:54:59',11,14,5,'\0',NULL,NULL,NULL),(108,'RT00086','2022-11-06 18:24:28',11,18,5,'\0',NULL,NULL,NULL),(109,'RT00087','2022-11-06 18:32:33',11,18,5,'\0',NULL,NULL,NULL),(110,'RT00088','2022-11-06 18:39:28',11,18,5,'\0',NULL,NULL,NULL),(111,'RT00089','2022-11-06 18:48:54',11,18,5,'\0',NULL,NULL,NULL),(112,'RT00090','2022-11-06 18:49:54',11,18,5,'\0',NULL,NULL,NULL),(113,'RT00091','2022-11-06 18:54:42',11,18,5,'\0',NULL,NULL,NULL),(114,'RT00092','2022-11-07 14:00:22',24,18,5,'\0',NULL,NULL,NULL),(115,'RT00093','2022-11-07 14:07:06',11,18,5,'\0',NULL,NULL,NULL),(116,'RT00094','2022-11-07 14:08:54',11,18,5,'\0',NULL,NULL,NULL),(117,'RT00095','2022-11-07 14:45:28',11,18,5,'\0',NULL,NULL,NULL),(118,'RT00096','2022-11-07 17:34:05',11,18,5,'\0',NULL,NULL,NULL),(119,'RT00097','2022-11-07 17:55:07',11,18,5,'\0',NULL,NULL,NULL),(120,'RT00098','2022-11-07 17:56:18',11,18,5,'\0',NULL,NULL,NULL),(121,'RT00099','2022-11-07 18:00:30',20,18,5,'\0',NULL,NULL,NULL),(122,'RT00100','2022-11-08 11:09:34',11,18,5,'\0',NULL,NULL,NULL),(123,'RT00101','2022-11-08 11:29:29',11,18,5,'\0',NULL,NULL,NULL),(124,'RT00102','2022-11-09 12:03:25',20,11,5,'\0',NULL,NULL,NULL),(125,'RT00103','2022-11-09 12:23:27',24,18,5,'\0',NULL,NULL,NULL),(126,'RT00104','2022-11-10 16:07:59',11,14,5,'\0',NULL,NULL,NULL),(127,'RT00105','2022-11-10 16:12:21',11,14,5,'\0',NULL,NULL,NULL),(128,'RT00106','2022-11-10 17:26:48',11,18,5,'\0',NULL,NULL,NULL),(129,'RT00107','2022-11-13 16:48:12',11,14,5,'\0',NULL,NULL,NULL),(130,'RT00108','2023-01-13 18:20:44',11,18,5,'\0',NULL,NULL,NULL),(131,'RT00109','2023-01-13 19:19:17',11,18,5,'\0',NULL,NULL,NULL),(132,'RT00110','2023-01-13 19:51:15',25,18,5,'\0',NULL,NULL,NULL),(133,'RT00111','2023-01-16 08:24:19',18,18,5,'\0',NULL,NULL,NULL),(134,'RT00112','2023-01-16 11:30:13',11,18,5,'\0',NULL,NULL,NULL),(135,'RT00113','2023-01-16 11:32:05',25,18,5,'\0',NULL,NULL,NULL),(136,'RT00114','2023-01-16 11:34:41',30,18,5,'\0',NULL,NULL,NULL),(137,'RT00115','2023-01-26 16:22:44',11,18,5,'\0',NULL,NULL,NULL),(138,'RT00116','2023-01-26 16:53:34',11,18,5,'\0',NULL,NULL,NULL),(139,'RT00117','2023-01-26 19:06:10',11,18,5,'\0',NULL,NULL,NULL),(140,'RT00118','2023-01-26 19:11:50',11,18,5,'\0',NULL,NULL,NULL),(141,'RT00119','2023-01-27 05:05:10',11,18,5,'\0',NULL,NULL,NULL),(142,'RT00120','2023-01-27 05:17:30',11,18,5,'\0',NULL,NULL,NULL),(143,'RT00121','2023-01-27 05:19:47',11,18,5,'\0',NULL,NULL,NULL),(144,'RT00122','2023-01-27 05:23:51',11,18,5,'\0',NULL,NULL,NULL),(145,'RT00123','2023-01-27 08:31:18',11,18,5,'\0',NULL,NULL,NULL),(146,'RT00124','2023-01-27 12:30:12',11,18,5,'\0',NULL,NULL,NULL),(147,'RT00125','2023-01-27 12:47:14',11,18,5,'\0',NULL,NULL,NULL),(148,'RT00126','2023-01-27 12:54:19',23,18,5,'\0',NULL,NULL,NULL),(149,'RT00127','2023-01-27 13:55:59',11,18,5,'\0',NULL,NULL,NULL),(150,'RT00128','2023-01-30 08:46:10',11,18,5,'\0',NULL,NULL,NULL),(151,'RT00129','2023-01-30 08:47:03',11,18,5,'\0',NULL,NULL,NULL),(152,'RT00130','2023-02-04 20:09:50',11,18,5,'\0',NULL,NULL,NULL),(153,'RT00131','2023-02-04 20:11:57',11,18,5,'\0',NULL,NULL,NULL),(154,'RT00132','2023-02-04 20:12:49',20,18,5,'\0',NULL,NULL,NULL),(155,'RT00133','2023-02-04 21:16:55',20,18,5,'\0',NULL,NULL,NULL),(156,'RT00134','2023-02-07 19:52:41',11,18,5,'\0',NULL,NULL,NULL),(157,'RT00135','2023-02-09 12:53:37',11,18,5,'\0',NULL,NULL,NULL),(158,'RT00136','2023-02-10 15:35:06',11,18,5,'\0',NULL,NULL,NULL),(159,'RT00137','2023-02-10 15:37:41',11,18,5,'\0',NULL,NULL,NULL),(160,'RT00138','2023-02-10 15:39:32',11,18,5,'\0',NULL,NULL,NULL),(161,'RT00139','2023-02-10 15:40:07',11,18,5,'\0',NULL,NULL,NULL),(162,'RT00140','2023-02-10 20:03:37',11,18,5,'\0',NULL,NULL,NULL),(163,'RT00141','2023-02-11 09:29:02',11,18,5,'\0',NULL,NULL,NULL),(164,'RT00142','2023-02-11 18:40:57',11,18,5,'\0',NULL,NULL,NULL),(165,'RT00143','2023-02-12 14:27:00',11,18,5,'\0',NULL,NULL,NULL),(166,'RT00144','2023-02-12 15:16:43',11,18,5,'\0',NULL,NULL,NULL),(167,'RT00145','2023-02-13 14:45:36',11,18,5,'\0',NULL,NULL,NULL),(168,'RT00146','2023-02-22 08:19:40',25,18,5,'\0',NULL,NULL,NULL),(169,'RT00147','2023-02-22 08:27:02',25,18,5,'\0',NULL,NULL,NULL),(170,'RT00148','2023-02-22 09:14:28',11,18,5,'\0',NULL,NULL,NULL),(171,'RT00149','2023-02-22 13:07:44',11,18,5,'\0',NULL,NULL,NULL),(172,'RT00150','2023-02-22 13:17:03',31,18,5,'\0',NULL,NULL,NULL),(173,'RT00151','2023-02-23 11:10:47',30,18,5,'\0',NULL,NULL,NULL),(174,'RT00152','2023-02-23 11:33:37',25,18,5,'\0',NULL,NULL,NULL),(175,'RT00153','2023-02-23 11:35:02',30,18,5,'\0',NULL,NULL,NULL),(176,'RT00154','2023-02-24 10:17:01',11,18,5,'\0',NULL,NULL,NULL),(177,'RT00155','2023-03-14 09:54:44',11,18,5,'\0',NULL,NULL,NULL),(178,'RT00156','2023-03-14 09:55:41',11,18,5,'\0',NULL,NULL,NULL);

/*Table structure for table `possalesdetails` */

DROP TABLE IF EXISTS `possalesdetails`;

CREATE TABLE `possalesdetails` (
  `id` int(11) NOT NULL AUTO_INCREMENT,
  `possaleid` int(11) DEFAULT NULL,
  `itemcode` int(50) DEFAULT NULL,
  `quantity` decimal(10,2) DEFAULT NULL,
  `unitprice` decimal(10,2) DEFAULT NULL,
  `discount` decimal(10,2) DEFAULT NULL,
  `serialno` varchar(100) DEFAULT NULL,
  `taxtypeid` int(11) DEFAULT NULL,
  `taxrate` decimal(18,2) DEFAULT NULL,
  `description` varchar(500) DEFAULT NULL,
  PRIMARY KEY (`id`),
  KEY `possaleid` (`possaleid`),
  KEY `itemcode` (`itemcode`),
  CONSTRAINT `possalesdetails_ibfk_1` FOREIGN KEY (`possaleid`) REFERENCES `possales` (`id`),
  CONSTRAINT `possalesdetails_ibfk_2` FOREIGN KEY (`itemcode`) REFERENCES `products` (`productid`)
) ENGINE=InnoDB AUTO_INCREMENT=425 DEFAULT CHARSET=latin1;

/*Data for the table `possalesdetails` */

insert  into `possalesdetails`(`id`,`possaleid`,`itemcode`,`quantity`,`unitprice`,`discount`,`serialno`,`taxtypeid`,`taxrate`,`description`) values (42,14,531,'0.50','1080.00','0.00',NULL,NULL,NULL,NULL),(43,15,531,'1.00','1080.00','0.00',NULL,NULL,NULL,NULL),(44,15,525,'1.00','730.00','0.00',NULL,NULL,NULL,NULL),(45,15,524,'1.00','910.00','0.00',NULL,NULL,NULL,NULL),(46,15,542,'1.00','665.00','0.00',NULL,NULL,NULL,NULL),(50,16,529,'1.00','1020.00','0.00',NULL,NULL,NULL,NULL),(51,16,543,'1.00','580.00','0.00',NULL,NULL,NULL,NULL),(52,16,542,'1.00','665.00','0.00',NULL,NULL,NULL,NULL),(53,16,524,'10.00','910.00','0.00',NULL,NULL,NULL,NULL),(54,16,522,'1.00','370.00','0.00',NULL,NULL,NULL,NULL),(55,17,531,'1.00','1080.00','0.00',NULL,NULL,NULL,NULL),(56,17,531,'1.00','1080.00','0.00',NULL,NULL,NULL,NULL),(57,17,522,'1.00','370.00','0.00',NULL,NULL,NULL,NULL),(58,17,523,'1.00','570.00','0.00',NULL,NULL,NULL,NULL),(59,17,523,'1.00','570.00','0.00',NULL,NULL,NULL,NULL),(60,18,531,'1.00','1080.00','0.00',NULL,NULL,NULL,NULL),(61,18,532,'1.00','850.00','0.00',NULL,NULL,NULL,NULL),(62,19,525,'10.00','730.00','0.00',NULL,NULL,NULL,NULL),(63,19,523,'20.00','570.00','0.00',NULL,NULL,NULL,NULL),(65,20,541,'10.00','1000.00','0.00',NULL,NULL,NULL,NULL),(66,20,545,'15.00','95.00','0.00',NULL,NULL,NULL,NULL),(67,20,532,'5.00','850.00','0.00',NULL,NULL,NULL,NULL),(68,21,530,'5.00','1265.00','0.00',NULL,NULL,NULL,NULL),(69,21,527,'3.00','700.00','0.00',NULL,NULL,NULL,NULL),(70,22,525,'1.00','730.00','0.00',NULL,NULL,NULL,NULL),(71,22,524,'1.00','910.00','0.00',NULL,NULL,NULL,NULL),(72,23,525,'5.00','730.00','0.00',NULL,NULL,NULL,NULL),(73,23,522,'2.00','370.00','0.00',NULL,NULL,NULL,NULL),(74,23,523,'4.00','570.00','0.00',NULL,NULL,NULL,NULL),(75,23,543,'4.00','580.00','0.00',NULL,NULL,NULL,NULL),(76,23,541,'6.00','1000.00','0.00',NULL,NULL,NULL,NULL),(78,24,523,'10.00','570.00','0.00',NULL,NULL,NULL,NULL),(87,26,525,'10.00','730.00','0.00',NULL,NULL,NULL,NULL),(88,26,544,'2.00','540.00','0.00',NULL,NULL,NULL,NULL),(94,29,546,'10.00','195.00','0.00',NULL,NULL,NULL,NULL),(96,30,546,'10.00','195.00','0.00',NULL,NULL,NULL,NULL),(97,31,545,'10.00','95.00','0.00',NULL,NULL,NULL,NULL),(98,31,523,'5.00','570.00','0.00',NULL,NULL,NULL,NULL),(101,32,545,'10.00','95.00','0.00',NULL,NULL,NULL,NULL),(111,40,523,'3.00','570.00','0.00',NULL,NULL,NULL,NULL),(112,41,546,'5.00','195.00','0.00',NULL,NULL,NULL,NULL),(113,42,546,'10.00','195.00','10.00',NULL,NULL,NULL,NULL),(114,42,541,'3.00','1000.00','0.00',NULL,NULL,NULL,NULL),(120,43,546,'5.00','195.00','0.00',NULL,NULL,NULL,NULL),(121,44,546,'4.00','195.00','0.00',NULL,NULL,NULL,NULL),(122,45,546,'3.00','195.00','0.00',NULL,NULL,NULL,NULL),(123,46,546,'5.00','195.00','0.00',NULL,NULL,NULL,NULL),(124,47,546,'1.00','195.00','10.00',NULL,NULL,NULL,NULL),(125,47,541,'1.00','1000.00','0.00',NULL,NULL,NULL,NULL),(126,47,525,'1.00','730.00','0.00',NULL,NULL,NULL,NULL),(131,48,546,'1.00','195.00','0.00',NULL,NULL,NULL,NULL),(132,48,525,'1.00','730.00','0.00',NULL,NULL,NULL,NULL),(135,49,531,'1.00','1080.00','0.00',NULL,NULL,NULL,NULL),(136,49,541,'1.00','1000.00','0.00',NULL,NULL,NULL,NULL),(137,49,525,'1.00','730.00','0.00',NULL,NULL,NULL,NULL),(138,49,522,'1.00','370.00','0.00',NULL,NULL,NULL,NULL),(139,49,526,'1.00','620.00','0.00',NULL,NULL,NULL,NULL),(162,73,525,'1.00','730.00','0.00',NULL,NULL,NULL,NULL),(163,73,546,'1.00','195.00','0.00',NULL,NULL,NULL,NULL),(164,73,541,'1.00','1000.00','0.00',NULL,NULL,NULL,NULL),(169,74,525,'5.00','730.00','0.00',NULL,NULL,NULL,NULL),(170,74,524,'10.00','910.00','0.00',NULL,NULL,NULL,NULL),(171,74,523,'5.00','570.00','0.00',NULL,NULL,NULL,NULL),(172,76,522,'1.00','370.00','0.00',NULL,NULL,NULL,NULL),(177,78,734,'5.00','130.00','0.00',NULL,NULL,NULL,NULL),(179,80,523,'10.00','570.00','0.00',NULL,NULL,NULL,NULL),(180,80,526,'1.00','620.00','0.00',NULL,NULL,NULL,NULL),(196,88,523,'4.00','570.00','0.00','',NULL,NULL,NULL),(204,95,684,'1.00','250.00','0.00','',NULL,NULL,NULL),(205,96,684,'1.00','250.00','0.00','',NULL,NULL,NULL),(206,97,684,'1.00','250.00','0.00','',NULL,NULL,NULL),(207,97,664,'1.00','500.00','0.00','',NULL,NULL,NULL),(209,98,649,'1.00','1750.00','0.00','',NULL,NULL,NULL),(218,101,684,'1.00','250.00','0.00','',NULL,NULL,NULL),(219,101,652,'1.00','4500.00','0.00','',NULL,NULL,NULL),(221,102,652,'1.00','4500.00','0.00','',NULL,NULL,NULL),(222,103,558,'1.00','850.00','0.00','',NULL,NULL,NULL),(223,103,527,'1.00','700.00','0.00','',NULL,NULL,NULL),(224,104,924,'3.00','1485.00','0.00','',1,'16.00',NULL),(225,104,525,'2.00','730.00','0.00','',NULL,NULL,NULL),(226,104,545,'1.00','95.00','0.00','',NULL,NULL,NULL),(227,105,924,'3.00','1485.00','15.00','',1,'16.00',NULL),(228,106,526,'1.00','620.00','0.00','',NULL,NULL,NULL),(229,106,530,'1.00','1265.00','0.00','',NULL,NULL,NULL),(231,107,526,'1.00','620.00','0.00','',NULL,NULL,NULL),(232,107,530,'1.00','1265.00','0.00','',NULL,NULL,NULL),(234,108,925,'10.00','460.00','0.00','',1,'16.00',NULL),(235,108,523,'10.00','570.00','0.00','',NULL,NULL,NULL),(237,109,925,'5.00','460.00','0.00','',1,'16.00',NULL),(238,109,523,'5.00','570.00','0.00','',NULL,NULL,NULL),(240,110,925,'20.00','460.00','0.00','',1,'16.00',NULL),(241,110,524,'10.00','910.00','0.00','',NULL,NULL,NULL),(242,110,523,'10.00','570.00','0.00','',NULL,NULL,NULL),(243,111,524,'1.00','910.00','0.00','',NULL,NULL,NULL),(244,111,523,'1.00','570.00','0.00','',NULL,NULL,NULL),(245,111,526,'1.00','620.00','0.00','',NULL,NULL,NULL),(246,112,523,'1.00','570.00','0.00','',NULL,NULL,NULL),(247,113,524,'1.00','910.00','0.00','',NULL,NULL,NULL),(248,114,525,'1.00','730.00','0.00','',NULL,NULL,NULL),(249,114,523,'1.00','570.00','0.00','',NULL,NULL,NULL),(251,115,522,'1.00','370.00','0.00','',NULL,NULL,NULL),(252,115,523,'1.00','570.00','0.00','',NULL,NULL,NULL),(253,115,524,'1.00','910.00','0.00','',NULL,NULL,NULL),(254,116,523,'1.00','570.00','0.00','',NULL,NULL,NULL),(255,116,524,'1.00','910.00','0.00','',NULL,NULL,NULL),(256,116,526,'1.00','620.00','0.00','',NULL,NULL,NULL),(257,117,525,'1.00','730.00','0.00','',NULL,NULL,NULL),(258,117,522,'1.00','370.00','0.00','',NULL,NULL,NULL),(259,117,523,'1.00','570.00','0.00','',NULL,NULL,NULL),(260,117,524,'1.00','910.00','0.00','',NULL,NULL,NULL),(261,117,526,'1.00','620.00','0.00','',NULL,NULL,NULL),(262,117,542,'1.00','665.00','0.00','',NULL,NULL,NULL),(263,117,925,'1.00','460.00','0.00','',1,'16.00',NULL),(264,118,552,'1.00','3300.00','0.00','',1,'16.00',NULL),(265,118,734,'1.00','130.00','0.00','',NULL,NULL,NULL),(266,118,586,'1.00','3500.00','0.00','',NULL,NULL,NULL),(267,119,552,'1.00','3300.00','0.00','',1,'16.00',NULL),(268,119,562,'1.00','2800.00','0.00','',NULL,NULL,NULL),(270,120,732,'1.00','1350.00','0.00','',NULL,NULL,NULL),(271,120,925,'1.00','460.00','0.00','',1,'16.00',NULL),(273,121,552,'4.00','3300.00','0.00','',1,'16.00',NULL),(274,121,598,'2.00','3500.00','0.00','',NULL,NULL,NULL),(275,121,607,'3.00','3500.00','0.00','',NULL,NULL,NULL),(276,122,525,'1.00','730.00','0.00','',NULL,NULL,NULL),(277,123,525,'1.00','730.00','0.00','',NULL,NULL,NULL),(278,124,545,'1.00','950.00','0.00','',NULL,NULL,NULL),(279,124,522,'1.00','3700.00','0.00','',NULL,NULL,NULL),(280,124,523,'1.00','5700.00','0.00','',NULL,NULL,NULL),(281,124,524,'1.00','9100.00','0.00','',NULL,NULL,NULL),(285,125,525,'5.00','730.00','0.00','',NULL,NULL,NULL),(286,125,523,'4.00','570.00','0.00','',NULL,NULL,NULL),(287,125,524,'3.00','910.00','0.00','',NULL,NULL,NULL),(288,126,524,'1.00','1000.00','0.00','',NULL,NULL,NULL),(289,127,524,'1.00','1000.00','0.00','',1,'16.00',NULL),(290,128,925,'5.00','460.00','0.00','',1,'16.00',NULL),(291,128,523,'5.00','570.00','0.00','',1,'16.00',NULL),(293,129,925,'3.00','460.00','0.00','',1,'16.00',NULL),(294,130,524,'10.00','910.00','0.00','',1,'16.00',NULL),(295,130,526,'1.00','620.00','0.00','',1,'16.00',NULL),(297,131,524,'1.00','910.00','0.00','',1,'16.00',NULL),(298,132,524,'5.00','910.00','0.00','',1,'16.00',NULL),(299,133,554,'1.00','3300.00','0.00','',1,'16.00',NULL),(300,133,564,'1.00','400.00','0.00','',1,'16.00',NULL),(302,134,523,'1.00','570.00','0.00','',1,'16.00',NULL),(303,135,524,'1.00','910.00','0.00','',1,'16.00',NULL),(304,136,524,'5.00','910.00','0.00','',1,'16.00',NULL),(305,137,552,'1.00','3300.00','0.00','',1,'16.00',NULL),(306,137,562,'2.00','2800.00','0.00','',1,'16.00',NULL),(308,138,552,'2.00','3300.00','0.00','',1,'16.00',NULL),(309,139,552,'1.00','3300.00','0.00','',1,'16.00',NULL),(310,140,552,'1.00','3300.00','0.00','',1,'16.00',NULL),(311,141,552,'1.00','3300.00','0.00','',1,'16.00',NULL),(312,141,557,'2.00','400.00','0.00','',1,'16.00',NULL),(313,141,564,'2.00','400.00','0.00','',1,'16.00',NULL),(314,142,552,'1.00','3300.00','0.00','',1,'16.00',NULL),(315,143,552,'2.00','3300.00','0.00','',1,'16.00',NULL),(316,144,552,'2.00','3300.00','0.00','',1,'16.00',NULL),(317,145,552,'1.00','3300.00','0.00','',1,'16.00',NULL),(318,146,552,'3.00','3300.00','0.00','',1,'16.00',NULL),(319,147,564,'3.00','400.00','0.00','',1,'16.00',NULL),(320,147,561,'2.00','1950.00','0.00','',1,'16.00',NULL),(322,148,558,'5.00','850.00','0.00','',1,'16.00',NULL),(323,148,559,'3.00','100.00','0.00','',1,'16.00',NULL),(325,149,557,'3.00','400.00','0.00','',1,'16.00',NULL),(326,149,559,'6.00','100.00','0.00','',1,'16.00',NULL),(328,150,524,'1.00','910.00','0.00','',1,'16.00',NULL),(329,151,525,'5.00','730.00','0.00','',1,'16.00',NULL),(330,151,526,'3.00','620.00','0.00','',1,'16.00',NULL),(331,152,525,'1.00','730.00','0.00','',1,'16.00',NULL),(332,153,525,'1.00','730.00','0.00','',1,'16.00',NULL),(333,153,524,'1.00','910.00','0.00','',1,'16.00',NULL),(334,153,526,'1.00','620.00','0.00','',1,'16.00',NULL),(335,154,524,'1.00','910.00','0.00','',1,'16.00',NULL),(336,154,526,'1.00','620.00','0.00','',1,'16.00',NULL),(337,154,524,'1.00','910.00','0.00','',1,'16.00',NULL),(338,155,525,'10.00','730.00','0.00','',1,'16.00',NULL),(339,156,552,'2.00','3300.00','0.00','',1,'16.00',NULL),(340,157,525,'1.00','730.00','0.00','',1,'16.00',NULL),(341,158,926,'1.00','120.00','0.00','',1,'16.00',NULL),(342,158,523,'1.00','570.00','0.00','',1,'16.00',NULL),(343,158,524,'1.00','910.00','0.00','',1,'16.00',NULL),(344,159,926,'1.00','120.00','0.00','',1,'16.00',NULL),(345,159,926,'1.00','120.00','0.00','',1,'16.00',NULL),(346,159,526,'1.00','620.00','0.00','',1,'16.00',NULL),(347,159,523,'1.00','570.00','0.00','',1,'16.00',NULL),(351,160,526,'1.00','620.00','0.00','',1,'16.00',NULL),(352,160,523,'1.00','570.00','0.00','',1,'16.00',NULL),(353,160,524,'1.00','910.00','0.00','',1,'16.00',NULL),(354,160,525,'1.00','730.00','0.00','',1,'16.00',NULL),(358,161,523,'1.00','570.00','0.00','',1,'16.00',NULL),(359,161,524,'1.00','910.00','0.00','',1,'16.00',NULL),(360,161,526,'1.00','620.00','0.00','',1,'16.00',NULL),(361,162,926,'1.00','120.00','0.00','',1,'16.00',NULL),(362,162,926,'1.00','120.00','0.00','',1,'16.00',NULL),(363,162,926,'1.00','120.00','0.00','',1,'16.00',NULL),(364,162,926,'1.00','120.00','0.00','',1,'16.00',NULL),(365,162,926,'1.00','120.00','0.00','',1,'16.00',NULL),(368,163,926,'1.00','120.00','0.00','',1,'16.00',NULL),(369,163,524,'1.00','910.00','0.00','',1,'16.00',NULL),(370,163,526,'1.00','620.00','0.00','',1,'16.00',NULL),(371,163,524,'1.00','910.00','0.00','',1,'16.00',NULL),(372,163,525,'1.00','730.00','0.00','',1,'16.00',NULL),(375,164,926,'1.00','120.00','0.00','',1,'16.00',NULL),(376,164,523,'1.00','570.00','0.00','',1,'16.00',NULL),(377,164,524,'1.00','910.00','0.00','',1,'16.00',NULL),(378,165,525,'5.00','730.00','0.00','',1,'16.00',NULL),(379,165,523,'1.00','570.00','0.00','',1,'16.00',NULL),(380,165,526,'1.00','620.00','0.00','',1,'16.00',NULL),(381,166,526,'1.00','620.00','0.00','',1,'16.00',NULL),(382,166,526,'1.00','620.00','0.00','',1,'16.00',NULL),(383,166,526,'1.00','620.00','0.00','',1,'16.00',NULL),(384,166,523,'1.00','570.00','0.00','',1,'16.00',NULL),(385,166,524,'1.00','910.00','0.00','',1,'16.00',NULL),(386,166,523,'1.00','570.00','0.00','',1,'16.00',NULL),(387,166,523,'1.00','570.00','0.00','',1,'16.00',NULL),(388,166,525,'1.00','730.00','0.00','',1,'16.00',NULL),(389,166,526,'1.00','620.00','0.00','',1,'16.00',NULL),(396,167,523,'1.00','570.00','0.00','',1,'16.00',NULL),(397,168,525,'1.00','730.00','0.00','',1,'16.00',NULL),(398,168,523,'1.00','570.00','0.00','',1,'16.00',NULL),(399,168,524,'1.00','910.00','0.00','',1,'16.00',NULL),(400,169,523,'1.00','570.00','0.00','',1,'16.00',NULL),(401,170,525,'1.00','730.00','0.00','',1,'16.00',NULL),(402,170,524,'4.00','910.00','0.00','',1,'16.00',NULL),(403,170,523,'3.00','570.00','0.00','',1,'16.00',NULL),(404,171,525,'1.00','730.00','0.00','',1,'16.00',NULL),(405,172,524,'1.00','910.00','0.00','',1,'16.00',NULL),(406,173,523,'1.00','570.00','0.00','',1,'16.00','300 X 200 X 400'),(407,173,524,'1.00','910.00','0.00','',1,'16.00','120 X 255 X 450'),(409,174,523,'1.00','570.00','0.00','',1,'16.00','300X200X480'),(410,174,524,'1.00','910.00','0.00','',1,'16.00','60X140X250'),(411,174,526,'1.00','620.00','0.00','',1,'16.00','250X225X125'),(412,175,523,'1.00','570.00','0.00','',1,'16.00','300X225X400'),(413,175,524,'1.00','910.00','0.00','',1,'16.00','250X225X125'),(414,175,526,'1.00','620.00','0.00','',1,'16.00','340X180X330'),(415,176,552,'1.00','3300.00','0.00','',1,'16.00',''),(416,177,523,'1.00','570.00','0.00','',1,'16.00',''),(417,177,523,'1.00','570.00','0.00','',1,'16.00',''),(418,177,523,'1.00','570.00','0.00','',1,'16.00',''),(419,177,523,'1.00','570.00','0.00','',1,'16.00',''),(420,177,523,'1.00','570.00','0.00','',1,'16.00',''),(421,177,523,'1.00','570.00','0.00','',1,'16.00',''),(422,177,523,'1.00','570.00','0.00','',1,'16.00',''),(423,178,523,'1.00','570.00','0.00','',1,'16.00',''),(424,178,524,'1.00','910.00','0.00','',1,'16.00','');

/*Table structure for table `possalespayments` */

DROP TABLE IF EXISTS `possalespayments`;

CREATE TABLE `possalespayments` (
  `id` int(11) NOT NULL AUTO_INCREMENT,
  `possaleid` int(11) DEFAULT NULL,
  `paymentmode` int(11) DEFAULT NULL,
  `reference` varchar(50) DEFAULT NULL,
  `amount` decimal(10,2) DEFAULT NULL,
  `banked` tinyint(1) DEFAULT NULL,
  `bankingreference` varchar(50) DEFAULT NULL,
  PRIMARY KEY (`id`),
  KEY `possaleid` (`possaleid`),
  CONSTRAINT `possalespayments_ibfk_1` FOREIGN KEY (`possaleid`) REFERENCES `possales` (`id`)
) ENGINE=InnoDB AUTO_INCREMENT=189 DEFAULT CHARSET=latin1;

/*Data for the table `possalespayments` */

insert  into `possalespayments`(`id`,`possaleid`,`paymentmode`,`reference`,`amount`,`banked`,`bankingreference`) values (16,14,1,'','540.00',1,'5489796'),(17,15,2,'','3385.00',1,'5489796'),(18,16,2,'','11735.00',1,'5489796'),(19,17,1,'','3670.00',1,'5489796'),(20,18,3,'','1930.00',1,'5489796'),(21,19,1,'','18700.00',1,'5489796'),(22,20,1,'','15675.00',1,'5489796'),(23,21,2,'TEST12345','8425.00',1,'5489796'),(24,22,1,'','1640.00',1,'5489796'),(25,23,1,'','15155.00',1,'5489796'),(26,24,1,'','5700.00',1,'5489796'),(27,25,1,'','24000.00',1,'5489796'),(28,25,2,'OA2EXWAKO','1450.00',1,'5489796'),(30,26,1,'','20000.00',1,'5489796'),(31,27,1,'','5000.00',1,'5489796'),(32,28,1,'','10000.00',1,'5489796'),(33,28,2,'OA2EXWAKI','2050.00',1,'5489796'),(35,29,1,'','6000.00',1,'5489796'),(36,30,1,'','2000.00',1,'5489796'),(37,31,1,'','1500.00',1,'5489796'),(38,31,2,'Test001','2300.00',1,'5489796'),(40,32,1,'','6000.00',1,'5489796'),(41,32,2,'Testu364','3350.00',1,'5489796'),(42,33,1,'','14000.00',1,'5489796'),(43,34,1,'','3000.00',1,'5489796'),(44,35,1,'','2000.00',1,'5489796'),(45,36,1,'','900.00',1,'5489796'),(46,37,1,'','3000.00',1,'5489796'),(47,38,1,'','1500.00',1,'5489796'),(48,39,1,'','7000.00',1,'5489796'),(49,40,1,'','1710.00',1,'5489796'),(50,41,4,'0001','975.00',1,'5489796'),(51,44,1,'','0.00',1,'5489796'),(52,47,4,'CRS00006','9195.00',1,'5489796'),(53,48,1,'','3575.00',1,'5489796'),(54,49,4,'CRS00007','3800.00',NULL,NULL),(55,50,4,NULL,'147290.00',1,NULL),(56,52,4,NULL,'147290.00',1,NULL),(57,53,4,NULL,'233460.00',1,NULL),(58,54,4,NULL,'35890.00',1,NULL),(59,55,4,NULL,'26785.00',1,NULL),(60,56,4,NULL,'42760.00',1,NULL),(61,57,4,NULL,'92425.00',1,NULL),(62,58,4,NULL,'26470.00',1,NULL),(63,59,4,'RT00045','147290.00',1,'RT00045'),(64,60,4,'RT00045','233460.00',1,'RT00045'),(65,61,4,'RT00045','35890.00',1,'RT00045'),(66,62,4,'RT00045','26785.00',1,'RT00045'),(67,63,4,'RT00045','42760.00',1,'RT00045'),(68,64,4,'RT00045','92425.00',1,'RT00045'),(69,65,4,'RT00045','26470.00',1,'RT00045'),(70,66,4,'RT00045','147290.00',1,'RT00045'),(71,67,4,'RT00046','233460.00',1,'RT00046'),(72,68,4,'RT00047','35890.00',1,'RT00047'),(73,69,4,'RT00048','26785.00',1,'RT00048'),(74,70,4,'RT00049','42760.00',1,'RT00049'),(75,71,4,'RT00050','92425.00',1,'RT00050'),(76,72,4,'RT00051','26470.00',1,'RT00051'),(77,73,4,'CRS00008','2155.00',1,'TESTRICHARD'),(78,74,4,'CRS00009','15600.00',NULL,NULL),(79,76,1,'','3670.00',1,'18-Jan-2021'),(80,77,4,'CRS00010','7550.00',NULL,NULL),(81,78,1,'','650.00',1,'18-Jan-2021'),(82,79,2,'','3280.00',1,'OA2EXWAKO'),(83,80,1,'','6320.00',1,'68763'),(84,81,1,'','141800.00',1,'68763'),(85,82,1,'','141800.00',1,'68763'),(86,83,1,'','141800.00',1,'68763'),(87,84,1,'','141800.00',1,'68763'),(88,85,1,'','141800.00',1,'68763'),(89,86,1,'','141800.00',1,'68763'),(90,87,1,'','145900.00',1,'68763'),(91,88,1,'','4210.00',1,'68763'),(92,89,1,'','21610.00',NULL,NULL),(93,90,1,'','125000.00',NULL,NULL),(94,91,1,'','125000.00',NULL,NULL),(95,92,1,'','125000.00',NULL,NULL),(96,93,1,'','125000.00',NULL,NULL),(97,94,4,'CRS00011','125000.00',NULL,NULL),(98,95,4,'CRS00012','250.00',NULL,NULL),(99,96,4,'CRS00013','250.00',NULL,NULL),(100,97,4,'CRS00014','750.00',NULL,NULL),(101,98,4,'CRS00015','1750.00',NULL,NULL),(102,99,4,'CRS00017','2800.00',NULL,NULL),(103,100,4,'CRS00018','6900.00',NULL,NULL),(104,101,4,'CRS00019','4750.00',NULL,NULL),(105,102,4,'CRS00020','4500.00',NULL,NULL),(106,103,1,'','550.00',NULL,NULL),(107,103,2,'OA2EXWAKO','1000.00',NULL,NULL),(108,104,1,'','5000.00',1,'243234234'),(109,104,2,'','1010.00',NULL,NULL),(111,105,4,'CRS00021','4410.00',NULL,NULL),(112,106,1,'','1885.00',NULL,NULL),(113,107,1,'','1885.00',NULL,NULL),(114,108,1,'','10300.00',NULL,NULL),(115,109,1,'','5150.00',NULL,NULL),(116,110,1,'','24000.00',NULL,NULL),(117,111,1,'','2100.00',NULL,NULL),(118,112,1,'','570.00',NULL,NULL),(119,113,1,'','910.00',NULL,NULL),(120,114,1,'','1300.00',NULL,NULL),(121,115,1,'','1850.00',NULL,NULL),(122,116,1,'','2100.00',NULL,NULL),(123,117,1,'','4325.00',NULL,NULL),(124,118,1,'','7000.00',NULL,NULL),(125,119,1,'','6500.00',NULL,NULL),(126,120,1,'','2000.00',NULL,NULL),(127,121,1,'','31000.00',NULL,NULL),(128,122,1,'','730.00',NULL,NULL),(129,123,1,'','-270.00',NULL,NULL),(130,123,4,'CRS00022','1000.00',NULL,NULL),(132,124,1,'','1945.00',NULL,NULL),(133,125,1,'','8660.00',NULL,NULL),(134,126,1,'','1000.00',NULL,NULL),(135,127,1,'','1000.00',NULL,NULL),(136,128,1,'','5150.00',NULL,NULL),(137,129,1,'','1380.00',NULL,NULL),(138,130,1,'','9720.00',NULL,NULL),(139,131,1,'','910.00',NULL,NULL),(140,132,4,'CRS00023','4550.00',NULL,NULL),(141,133,1,'','5000.00',1,'342432342'),(142,134,1,'','500.00',NULL,NULL),(143,134,2,'375476534','70.00',NULL,NULL),(145,135,4,'CRS00024','910.00',NULL,NULL),(146,136,4,'CRS00025','4550.00',NULL,NULL),(147,137,1,'','10000.00',NULL,NULL),(148,138,1,'','10000.00',NULL,NULL),(149,139,1,'','5000.00',NULL,NULL),(150,140,1,'','5000.00',NULL,NULL),(151,141,1,'','5000.00',NULL,NULL),(152,142,1,'','4000.00',NULL,NULL),(153,143,1,'','7000.00',NULL,NULL),(154,144,1,'','7000.00',NULL,NULL),(155,145,1,'','5000.00',NULL,NULL),(156,146,1,'','10000.00',NULL,NULL),(157,147,1,'','5100.00',NULL,NULL),(158,148,1,'','5000.00',NULL,NULL),(159,149,1,'','2000.00',NULL,NULL),(160,150,1,'','910.00',NULL,NULL),(161,151,1,'','5510.00',NULL,NULL),(162,152,1,'','730.00',NULL,NULL),(163,153,1,'','2260.00',NULL,NULL),(164,154,1,'','2440.00',NULL,NULL),(165,155,2,'OA2EXWAKO','7300.00',NULL,NULL),(166,156,1,'','7000.00',NULL,NULL),(167,157,1,'','730.00',NULL,NULL),(168,158,1,'','1600.00',NULL,NULL),(169,159,1,'','1430.00',NULL,NULL),(170,160,1,'','2830.00',NULL,NULL),(171,161,1,'','2100.00',NULL,NULL),(172,162,1,'','600.00',NULL,NULL),(173,163,1,'','3290.00',NULL,NULL),(174,164,1,'','1600.00',NULL,NULL),(175,165,1,'','4840.00',NULL,NULL),(176,166,1,'','5830.00',NULL,NULL),(177,167,4,'CRS00026','570.00',NULL,NULL),(178,168,4,'CRS00027','3000.00',NULL,NULL),(179,169,4,'CRS00028','570.00',NULL,NULL),(180,170,4,'CRS00029','6080.00',NULL,NULL),(181,171,4,'CRS00030','730.00',NULL,NULL),(182,172,4,'CRS00031','910.00',NULL,NULL),(183,173,4,'CRS00032','1480.00',NULL,NULL),(184,174,4,'CRS00033','2100.00',NULL,NULL),(185,175,4,'CRS00034','2100.00',NULL,NULL),(186,176,1,'','4000.00',NULL,NULL),(187,177,2,'','4000.00',NULL,NULL),(188,178,1,'','1480.00',NULL,NULL);

/*Table structure for table `products` */

DROP TABLE IF EXISTS `products`;

CREATE TABLE `products` (
  `productid` int(11) NOT NULL AUTO_INCREMENT,
  `itemcode` varchar(50) NOT NULL,
  `itemname` varchar(50) DEFAULT NULL,
  `unitofmeasure` varchar(50) DEFAULT NULL,
  `buyingprice` decimal(10,2) DEFAULT NULL,
  `sellingprice` decimal(10,2) DEFAULT NULL,
  `categoryid` int(11) DEFAULT NULL,
  `dateadded` datetime DEFAULT NULL,
  `addedby` int(11) DEFAULT NULL,
  `deleted` tinyint(1) DEFAULT 0,
  `reorderlevel` decimal(10,0) DEFAULT NULL,
  `lastmodifiedon` datetime DEFAULT NULL,
  `lastmodifiedby` int(11) DEFAULT NULL,
  `wholesaleprice` decimal(10,2) DEFAULT NULL,
  `serializable` tinyint(1) DEFAULT NULL,
  `bundleitem` tinyint(1) DEFAULT NULL,
  `taxtypeid` int(11) DEFAULT NULL,
  `length` decimal(18,2) DEFAULT NULL,
  `width` decimal(18,2) DEFAULT NULL,
  `height` decimal(18,2) DEFAULT NULL,
  PRIMARY KEY (`productid`),
  KEY `productid` (`productid`),
  KEY `categoryid` (`categoryid`),
  KEY `addedby` (`addedby`),
  CONSTRAINT `products_ibfk_1` FOREIGN KEY (`categoryid`) REFERENCES `categories` (`categoryid`),
  CONSTRAINT `products_ibfk_2` FOREIGN KEY (`addedby`) REFERENCES `user` (`id`)
) ENGINE=InnoDB AUTO_INCREMENT=927 DEFAULT CHARSET=latin1;

/*Data for the table `products` */

insert  into `products`(`productid`,`itemcode`,`itemname`,`unitofmeasure`,`buyingprice`,`sellingprice`,`categoryid`,`dateadded`,`addedby`,`deleted`,`reorderlevel`,`lastmodifiedon`,`lastmodifiedby`,`wholesaleprice`,`serializable`,`bundleitem`,`taxtypeid`,`length`,`width`,`height`) values (522,'RGB0001','RGB 200ML','Rims','335.00','370.00',29,'2019-02-09 07:09:42',5,0,'100',NULL,NULL,NULL,NULL,NULL,1,'0.00','0.00','0.00'),(523,'RGB0002','RGB 300ML','Rims','520.00','570.00',29,'2019-02-09 07:10:13',5,0,'100',NULL,NULL,NULL,NULL,NULL,1,'0.00','0.00','0.00'),(524,'RGB0003','RGB 500ML','Rims','850.00','910.00',29,'2019-02-09 07:10:32',5,0,'100',NULL,NULL,NULL,NULL,NULL,1,'0.00','0.00','0.00'),(525,'RGB0004','RGB 1000ML','Rims','680.00','730.00',29,'2019-02-09 07:10:55',5,0,'100',NULL,NULL,NULL,NULL,NULL,1,'0.00','0.00','0.00'),(526,'RGB0005','RGB NOVIDA 300ML','Rims','582.00','620.00',29,'2019-02-09 07:11:42',5,0,'100',NULL,NULL,NULL,NULL,NULL,1,'0.00','0.00','0.00'),(527,'PET0001','PET NOVIDA 350ML','Rims','660.00','700.00',30,'2019-02-09 07:12:12',5,0,'100',NULL,NULL,NULL,NULL,NULL,1,'0.00','0.00','0.00'),(528,'PET0002','PET 350ML (24)','Rims','660.00','700.00',30,'2019-02-09 07:12:35',5,0,'100',NULL,NULL,NULL,NULL,NULL,1,'0.00','0.00','0.00'),(529,'PET0003','PET 425ML (24)','Rims','965.00','1020.00',30,'2019-02-09 07:12:51',5,0,'100','2019-07-29 08:15:40',5,NULL,NULL,NULL,1,'0.00','0.00','0.00'),(530,'PET0004','PET 500ML (24)','Rims','1200.00','1265.00',30,'2019-02-09 07:13:11',5,0,'100',NULL,NULL,NULL,NULL,NULL,1,'0.00','0.00','0.00'),(531,'PET0005','PET 1.25L (12)','Rims','1037.00','1080.00',30,'2019-02-09 07:13:42',5,0,'100',NULL,NULL,NULL,NULL,NULL,1,'0.00','0.00','0.00'),(532,'PET0006','PET 2L (6)','Rims','800.00','850.00',30,'2019-02-09 07:14:14',5,0,'100',NULL,NULL,NULL,NULL,NULL,1,'0.00','0.00','0.00'),(533,'PET0007','FUZE TEA 400ML (12)','Rims','760.00','800.00',30,'2019-02-09 07:14:44',5,0,'100',NULL,NULL,NULL,NULL,NULL,1,'0.00','0.00','0.00'),(534,'PET0008','MINUTE MAID 400 ML(24)','Rims','1240.00','1300.00',30,'2019-02-09 07:15:19',5,0,'100',NULL,NULL,NULL,NULL,NULL,1,'0.00','0.00','0.00'),(535,'PET0009','MINUTE MAID 400 ML WITH BITS (24)','Rims','1440.00','1500.00',30,'2019-02-09 07:15:42',5,0,'100',NULL,NULL,NULL,NULL,NULL,1,'0.00','0.00','0.00'),(536,'PET0010','MINUTE MAID 400 ML PULPY (24)','Rims','1440.00','1500.00',30,'2019-02-09 07:15:59',5,0,'100',NULL,NULL,NULL,NULL,NULL,1,'0.00','0.00','0.00'),(537,'PET0011','MINUTE MAID 1L PULPY (12)','Rims','1240.00','1300.00',30,'2019-02-09 07:16:35',5,0,'100',NULL,NULL,NULL,NULL,NULL,1,'0.00','0.00','0.00'),(538,'PET0012','MINUTE MAID 1L WITH BITS(12)','Rims','1240.00','1300.00',30,'2019-02-09 07:16:50',5,0,'100',NULL,NULL,NULL,NULL,NULL,1,'0.00','0.00','0.00'),(539,'PET0013','MINUTE MAID 1L (12)','Rims','1240.00','1300.00',30,'2019-02-09 07:17:10',5,0,'100',NULL,NULL,NULL,NULL,NULL,1,'0.00','0.00','0.00'),(540,'PET0014','MINUTE MAID 2L (6)','Rims','1015.00','1080.00',30,'2019-02-09 07:18:09',5,0,'100',NULL,NULL,NULL,NULL,NULL,1,'0.00','0.00','0.00'),(541,'PET0015','POWER PLAY 400ML (24)','Rims','950.00','1000.00',30,'2019-02-09 07:18:41',5,0,'100',NULL,NULL,NULL,NULL,NULL,1,'0.00','0.00','0.00'),(542,'PET0016','DASANI 500ML (24)','Rims','594.00','665.00',30,'2019-02-09 07:19:07',5,0,'100',NULL,NULL,NULL,NULL,NULL,1,'0.00','0.00','0.00'),(543,'PET0017','DASANI 1L (12)','Rims','531.00','580.00',30,'2019-02-09 07:19:32',5,0,'100',NULL,NULL,NULL,NULL,NULL,1,'0.00','0.00','0.00'),(544,'PET0018','DASANI 2L (6)','Rims','495.00','540.00',30,'2019-02-09 07:20:02',5,0,'100',NULL,NULL,NULL,NULL,NULL,1,'0.00','0.00','0.00'),(545,'PET0019','DASANI  500ML 4PACK','Rims','90.00','95.00',30,'2019-02-09 07:20:39',5,0,'100',NULL,NULL,NULL,NULL,NULL,1,'0.00','0.00','0.00'),(546,'PET0020','DASANI  1000ML 4PACK','Rims','185.00','195.00',30,'2019-02-09 07:20:59',5,0,'100',NULL,NULL,NULL,NULL,NULL,1,'0.00','0.00','0.00'),(547,'PET0021','KERINGET 500ML (24)','Rims','954.00','1070.00',30,'2019-02-09 07:21:27',5,0,'100',NULL,NULL,NULL,NULL,NULL,1,'0.00','0.00','0.00'),(548,'PET0022','KERINGET 1L (12)','Rims','785.00','895.00',30,'2019-02-09 07:21:55',5,0,'100',NULL,NULL,NULL,NULL,NULL,1,'0.00','0.00','0.00'),(549,'PET0023','KERINGET 18.9L','Rims','499.00','575.00',30,'2019-02-09 07:22:22',5,0,'100',NULL,NULL,NULL,NULL,NULL,1,'0.00','0.00','0.00'),(550,'PET0024','SCHWEPPES +C (24)','Rims','1310.00','1390.00',30,'2019-02-09 07:22:49',5,0,'100',NULL,NULL,NULL,NULL,NULL,1,'0.00','0.00','0.00'),(551,'PET0025','MONSTER (24)','Rims','3260.00','3360.00',30,'2019-02-09 07:23:12',5,0,'100',NULL,NULL,NULL,NULL,NULL,1,'0.00','0.00','0.00'),(552,'WIN00001','4TH STREET RED 5LTRS','KGs','2990.00','3300.00',30,'2019-09-14 15:29:27',5,0,'10','2023-02-14 05:18:04',5,'3150.00',0,0,1,'300.00','400.00','500.00'),(553,'WIN00002','4TH STREET RED750ML','Rims','630.00','850.00',31,'2019-09-14 15:29:28',5,0,'10',NULL,NULL,'725.00',NULL,NULL,1,'0.00','0.00','0.00'),(554,'WIN00003','4TH STREET WHITE 5LTRS ','Rims','2990.00','3300.00',31,'2019-09-14 15:29:28',5,0,'10',NULL,NULL,'3150.00',NULL,NULL,1,'0.00','0.00','0.00'),(555,'WIN00004','4TH STREET WHITE 750ML','Rims','630.00','850.00',31,'2019-09-14 15:29:28',5,0,'10',NULL,NULL,'725.00',NULL,NULL,1,'0.00','0.00','0.00'),(556,'WIN00005','ALL SEASON 750ML','Rims','640.00','750.00',31,'2019-09-14 15:29:28',5,0,'10',NULL,NULL,'680.00',NULL,NULL,1,'0.00','0.00','0.00'),(557,'WHI00001','ALL SEASON 350ML','Rims','315.00','400.00',32,'2019-09-14 15:29:28',5,0,'10',NULL,NULL,'340.00',NULL,NULL,1,'0.00','0.00','0.00'),(558,'WIN00006','ALTAR WINE 750ML','Rims','625.00','850.00',31,'2019-09-14 15:29:28',5,0,'10',NULL,NULL,'750.00',NULL,NULL,1,'0.00','0.00','0.00'),(559,'SOF00001','ALVARO PINEAPPLE','Rims','78.00','100.00',33,'2019-09-14 15:29:29',5,0,'10',NULL,NULL,'85.00',NULL,NULL,1,'0.00','0.00','0.00'),(560,'CRE00001','AMARULLA CREAM 375ML','KGs','888.00','1150.00',34,'2019-09-14 15:29:29',5,0,'10','2023-02-14 05:16:41',5,'1000.00',0,0,1,'0.00','0.00','0.00'),(561,'CRE00002','AMARULLA CREAM 750ML','Rims','1628.00','1950.00',34,'2019-09-14 15:29:29',5,0,'10',NULL,NULL,'1750.00',NULL,NULL,1,'0.00','0.00','0.00'),(562,'CRE00003','AMARULLA CREAM 1000ML','Rims','2260.00','2800.00',34,'2019-09-14 15:29:29',5,0,'10',NULL,NULL,'2400.00',NULL,NULL,1,'0.00','0.00','0.00'),(563,'CRE00004','AMERICAN HONEY','Rims','1672.00','2200.00',34,'2019-09-14 15:29:29',5,0,'10',NULL,NULL,'1760.00',NULL,NULL,1,'0.00','0.00','0.00'),(564,'WHI00002','B0ND 7 250ML','Rims','336.00','400.00',32,'2019-09-14 15:29:29',5,0,'10',NULL,NULL,'360.00',NULL,NULL,1,'0.00','0.00','0.00'),(565,'WHI00003','BOND 7  750ML','Rims','960.00','1200.00',32,'2019-09-14 15:29:30',5,0,'10',NULL,NULL,'1050.00',NULL,NULL,1,'0.00','0.00','0.00'),(566,'WHI00004','BOND 7 350ML','Rims','464.00','550.00',32,'2019-09-14 15:29:30',5,0,'10',NULL,NULL,'500.00',NULL,NULL,1,'0.00','0.00','0.00'),(567,'CRE00005','BAILEYS  CREAM  375ML','Rims','880.00','1150.00',34,'2019-09-14 15:29:30',5,0,'10',NULL,NULL,'1000.00',NULL,NULL,1,'0.00','0.00','0.00'),(568,'CRE00006','BAILEYS  CREAM  750ML','Rims','1720.00','1950.00',34,'2019-09-14 15:29:30',5,0,'10',NULL,NULL,'1850.00',NULL,NULL,1,'0.00','0.00','0.00'),(569,'CRE00007','BEST CREAM 250 ML','Rims','411.00','500.00',34,'2019-09-14 15:29:30',5,0,'10',NULL,NULL,'470.00',NULL,NULL,1,'0.00','0.00','0.00'),(570,'CRE00008','BEST CREAM 750ML','Rims','1110.00','1400.00',34,'2019-09-14 15:29:30',5,0,'10',NULL,NULL,'1250.00',NULL,NULL,1,'0.00','0.00','0.00'),(571,'GIN00001','BEST GIN 250ML','Rims','222.00','300.00',35,'2019-09-14 15:29:30',5,0,'10',NULL,NULL,'250.00',NULL,NULL,1,'0.00','0.00','0.00'),(572,'GIN00002','BEST GIN 750ML','Rims','575.00','700.00',35,'2019-09-14 15:29:31',5,0,'10',NULL,NULL,'650.00',NULL,NULL,1,'0.00','0.00','0.00'),(573,'WHI00005','BEST WHISKEY 250ML','Rims','254.00','300.00',32,'2019-09-14 15:29:31',5,0,'10',NULL,NULL,'270.00',NULL,NULL,1,'0.00','0.00','0.00'),(574,'WHI00006','BESTWHISKEY 750ML','Rims','682.00','850.00',32,'2019-09-14 15:29:31',5,0,'10',NULL,NULL,'750.00',NULL,NULL,1,'0.00','0.00','0.00'),(575,'WHI00007','BLACK AND WHITE 1 LTR','Rims','1004.00','1350.00',32,'2019-09-14 15:29:31',5,0,'10',NULL,NULL,'1250.00',NULL,NULL,1,'0.00','0.00','0.00'),(576,'WHI00008','BLACK AND WHITE 350ML','Rims','408.00','500.00',32,'2019-09-14 15:29:31',5,0,'10',NULL,NULL,'440.00',NULL,NULL,1,'0.00','0.00','0.00'),(577,'WHI00009','BLACK AND WHITE 750ML','Rims','785.00','950.00',32,'2019-09-14 15:29:31',5,0,'10',NULL,NULL,'830.00',NULL,NULL,1,'0.00','0.00','0.00'),(578,'WIN00007','CAMPARI','Rims','1368.00','1800.00',31,'2019-09-14 15:29:32',5,0,'10',NULL,NULL,'1440.00',NULL,NULL,1,'0.00','0.00','0.00'),(579,'WIN00008','CAPRICE SWEET RED','Rims','535.00','650.00',31,'2019-09-14 15:29:32',5,0,'10',NULL,NULL,'570.00',NULL,NULL,1,'0.00','0.00','0.00'),(580,'WIN00009','CAPRICE SWEET WHITE','Rims','535.00','650.00',31,'2019-09-14 15:29:32',5,0,'10',NULL,NULL,'570.00',NULL,NULL,1,'0.00','0.00','0.00'),(581,'WIN00010','CAPRISE DRY RED','Rims','535.00','650.00',31,'2019-09-14 15:29:32',5,0,'10',NULL,NULL,'570.00',NULL,NULL,1,'0.00','0.00','0.00'),(582,'WIN00011','CAPRISE DRY WHITE','Rims','535.00','650.00',31,'2019-09-14 15:29:32',5,0,'10',NULL,NULL,'570.00',NULL,NULL,1,'0.00','0.00','0.00'),(583,'WHI00010','CAPTAIN MARGON 750ML','Rims','696.00','850.00',32,'2019-09-14 15:29:33',5,0,'10',NULL,NULL,'750.00',NULL,NULL,1,'0.00','0.00','0.00'),(584,'WHI00011','CAPTAIN MOR D/BLACK 1LTR','Rims','1712.00','2150.00',32,'2019-09-14 15:29:33',5,0,'10',NULL,NULL,'1800.00',NULL,NULL,1,'0.00','0.00','0.00'),(585,'WHI00012','CAPTAIN MORGAN250ML','Rims','248.00','300.00',32,'2019-09-14 15:29:33',5,0,'10',NULL,NULL,'265.00',NULL,NULL,1,'0.00','0.00','0.00'),(586,'WIN00012','CELLAR CASK WHITE 5 LTRS','Rims','2990.00','3500.00',31,'2019-09-14 15:29:33',5,0,'10',NULL,NULL,'3300.00',NULL,NULL,1,'0.00','0.00','0.00'),(587,'WIN00013','CELLAR CAST RED 5LTRS','Rims','2990.00','3500.00',31,'2019-09-14 15:29:34',5,0,'10',NULL,NULL,'3300.00',NULL,NULL,1,'0.00','0.00','0.00'),(588,'WIN00014','CELLARCASK RED 750ML','Rims','715.00','850.00',31,'2019-09-14 15:29:34',5,0,'10',NULL,NULL,'780.00',NULL,NULL,1,'0.00','0.00','0.00'),(589,'WIN00015','CELLARCASK WHITE 750ML','Rims','715.00','850.00',31,'2019-09-14 15:29:34',5,0,'10',NULL,NULL,'780.00',NULL,NULL,1,'0.00','0.00','0.00'),(590,'WIN00016','CHAMDOR RED 750 ML','Rims','494.00','650.00',31,'2019-09-14 15:29:34',5,0,'10',NULL,NULL,'550.00',NULL,NULL,1,'0.00','0.00','0.00'),(591,'WHI00013','CHIVAS REGAL 12YRS 750ML','Rims','2895.00','3450.00',32,'2019-09-14 15:29:34',5,0,'10',NULL,NULL,'3000.00',NULL,NULL,1,'0.00','0.00','0.00'),(592,'VOD00001','CHROME 250ML','Rims','161.00','200.00',36,'2019-09-14 15:29:34',5,0,'10',NULL,NULL,'170.00',NULL,NULL,1,'0.00','0.00','0.00'),(593,'VOD00002','CHROME 750ML','Rims','444.00','550.00',36,'2019-09-14 15:29:35',5,0,'10',NULL,NULL,'480.00',NULL,NULL,1,'0.00','0.00','0.00'),(594,'WIN00017','CINZANO','Rims','836.00','1100.00',31,'2019-09-14 15:29:35',5,0,'10',NULL,NULL,'880.00',NULL,NULL,1,'0.00','0.00','0.00'),(595,'VOD00003','CIROC PINEAPPLE','Rims','2960.00','3500.00',36,'2019-09-14 15:29:35',5,0,'10',NULL,NULL,'3200.00',NULL,NULL,1,'0.00','0.00','0.00'),(596,'VOD00004','CIROC VODKA 1LTR','Rims','3440.00','4300.00',36,'2019-09-14 15:29:35',5,0,'10',NULL,NULL,'3900.00',NULL,NULL,1,'0.00','0.00','0.00'),(597,'VOD00005','CIROC 750ML','Rims','2960.00','3500.00',36,'2019-09-14 15:29:35',5,0,'10',NULL,NULL,'3200.00',NULL,NULL,1,'0.00','0.00','0.00'),(598,'VOD00006','CIROC 700ML','Rims','2960.00','3500.00',36,'2019-09-14 15:29:35',5,0,'10',NULL,NULL,'3200.00',NULL,NULL,1,'0.00','0.00','0.00'),(599,'WHI00014','CLUB CLASS 750ML','Rims','500.00','650.00',32,'2019-09-14 15:29:35',5,0,'10',NULL,NULL,'550.00',NULL,NULL,1,'0.00','0.00','0.00'),(600,'WHI00015','CLUB MAN 250ML','Rims','182.00','250.00',32,'2019-09-14 15:29:35',5,0,'10',NULL,NULL,'200.00',NULL,NULL,1,'0.00','0.00','0.00'),(601,'WHI00016','CLUB MAN 750ML','Rims','424.00','550.00',32,'2019-09-14 15:29:36',5,0,'10',NULL,NULL,'470.00',NULL,NULL,1,'0.00','0.00','0.00'),(602,'WHI00017','CLUB MAN350ML','Rims','213.00','300.00',32,'2019-09-14 15:29:36',5,0,'10',NULL,NULL,'235.00',NULL,NULL,1,'0.00','0.00','0.00'),(603,'BRA00001','COUNTY BRANDY  750 ML','Rims','476.00','550.00',37,'2019-09-14 15:29:36',5,0,'10',NULL,NULL,'540.00',NULL,NULL,1,'0.00','0.00','0.00'),(604,'BRA00002','COUNTY BRANDY 250 ML','Rims','148.00','180.00',37,'2019-09-14 15:29:36',5,0,'10',NULL,NULL,'160.00',NULL,NULL,1,'0.00','0.00','0.00'),(605,'VOD00007','CRESCENT  250 ML','Rims','127.00','300.00',36,'2019-09-14 15:29:36',5,0,'10',NULL,NULL,'145.00',NULL,NULL,1,'0.00','0.00','0.00'),(606,'JUI00001','DELMONTE','Rims','190.00','230.00',38,'2019-09-14 15:29:37',5,0,'10',NULL,NULL,'200.00',NULL,NULL,1,'0.00','0.00','0.00'),(607,'WIN00018','DROSTDY HOF FRED  5LTR','Rims','3180.00','3500.00',31,'2019-09-14 15:29:37',5,0,'10',NULL,NULL,'3350.00',NULL,NULL,1,'0.00','0.00','0.00'),(608,'WIN00019','DROSTDY HOF RED 3 LTRS','Rims','1450.00','1800.00',31,'2019-09-14 15:29:37',5,0,'10',NULL,NULL,'1700.00',NULL,NULL,1,'0.00','0.00','0.00'),(609,'WIN00020','DROSTDY HOF RED 750ML','Rims','617.00','850.00',31,'2019-09-14 15:29:37',5,0,'10',NULL,NULL,'780.00',NULL,NULL,1,'0.00','0.00','0.00'),(610,'WIN00021','DROSTDY HOF WHITE 5LTR','Rims','3180.00','3500.00',31,'2019-09-14 15:29:38',5,0,'10',NULL,NULL,'3350.00',NULL,NULL,1,'0.00','0.00','0.00'),(611,'WIN00022','DROSTDY HOF WHITE 750ML','Rims','617.00','850.00',31,'2019-09-14 15:29:38',5,0,'10',NULL,NULL,'750.00',NULL,NULL,1,'0.00','0.00','0.00'),(612,'WHI00018','FAMOUS GROUSE 375ml','Rims','910.00','1150.00',32,'2019-09-14 15:29:38',5,0,'10',NULL,NULL,'1050.00',NULL,NULL,1,'0.00','0.00','0.00'),(613,'WHI00019','FAMOUS GROUSE 750ML','Rims','1520.00','1800.00',32,'2019-09-14 15:29:38',5,0,'10',NULL,NULL,'1650.00',NULL,NULL,1,'0.00','0.00','0.00'),(614,'BEE00001','FAXE','Rims','155.00','200.00',39,'2019-09-14 15:29:38',5,0,'10',NULL,NULL,'170.00',NULL,NULL,1,'0.00','0.00','0.00'),(615,'BRA00003','FORTUNE  250ML','Rims','120.00','150.00',37,'2019-09-14 15:29:38',5,0,'10',NULL,NULL,'130.00',NULL,NULL,1,'0.00','0.00','0.00'),(616,'WIN00023','FOUR COUNSIS RED 750ML','Rims','630.00','750.00',31,'2019-09-14 15:29:38',5,0,'10',NULL,NULL,'700.00',NULL,NULL,1,'0.00','0.00','0.00'),(617,'WIN00024','FOUR COUSIN WHITE 750ML','Rims','630.00','750.00',31,'2019-09-14 15:29:38',5,0,'10',NULL,NULL,'700.00',NULL,NULL,1,'0.00','0.00','0.00'),(618,'LIQ00001','FRANGELICO','Rims','1482.00','2200.00',40,'2019-09-14 15:29:39',5,0,'10',NULL,NULL,'1560.00',NULL,NULL,1,'0.00','0.00','0.00'),(619,'WIN00025','FRANTERA S/ BLACK 750ML','Rims','630.00','850.00',31,'2019-09-14 15:29:39',5,0,'10',NULL,NULL,'750.00',NULL,NULL,1,'0.00','0.00','0.00'),(620,'WIN00026','GATO NEGRO WINE 750ML','Rims','655.00','850.00',31,'2019-09-14 15:29:39',5,0,'10',NULL,NULL,'750.00',NULL,NULL,1,'0.00','0.00','0.00'),(621,'GIN00003','GILBEYS 250ML','Rims','336.00','400.00',35,'2019-09-14 15:29:39',5,0,'10',NULL,NULL,'360.00',NULL,NULL,1,'0.00','0.00','0.00'),(622,'GIN00004','GILBEYS 350ML','Rims','464.00','600.00',35,'2019-09-14 15:29:39',5,0,'10',NULL,NULL,'500.00',NULL,NULL,1,'0.00','0.00','0.00'),(623,'GIN00005','GILBEYS 750ML','Rims','960.00','1200.00',35,'2019-09-14 15:29:39',5,0,'10',NULL,NULL,'1050.00',NULL,NULL,1,'0.00','0.00','0.00'),(624,'WHI00020','GLENFIDDISH 12YRS 750ML','Rims','3650.00','4250.00',32,'2019-09-14 15:29:39',5,0,'10',NULL,NULL,'4000.00',NULL,NULL,1,'0.00','0.00','0.00'),(625,'WHI00021','GLENGRANT','Rims','1786.00','2200.00',32,'2019-09-14 15:29:39',5,0,'10',NULL,NULL,'1920.00',NULL,NULL,1,'0.00','0.00','0.00'),(626,'WHI00022','GLENLIVERT 15YRS 750 ML','Rims','5800.00','6500.00',32,'2019-09-14 15:29:40',5,0,'10',NULL,NULL,'5900.00',NULL,NULL,1,'0.00','0.00','0.00'),(627,'WHI00023','GLENLIVERT 18YRS 750 ML','Rims','7600.00','8700.00',32,'2019-09-14 15:29:40',5,0,'10',NULL,NULL,'8200.00',NULL,NULL,1,'0.00','0.00','0.00'),(628,'WHI00024','GRANT RESERVE 750ML','Rims','1100.00','1400.00',32,'2019-09-14 15:29:40',5,0,'10',NULL,NULL,'1250.00',NULL,NULL,1,'0.00','0.00','0.00'),(629,'WHI00025','GRANTS 1L','Rims','1600.00','1800.00',32,'2019-09-14 15:29:40',5,0,'10',NULL,NULL,'1700.00',NULL,NULL,1,'0.00','0.00','0.00'),(630,'WHI00026','GRANTS 375','Rims','750.00','1000.00',32,'2019-09-14 15:29:40',5,0,'10',NULL,NULL,'850.00',NULL,NULL,1,'0.00','0.00','0.00'),(631,'BEE00002','GUINESS CAN','Rims','171.00','200.00',39,'2019-09-14 15:29:40',5,0,'10',NULL,NULL,'180.00',NULL,NULL,1,'0.00','0.00','0.00'),(632,'BEE00003','HEINKEN CAN 500ML','Rims','167.00','250.00',39,'2019-09-14 15:29:40',5,0,'10',NULL,NULL,'180.00',NULL,NULL,1,'0.00','0.00','0.00'),(633,'BEE00004','HEINKEN','Rims','163.00','200.00',39,'2019-09-14 15:29:40',5,0,'10',NULL,NULL,'170.00',NULL,NULL,1,'0.00','0.00','0.00'),(634,'WHI00027','HENNESY 750ML','Rims','2850.00','3500.00',32,'2019-09-14 15:29:40',5,0,'10',NULL,NULL,'3050.00',NULL,NULL,1,'0.00','0.00','0.00'),(635,'WHI00028','HENNESY VSOP 1LTR','Rims','7700.00','9000.00',32,'2019-09-14 15:29:40',5,0,'10',NULL,NULL,'8500.00',NULL,NULL,1,'0.00','0.00','0.00'),(636,'WHI00029','HUNTER 250ML','Rims','222.00','270.00',32,'2019-09-14 15:29:40',5,0,'10',NULL,NULL,'235.00',NULL,NULL,1,'0.00','0.00','0.00'),(637,'WHI00030','HUNTER 350ML','Rims','346.00','400.00',32,'2019-09-14 15:29:41',5,0,'10',NULL,NULL,'365.00',NULL,NULL,1,'0.00','0.00','0.00'),(638,'WHI00031','HUNTER 750ML','Rims','642.00','750.00',32,'2019-09-14 15:29:41',5,0,'10',NULL,NULL,'680.00',NULL,NULL,1,'0.00','0.00','0.00'),(639,'BEE00005','HUNTERS GOLD 330 ML','Rims','135.00','180.00',39,'2019-09-14 15:29:41',5,0,'10',NULL,NULL,'150.00',NULL,NULL,1,'0.00','0.00','0.00'),(640,'WHI00032','IMPERIAL BLUE 375ML','Rims','265.00','350.00',32,'2019-09-14 15:29:41',5,0,'10',NULL,NULL,'300.00',NULL,NULL,1,'0.00','0.00','0.00'),(641,'WHI00033','JACK DANIEL 1 LTR','Rims','3150.00','4000.00',32,'2019-09-14 15:29:41',5,0,'10',NULL,NULL,'3600.00',NULL,NULL,1,'0.00','0.00','0.00'),(642,'WHI00034','JACK DANIELS 1LTR HONNEY','Rims','3800.00','4500.00',32,'2019-09-14 15:29:41',5,0,'10',NULL,NULL,'4100.00',NULL,NULL,1,'0.00','0.00','0.00'),(643,'WHI00035','JACK DANIELS 200ML','Rims','680.00','950.00',32,'2019-09-14 15:29:41',5,0,'10',NULL,NULL,'800.00',NULL,NULL,1,'0.00','0.00','0.00'),(644,'WHI00036','JACK DANIELS 330ML','Rims','1390.00','1700.00',32,'2019-09-14 15:29:42',5,0,'10',NULL,NULL,'1550.00',NULL,NULL,1,'0.00','0.00','0.00'),(645,'WHI00037','JACK DANIELS 700ML','Rims','2650.00','3500.00',32,'2019-09-14 15:29:42',5,0,'10',NULL,NULL,'3100.00',NULL,NULL,1,'0.00','0.00','0.00'),(646,'WHI00038','JAMESON WHISKY 750ML','Rims','1650.00','1850.00',32,'2019-09-14 15:29:43',5,0,'10',NULL,NULL,'1750.00',NULL,NULL,1,'0.00','0.00','0.00'),(647,'WHI00039','JMESON  WHISKY 1LTR','Rims','2006.00','2400.00',32,'2019-09-14 15:29:43',5,0,'10',NULL,NULL,'2250.00',NULL,NULL,1,'0.00','0.00','0.00'),(648,'WHI00040','JMESON  WHISKY 375ML','Rims','900.00','1100.00',32,'2019-09-14 15:29:43',5,0,'10',NULL,NULL,'980.00',NULL,NULL,1,'0.00','0.00','0.00'),(649,'WHI00041','JOHN WALKER BALCK 375ML','Rims','1520.00','1750.00',32,'2019-09-14 15:29:43',5,0,'10',NULL,NULL,'1600.00',NULL,NULL,1,'0.00','0.00','0.00'),(650,'WHI00042','JOHN WALKER BLACK 750ML','Rims','3046.00','3800.00',32,'2019-09-14 15:29:43',5,0,'10',NULL,NULL,'3200.00',NULL,NULL,1,'0.00','0.00','0.00'),(651,'WHI00043','JOHN WALKER BLACK LEBEL 1LTR','Rims','4080.00','5100.00',32,'2019-09-14 15:29:43',5,0,'10',NULL,NULL,'4250.00',NULL,NULL,1,'0.00','0.00','0.00'),(652,'WHI00044','JOHN WALKER D/BLACK 750ML','Rims','3680.00','4500.00',32,'2019-09-14 15:29:43',5,0,'10',NULL,NULL,'4000.00',NULL,NULL,1,'0.00','0.00','0.00'),(653,'WHI00045','JOHN WALKER GREEN 750ML','Rims','4900.00','5600.00',32,'2019-09-14 15:29:43',5,0,'10',NULL,NULL,'5300.00',NULL,NULL,1,'0.00','0.00','0.00'),(654,'WHI00046','JOHN WALKER RED 1 LTR','Rims','2120.00','2500.00',32,'2019-09-14 15:29:44',5,0,'10',NULL,NULL,'2250.00',NULL,NULL,1,'0.00','0.00','0.00'),(655,'WHI00047','JOHN WALKER RED 375ML','Rims','984.00','1450.00',32,'2019-09-14 15:29:44',5,0,'10',NULL,NULL,'1100.00',NULL,NULL,1,'0.00','0.00','0.00'),(656,'WHI00048','JOHN WALKER RED750ML','Rims','1600.00','2000.00',32,'2019-09-14 15:29:44',5,0,'10',NULL,NULL,'1700.00',NULL,NULL,1,'0.00','0.00','0.00'),(657,'ENE00001','KABISA ENERGY DRINK','Rims','125.00','180.00',41,'2019-09-14 15:29:45',5,0,'10',NULL,NULL,'140.00',NULL,NULL,1,'0.00','0.00','0.00'),(658,'SPI00001','KANE EXTRA 250ML','Rims','141.00','180.00',42,'2019-09-14 15:29:46',5,0,'10',NULL,NULL,'150.00',NULL,NULL,1,'0.00','0.00','0.00'),(659,'SPI00002','KANE EXTRA 750ML','Rims','384.00','480.00',42,'2019-09-14 15:29:46',5,0,'10',NULL,NULL,'420.00',NULL,NULL,1,'0.00','0.00','0.00'),(660,'SPI00003','KENYA CANE 250ML','Rims','200.00','250.00',42,'2019-09-14 15:29:46',5,0,'10',NULL,NULL,'210.00',NULL,NULL,1,'0.00','0.00','0.00'),(661,'SPI00004','KENYA CANE 350ML','Rims','272.00','340.00',42,'2019-09-14 15:29:47',5,0,'10',NULL,NULL,'285.00',NULL,NULL,1,'0.00','0.00','0.00'),(662,'SPI00005','KENYA CANE 750ML','Rims','536.00','670.00',42,'2019-09-14 15:29:47',5,0,'10',NULL,NULL,'570.00',NULL,NULL,1,'0.00','0.00','0.00'),(663,'SPI00006','KENYA KING 250ML','Rims','135.00','180.00',42,'2019-09-14 15:29:47',5,0,'10',NULL,NULL,'150.00',NULL,NULL,1,'0.00','0.00','0.00'),(664,'SPI00007','KENYA KING 750ML','Rims','405.00','500.00',42,'2019-09-14 15:29:47',5,0,'10',NULL,NULL,'435.00',NULL,NULL,1,'0.00','0.00','0.00'),(665,'VOD00008','KIBAO VODKA 25OML','Rims','157.00','200.00',36,'2019-09-14 15:29:47',5,0,'10',NULL,NULL,'165.00',NULL,NULL,1,'0.00','0.00','0.00'),(666,'VOD00009','KIBAO VODKA 350ML','Rims','239.00','300.00',36,'2019-09-14 15:29:47',5,0,'10',NULL,NULL,'260.00',NULL,NULL,1,'0.00','0.00','0.00'),(667,'VOD00010','KIBAO VODKA 750ML','Rims','443.00','540.00',36,'2019-09-14 15:29:47',5,0,'10',NULL,NULL,'480.00',NULL,NULL,1,'0.00','0.00','0.00'),(668,'WIN00027','KINGFISHER 330ML','Rims','130.00','200.00',31,'2019-09-14 15:29:47',5,0,'10',NULL,NULL,'150.00',NULL,NULL,1,'0.00','0.00','0.00'),(669,'JUI00002','LIME JUICE 1.5LTR','Rims','220.00','300.00',38,'2019-09-14 15:29:48',5,0,'10',NULL,NULL,'250.00',NULL,NULL,1,'0.00','0.00','0.00'),(670,'JUI00003','LIME JUICE 700ML','Rims','130.00','150.00',38,'2019-09-14 15:29:48',5,0,'10',NULL,NULL,'140.00',NULL,NULL,1,'0.00','0.00','0.00'),(671,'WIN00028','LUIS MONNTOFORT 750ML','Rims','950.00','1300.00',31,'2019-09-14 15:29:48',5,0,'10',NULL,NULL,'1200.00',NULL,NULL,1,'0.00','0.00','0.00'),(672,'COG00001','MARTELL  V.S. 750ML','Rims','2930.00','3800.00',43,'2019-09-14 15:29:48',5,0,'10',NULL,NULL,'3300.00',NULL,NULL,1,'0.00','0.00','0.00'),(673,'SPI00008','MARTELL BLUE V.S.O.P 750ML','Rims','5300.00','6500.00',42,'2019-09-14 15:29:48',5,0,'10',NULL,NULL,'6000.00',NULL,NULL,1,'0.00','0.00','0.00'),(674,'WHI00049','MC MOHAN 750ML','Rims','630.00','850.00',32,'2019-09-14 15:29:49',5,0,'10',NULL,NULL,'700.00',NULL,NULL,1,'0.00','0.00','0.00'),(675,'VOD00011','MEANKEN 250ML','Rims','130.00','150.00',36,'2019-09-14 15:29:49',5,0,'10',NULL,NULL,'145.00',NULL,NULL,1,'0.00','0.00','0.00'),(676,'SPI00009','MEANKEN GENERAL250ML','Rims','120.00','180.00',42,'2019-09-14 15:29:49',5,0,'10',NULL,NULL,'130.00',NULL,NULL,1,'0.00','0.00','0.00'),(677,'ENE00002','MONSTER ENERGY','Rims','139.00','165.00',41,'2019-09-14 15:29:49',5,0,'10',NULL,NULL,'145.00',NULL,NULL,1,'0.00','0.00','0.00'),(678,'SPI00010','MOON WALKER 250ML','Rims','120.00','150.00',42,'2019-09-14 15:29:49',5,0,'10',NULL,NULL,'130.00',NULL,NULL,1,'0.00','0.00','0.00'),(679,'WHI00050','MR.DOWELS 250ML','Rims','200.00','250.00',32,'2019-09-14 15:29:49',5,0,'10',NULL,NULL,'220.00',NULL,NULL,1,'0.00','0.00','0.00'),(680,'BRA00004','NAPOLEON 250ML','Rims','135.00','170.00',37,'2019-09-14 15:29:49',5,0,'10',NULL,NULL,'150.00',NULL,NULL,1,'0.00','0.00','0.00'),(681,'BRA00005','NAPOLEON 750ML','Rims','405.00','500.00',37,'2019-09-14 15:29:50',5,0,'10',NULL,NULL,'435.00',NULL,NULL,1,'0.00','0.00','0.00'),(682,'RUM00001','OLD MONK RUM','Rims','655.00','850.00',44,'2019-09-14 15:29:50',5,0,'10',NULL,NULL,'800.00',NULL,NULL,1,'0.00','0.00','0.00'),(683,'WHI00051','OLD SMUGGLER','Rims','744.00','980.00',32,'2019-09-14 15:29:51',5,0,'10',NULL,NULL,'785.00',NULL,NULL,1,'0.00','0.00','0.00'),(684,'WHI00052','ORIJIN 250ML','Rims','170.00','250.00',32,'2019-09-14 15:29:51',5,0,'10',NULL,NULL,'200.00',NULL,NULL,1,'0.00','0.00','0.00'),(685,'WIN00029','PENASOL BOTTLE 330ML','Rims','495.00','650.00',31,'2019-09-14 15:29:52',5,0,'10',NULL,NULL,'550.00',NULL,NULL,1,'0.00','0.00','0.00'),(686,'WIN00030','PENASOL RED 1 LTR','Rims','490.00','650.00',31,'2019-09-14 15:29:52',5,0,'10',NULL,NULL,'570.00',NULL,NULL,1,'0.00','0.00','0.00'),(687,'JUI00004','PICK `\"N\" PEEL I LTR','Rims','175.00','200.00',38,'2019-09-14 15:29:52',5,0,'10',NULL,NULL,'190.00',NULL,NULL,1,'0.00','0.00','0.00'),(688,'BEE00006','PILSNER','Rims','164.00','200.00',39,'2019-09-14 15:29:52',5,0,'10',NULL,NULL,'180.00',NULL,NULL,1,'0.00','0.00','0.00'),(689,'VOD00012','PISTON 250ML','Rims','100.00','150.00',36,'2019-09-14 15:29:52',5,0,'10',NULL,NULL,'120.00',NULL,NULL,1,'0.00','0.00','0.00'),(690,'VOD00013','PISTON 500ML','Rims','190.00','300.00',36,'2019-09-14 15:29:53',5,0,'10',NULL,NULL,'250.00',NULL,NULL,1,'0.00','0.00','0.00'),(691,'ENE00003','RED BULL','Rims','130.00','180.00',41,'2019-09-14 15:29:53',5,0,'10',NULL,NULL,'145.00',NULL,NULL,1,'0.00','0.00','0.00'),(692,'BRA00006','RICHOT 250ML','Rims','336.00','400.00',37,'2019-09-14 15:29:53',5,0,'10',NULL,NULL,'360.00',NULL,NULL,1,'0.00','0.00','0.00'),(693,'BRA00007','RICHOT 350ML','Rims','464.00','550.00',37,'2019-09-14 15:29:53',5,0,'10',NULL,NULL,'500.00',NULL,NULL,1,'0.00','0.00','0.00'),(694,'BRA00008','RICHOT 750ML','Rims','960.00','1200.00',37,'2019-09-14 15:29:53',5,0,'10',NULL,NULL,'1050.00',NULL,NULL,1,'0.00','0.00','0.00'),(695,'SOF00002','SCHWEPPERS  +C','Rims','41.00','50.00',33,'2019-09-14 15:29:53',5,0,'10',NULL,NULL,'45.00',NULL,NULL,1,'0.00','0.00','0.00'),(696,'VOD00014','SKY VODKA','Rims','1026.00','1750.00',36,'2019-09-14 15:29:53',5,0,'10',NULL,NULL,'1400.00',NULL,NULL,1,'0.00','0.00','0.00'),(697,'VOD00015','SMINOF RED750ML','Rims','960.00','1200.00',36,'2019-09-14 15:29:54',5,0,'10',NULL,NULL,'1050.00',NULL,NULL,1,'0.00','0.00','0.00'),(698,'VOD00016','SMINOFF RED 250ML','Rims','336.00','400.00',36,'2019-09-14 15:29:54',5,0,'10',NULL,NULL,'360.00',NULL,NULL,1,'0.00','0.00','0.00'),(699,'VOD00017','SMINOFF RED 350ML','Rims','456.00','600.00',36,'2019-09-14 15:29:54',5,0,'10',NULL,NULL,'500.00',NULL,NULL,1,'0.00','0.00','0.00'),(700,'VOD00018','SMIRNOFF BLACK ICE CAN','Rims','133.00','170.00',36,'2019-09-14 15:29:54',5,0,'10',NULL,NULL,'145.00',NULL,NULL,1,'0.00','0.00','0.00'),(701,'VOD00019','SMIRNOFF GUARRANA','Rims','133.00','170.00',36,'2019-09-14 15:29:54',5,0,'10',NULL,NULL,'145.00',NULL,NULL,1,'0.00','0.00','0.00'),(702,'BEE00007','SNAP CAN','Rims','133.00','1700.00',39,'2019-09-14 15:29:54',5,0,'10',NULL,NULL,'145.00',NULL,NULL,1,'0.00','0.00','0.00'),(703,'SOF00003','SODA CANS','Rims','41.00','50.00',33,'2019-09-14 15:29:54',5,0,'10',NULL,NULL,'45.00',NULL,NULL,1,'0.00','0.00','0.00'),(704,'WHI00053','SOUTHERN COMFORT 700ML','Rims','1600.00','1900.00',32,'2019-09-14 15:29:54',5,0,'10',NULL,NULL,'1700.00',NULL,NULL,1,'0.00','0.00','0.00'),(705,'WIN00031','ST.ANNA 750 ML','Rims','655.00','850.00',31,'2019-09-14 15:29:55',5,0,'10',NULL,NULL,'750.00',NULL,NULL,1,'0.00','0.00','0.00'),(706,'WIN00032','THREE BARRELS 750ml','Rims','1300.00','1550.00',31,'2019-09-14 15:29:55',5,0,'10',NULL,NULL,'1400.00',NULL,NULL,1,'0.00','0.00','0.00'),(707,'BRA00009','TOP SECRET 250ML','Rims','190.00','250.00',37,'2019-09-14 15:29:55',5,0,'10',NULL,NULL,'220.00',NULL,NULL,1,'0.00','0.00','0.00'),(708,'BRA00010','TOP SECRET 750ML','Rims','540.00','680.00',37,'2019-09-14 15:29:55',5,0,'10',NULL,NULL,'600.00',NULL,NULL,1,'0.00','0.00','0.00'),(709,'VOD00020','TRIPLE ACE 250ML','Rims','137.00','200.00',36,'2019-09-14 15:29:55',5,0,'10',NULL,NULL,'150.00',NULL,NULL,1,'0.00','0.00','0.00'),(710,'VOD00021','TRIPLE ACE 750ML','Rims','376.00','500.00',36,'2019-09-14 15:29:55',5,0,'10',NULL,NULL,'430.00',NULL,NULL,1,'0.00','0.00','0.00'),(711,'BEE00008','TURBORG 500ML','Rims','150.00','220.00',39,'2019-09-14 15:29:55',5,0,'10',NULL,NULL,'180.00',NULL,NULL,1,'0.00','0.00','0.00'),(712,'BEE00009','TUSKER CIDER CAN','Rims','164.00','200.00',39,'2019-09-14 15:29:55',5,0,'10',NULL,NULL,'180.00',NULL,NULL,1,'0.00','0.00','0.00'),(713,'BEE00010','TUSKER LAGER CAN','Rims','155.00','200.00',39,'2019-09-14 15:29:55',5,0,'10',NULL,NULL,'175.00',NULL,NULL,1,'0.00','0.00','0.00'),(714,'BEE00011','TUSKER LITE CAN','Rims','164.00','200.00',39,'2019-09-14 15:29:56',5,0,'10',NULL,NULL,'180.00',NULL,NULL,1,'0.00','0.00','0.00'),(715,'BEE00012','TUSKER MALT CAN','Rims','155.00','200.00',39,'2019-09-14 15:29:56',5,0,'10',NULL,NULL,'175.00',NULL,NULL,1,'0.00','0.00','0.00'),(716,'LIQ00002','V AND A  250ML','Rims','216.00','270.00',40,'2019-09-14 15:29:56',5,0,'10',NULL,NULL,'230.00',NULL,NULL,1,'0.00','0.00','0.00'),(717,'LIQ00003','V AND A 750ML','Rims','568.00','700.00',40,'2019-09-14 15:29:56',5,0,'10',NULL,NULL,'600.00',NULL,NULL,1,'0.00','0.00','0.00'),(718,'WIN00033','VALLEY WINES RED 750ML','Rims','900.00','1200.00',31,'2019-09-14 15:29:56',5,0,'10',NULL,NULL,'1000.00',NULL,NULL,1,'0.00','0.00','0.00'),(719,'WIN00034','VALLEY WINES WHITE 750ML','Rims','900.00','1200.00',31,'2019-09-14 15:29:57',5,0,'10',NULL,NULL,'1000.00',NULL,NULL,1,'0.00','0.00','0.00'),(720,'WHI00054','VAT 69  750ML','Rims','1120.00','1380.00',32,'2019-09-14 15:29:57',5,0,'10',NULL,NULL,'1200.00',NULL,NULL,1,'0.00','0.00','0.00'),(721,'WHI00055','VAT 69 375ML','Rims','683.00','850.00',32,'2019-09-14 15:29:57',5,0,'10',NULL,NULL,'720.00',NULL,NULL,1,'0.00','0.00','0.00'),(722,'BRA00011','VICEROY 250ML','Rims','308.00','350.00',37,'2019-09-14 15:29:57',5,0,'10',NULL,NULL,'325.00',NULL,NULL,1,'0.00','0.00','0.00'),(723,'BRA00012','VICEROY 350ML','Rims','513.00','650.00',37,'2019-09-14 15:29:57',5,0,'10',NULL,NULL,'540.00',NULL,NULL,1,'0.00','0.00','0.00'),(724,'BRA00013','VICEROY 750ML','Rims','1072.00','1250.00',37,'2019-09-14 15:29:57',5,0,'10',NULL,NULL,'1120.00',NULL,NULL,1,'0.00','0.00','0.00'),(725,'BRA00014','WHITE CAP CAN','Rims','164.00','200.00',37,'2019-09-14 15:29:57',5,0,'10',NULL,NULL,'180.00',NULL,NULL,1,'0.00','0.00','0.00'),(726,'VOD00022','WHITE PEARL 250ML','Rims','120.00','150.00',36,'2019-09-14 15:29:57',5,0,'10',NULL,NULL,'130.00',NULL,NULL,1,'0.00','0.00','0.00'),(727,'WHI00056','WILD TURKEY','Rims','1672.00','2200.00',32,'2019-09-14 15:29:57',5,0,'10',NULL,NULL,'1760.00',NULL,NULL,1,'0.00','0.00','0.00'),(728,'WHI00057','WILLIAM LOWSONS 1 LTR','Rims','1300.00','1600.00',32,'2019-09-14 15:29:57',5,0,'10',NULL,NULL,'1400.00',NULL,NULL,1,'0.00','0.00','0.00'),(729,'WHI00058','WILLIAM LOWSONS 750ML','Rims','995.00','1300.00',32,'2019-09-14 15:29:58',5,0,'10',NULL,NULL,'1050.00',NULL,NULL,1,'0.00','0.00','0.00'),(730,'WHI00059','WILLIAM LOWSONS375ML','Rims','510.00','650.00',32,'2019-09-14 15:29:58',5,0,'10',NULL,NULL,'550.00',NULL,NULL,1,'0.00','0.00','0.00'),(731,'JUI00005','YATTA JUICE 1LTR','Rims','170.00','200.00',38,'2019-09-14 15:29:58',5,0,'10',NULL,NULL,'180.00',NULL,NULL,1,'0.00','0.00','0.00'),(732,'LIQ00004','ZAPPA SAMBUCA 750ML','Rims','1020.00','1350.00',40,'2019-09-14 15:29:58',5,0,'10',NULL,NULL,'1250.00',NULL,NULL,1,'0.00','0.00','0.00'),(733,'RGB00005','Test Soda','Rims','100.00','110.00',29,'2019-12-24 12:59:15',5,0,'5',NULL,NULL,NULL,NULL,NULL,1,'0.00','0.00','0.00'),(734,'RGB00006','Anothe Test Soda','Rims','120.00','130.00',29,'2019-12-24 13:00:04',5,0,'5',NULL,NULL,NULL,NULL,NULL,1,'0.00','0.00','0.00'),(735,'RGB00007','test1','Rims','1360.00','1599.00',29,'2019-12-29 15:48:06',5,0,'10',NULL,NULL,NULL,NULL,NULL,1,'0.00','0.00','0.00'),(736,'PET00026','Predator Gold 400ML','Rims','830.00','880.00',30,'2020-01-04 15:41:25',5,0,'100',NULL,NULL,NULL,NULL,NULL,1,'0.00','0.00','0.00'),(924,'RGB00008','Keringet 20L','Rims','1400.00','1485.00',29,'2022-10-07 12:45:59',5,0,'10',NULL,NULL,NULL,0,0,1,'0.00','0.00','0.00'),(925,'PET00030','Crate Deposit','Rims','460.00','460.00',30,'2022-11-06 18:18:45',5,0,'4',NULL,NULL,NULL,0,0,1,'0.00','0.00','0.00'),(926,'PET00031','Test Product','Rims','100.00','120.00',30,'2023-01-14 11:59:42',5,0,'5','2023-01-14 12:00:10',5,NULL,0,0,1,'0.00','0.00','0.00');

/*Table structure for table `propertydocumenttemplates` */

DROP TABLE IF EXISTS `propertydocumenttemplates`;

CREATE TABLE `propertydocumenttemplates` (
  `id` int(11) NOT NULL AUTO_INCREMENT,
  `description` varchar(50) DEFAULT NULL,
  PRIMARY KEY (`id`)
) ENGINE=InnoDB AUTO_INCREMENT=3 DEFAULT CHARSET=latin1;

/*Data for the table `propertydocumenttemplates` */

insert  into `propertydocumenttemplates`(`id`,`description`) values (1,'Design'),(2,'Floor Plan');

/*Table structure for table `purchaseorderapproval` */

DROP TABLE IF EXISTS `purchaseorderapproval`;

CREATE TABLE `purchaseorderapproval` (
  `id` int(11) NOT NULL AUTO_INCREMENT,
  `poid` int(11) DEFAULT NULL,
  `approvallevelid` int(11) DEFAULT NULL,
  `approvaluser` int(11) DEFAULT NULL,
  `approvaldate` datetime DEFAULT NULL,
  `narration` varchar(200) DEFAULT NULL,
  PRIMARY KEY (`id`),
  KEY `poid` (`poid`),
  KEY `approvallevelid` (`approvallevelid`),
  KEY `approvaluser` (`approvaluser`),
  CONSTRAINT `purchaseorderapproval_ibfk_1` FOREIGN KEY (`poid`) REFERENCES `purchaseorders` (`id`),
  CONSTRAINT `purchaseorderapproval_ibfk_2` FOREIGN KEY (`approvallevelid`) REFERENCES `purchaseorderapprovallevels` (`id`),
  CONSTRAINT `purchaseorderapproval_ibfk_3` FOREIGN KEY (`approvaluser`) REFERENCES `user` (`id`)
) ENGINE=InnoDB AUTO_INCREMENT=70 DEFAULT CHARSET=latin1;

/*Data for the table `purchaseorderapproval` */

insert  into `purchaseorderapproval`(`id`,`poid`,`approvallevelid`,`approvaluser`,`approvaldate`,`narration`) values (40,17,1,5,'2021-10-21 15:39:49','This is the first PO approval'),(41,17,2,5,'2021-10-21 15:51:35','This is PO finance approval'),(42,17,3,5,'2021-10-21 17:47:49',''),(43,18,1,5,'2021-10-21 18:22:49',''),(44,18,2,5,'2021-10-21 18:23:02',''),(45,18,3,5,'2021-10-21 18:23:22',''),(46,20,1,5,'2021-11-01 14:34:05',''),(47,20,2,5,'2021-11-01 14:34:13',''),(48,20,3,5,'2021-11-01 14:34:21',''),(49,22,1,5,'2021-11-15 18:20:03',''),(50,22,2,5,'2021-11-15 18:20:15',''),(51,22,3,5,'2021-11-15 18:20:28',''),(52,23,1,5,'2021-11-16 11:48:57',''),(53,23,2,11,'2021-11-16 12:52:01',''),(54,23,3,12,'2021-11-16 12:52:45',''),(55,11,1,5,'2023-02-17 19:38:52',''),(56,11,2,5,'2023-02-17 19:40:02',''),(57,11,3,5,'2023-02-17 19:43:14',''),(58,12,1,5,'2023-02-17 19:57:44',''),(59,12,2,5,'2023-02-17 19:58:36',''),(60,12,3,5,'2023-02-17 20:00:31',''),(61,24,1,5,'2023-02-18 04:59:25',''),(62,24,2,5,'2023-02-18 04:59:33',''),(63,24,3,5,'2023-02-18 05:00:09',''),(64,48,1,5,'2023-02-20 06:24:13',''),(65,48,2,5,'2023-02-20 06:24:35',''),(66,48,3,5,'2023-02-20 06:24:52',''),(67,49,1,5,'2023-02-23 05:13:12',''),(68,49,2,5,'2023-02-23 05:15:01',''),(69,49,3,5,'2023-02-23 05:15:11','');

/*Table structure for table `purchaseorderapprovallevels` */

DROP TABLE IF EXISTS `purchaseorderapprovallevels`;

CREATE TABLE `purchaseorderapprovallevels` (
  `id` int(11) NOT NULL AUTO_INCREMENT,
  `description` varchar(50) DEFAULT NULL,
  `hierarchy` int(11) DEFAULT NULL,
  `deleted` tinyint(1) DEFAULT NULL,
  `dateadded` datetime DEFAULT NULL,
  `addedby` int(11) DEFAULT NULL,
  `deletedby` int(11) DEFAULT NULL,
  `reasondeleted` varchar(100) DEFAULT NULL,
  PRIMARY KEY (`id`),
  KEY `addedby` (`addedby`),
  KEY `deletedby` (`deletedby`),
  CONSTRAINT `purchaseorderapprovallevels_ibfk_1` FOREIGN KEY (`addedby`) REFERENCES `user` (`id`),
  CONSTRAINT `purchaseorderapprovallevels_ibfk_2` FOREIGN KEY (`deletedby`) REFERENCES `user` (`id`)
) ENGINE=InnoDB AUTO_INCREMENT=4 DEFAULT CHARSET=latin1;

/*Data for the table `purchaseorderapprovallevels` */

insert  into `purchaseorderapprovallevels`(`id`,`description`,`hierarchy`,`deleted`,`dateadded`,`addedby`,`deletedby`,`reasondeleted`) values (1,'Finance',1,0,NULL,5,NULL,NULL),(2,'MD',2,0,NULL,5,NULL,NULL),(3,'Chairman',3,0,NULL,5,NULL,NULL);

/*Table structure for table `purchaseorderapprovalusers` */

DROP TABLE IF EXISTS `purchaseorderapprovalusers`;

CREATE TABLE `purchaseorderapprovalusers` (
  `id` int(11) NOT NULL AUTO_INCREMENT,
  `approvallevelid` int(11) DEFAULT NULL,
  `userid` int(11) DEFAULT NULL,
  `valid` tinyint(1) DEFAULT NULL,
  `addedby` int(11) DEFAULT NULL,
  `dateadded` datetime DEFAULT NULL,
  `invalidatedby` int(11) DEFAULT NULL,
  `dateinvalidated` datetime DEFAULT NULL,
  `departmentid` int(11) DEFAULT NULL,
  PRIMARY KEY (`id`),
  KEY `approvallevelid` (`approvallevelid`),
  KEY `userid` (`userid`),
  KEY `addedby` (`addedby`),
  KEY `invalidatedby` (`invalidatedby`),
  KEY `departmentid` (`departmentid`),
  CONSTRAINT `purchaseorderapprovalusers_ibfk_1` FOREIGN KEY (`approvallevelid`) REFERENCES `purchaseorderapprovallevels` (`id`),
  CONSTRAINT `purchaseorderapprovalusers_ibfk_2` FOREIGN KEY (`userid`) REFERENCES `user` (`id`),
  CONSTRAINT `purchaseorderapprovalusers_ibfk_3` FOREIGN KEY (`addedby`) REFERENCES `user` (`id`),
  CONSTRAINT `purchaseorderapprovalusers_ibfk_4` FOREIGN KEY (`invalidatedby`) REFERENCES `user` (`id`),
  CONSTRAINT `purchaseorderapprovalusers_ibfk_5` FOREIGN KEY (`departmentid`) REFERENCES `departments` (`id`)
) ENGINE=InnoDB AUTO_INCREMENT=43 DEFAULT CHARSET=latin1;

/*Data for the table `purchaseorderapprovalusers` */

insert  into `purchaseorderapprovalusers`(`id`,`approvallevelid`,`userid`,`valid`,`addedby`,`dateadded`,`invalidatedby`,`dateinvalidated`,`departmentid`) values (36,1,5,1,5,'2023-02-15 19:46:54',NULL,NULL,5),(37,1,5,1,5,'2023-02-15 19:46:54',NULL,NULL,8),(38,1,5,1,5,'2023-02-15 19:46:54',NULL,NULL,4),(39,1,5,1,5,'2023-02-15 19:46:54',NULL,NULL,1),(40,1,5,1,5,'2023-02-15 19:46:54',NULL,NULL,2),(41,1,5,1,5,'2023-02-15 19:46:54',NULL,NULL,6),(42,1,5,1,5,'2023-02-15 19:46:54',NULL,NULL,7);

/*Table structure for table `purchaseorderdetails` */

DROP TABLE IF EXISTS `purchaseorderdetails`;

CREATE TABLE `purchaseorderdetails` (
  `id` int(11) NOT NULL AUTO_INCREMENT,
  `purchaseorderid` int(11) DEFAULT NULL,
  `itemcode` int(50) DEFAULT NULL,
  `quanity` decimal(10,2) DEFAULT NULL,
  `unitprice` decimal(10,2) DEFAULT NULL,
  `taxable` tinyint(1) DEFAULT NULL,
  `taxinclusive` tinyint(1) DEFAULT 1,
  PRIMARY KEY (`id`),
  KEY `itemcode` (`itemcode`),
  KEY `purchaseorderid` (`purchaseorderid`),
  CONSTRAINT `purchaseorderdetails_ibfk_1` FOREIGN KEY (`itemcode`) REFERENCES `products` (`productid`),
  CONSTRAINT `purchaseorderdetails_ibfk_2` FOREIGN KEY (`purchaseorderid`) REFERENCES `purchaseorders` (`id`)
) ENGINE=InnoDB AUTO_INCREMENT=104 DEFAULT CHARSET=latin1;

/*Data for the table `purchaseorderdetails` */

insert  into `purchaseorderdetails`(`id`,`purchaseorderid`,`itemcode`,`quanity`,`unitprice`,`taxable`,`taxinclusive`) values (4,3,525,'10.00','680.00',NULL,1),(5,3,522,'20.00','335.00',NULL,1),(6,3,523,'30.00','520.00',NULL,1),(7,3,524,'10.00','850.00',NULL,1),(11,4,525,'5.00','680.00',NULL,1),(12,4,522,'4.00','335.00',NULL,1),(13,4,523,'6.00','520.00',NULL,1),(14,4,524,'10.00','850.00',NULL,1),(15,5,525,'20.00','680.00',NULL,1),(16,5,545,'10.00','90.00',NULL,1),(17,5,541,'5.00','950.00',NULL,1),(18,6,525,'5.00','680.00',NULL,1),(19,7,525,'5.00','680.00',NULL,1),(20,8,525,'5.00','680.00',NULL,1),(21,8,545,'10.00','90.00',NULL,1),(22,9,546,'1.00','185.00',NULL,1),(23,10,525,'1.00','680.00',NULL,1),(25,11,525,'1.00','680.00',NULL,1),(26,11,546,'1.00','185.00',NULL,1),(27,11,541,'1.00','950.00',NULL,1),(28,12,545,'30.00','90.00',NULL,1),(29,12,541,'20.00','950.00',NULL,1),(40,23,525,'5.00','680.00',NULL,1),(41,23,546,'6.00','185.00',NULL,1),(42,23,541,'2.00','950.00',NULL,1),(45,24,523,'1.00','520.00',NULL,1),(46,24,541,'1.00','950.00',NULL,1),(48,25,523,'40.00','520.00',NULL,1),(49,25,522,'70.00','335.00',NULL,1),(50,25,524,'20.00','850.00',NULL,1),(51,26,525,'20.00','680.00',NULL,1),(52,26,523,'1.00','520.00',NULL,1),(53,26,526,'1.00','582.00',NULL,1),(54,26,541,'1.00','950.00',NULL,1),(55,27,525,'30.00','680.00',NULL,1),(56,27,522,'21.00','335.00',NULL,1),(57,27,523,'74.00','520.00',NULL,1),(58,27,524,'16.00','850.00',NULL,1),(62,28,525,'5.00','680.00',NULL,1),(63,28,522,'6.00','335.00',NULL,1),(68,31,523,'16.00','520.00',NULL,1),(78,35,924,'100.00','1400.00',NULL,1),(79,36,925,'10.00','460.00',NULL,1),(80,37,925,'5.00','460.00',NULL,1),(81,38,925,'20.00','460.00',NULL,1),(82,39,524,'1.00','850.00',NULL,1),(83,40,524,'1.00','850.00',NULL,1),(84,40,523,'1.00','520.00',NULL,1),(85,40,522,'1.00','335.00',NULL,1),(86,41,523,'10.00','520.00',NULL,1),(87,41,925,'10.00','460.00',NULL,1),(89,42,925,'5.00','460.00',NULL,1),(90,43,524,'50.00','850.00',NULL,1),(91,44,926,'10.00','100.00',NULL,1),(92,45,634,'100.00','2850.00',NULL,1),(93,45,650,'20.00','3046.00',NULL,1),(94,45,523,'50.00','520.00',NULL,1),(95,46,524,'10.00','850.00',NULL,1),(96,48,525,'1.00','586.21',1,1),(97,48,522,'1.00','288.79',1,1),(98,48,652,'1.00','3172.41',1,1),(99,48,668,'1.00','112.07',1,1),(100,48,561,'1.00','1403.45',1,1),(101,49,525,'1.00','586.21',1,1),(102,49,522,'1.00','288.79',1,1),(103,49,522,'1.00','288.79',1,1);

/*Table structure for table `purchaseorders` */

DROP TABLE IF EXISTS `purchaseorders`;

CREATE TABLE `purchaseorders` (
  `id` int(11) NOT NULL AUTO_INCREMENT,
  `purchaseorderno` varchar(50) DEFAULT NULL,
  `date` datetime DEFAULT NULL,
  `supplierid` int(11) DEFAULT NULL,
  `departmentid` int(11) DEFAULT NULL,
  `expecteddate` datetime DEFAULT NULL,
  `status` varchar(50) DEFAULT 'Pending',
  `terms` varchar(1000) DEFAULT NULL,
  `addedby` int(11) DEFAULT NULL,
  `lastmodifiedon` datetime DEFAULT NULL,
  `lastmodifiedby` int(11) DEFAULT NULL,
  `reasoncancelled` varchar(100) DEFAULT NULL,
  `category` varchar(50) DEFAULT NULL,
  `currencyid` int(11) DEFAULT NULL,
  `exchangerate` decimal(18,2) DEFAULT NULL,
  `rejected` tinyint(1) DEFAULT 0,
  `rejecteddate` datetime DEFAULT NULL,
  `rejectedby` int(11) DEFAULT NULL,
  `rejectedreason` varchar(1000) DEFAULT NULL,
  `rejectedlevelid` int(11) DEFAULT NULL,
  `taxid` int(11) DEFAULT NULL,
  `taxrate` decimal(18,2) DEFAULT NULL,
  PRIMARY KEY (`id`),
  KEY `id` (`id`),
  KEY `addedby` (`addedby`),
  KEY `lastmodifiedby` (`lastmodifiedby`),
  KEY `departmentid` (`departmentid`),
  KEY `currencyid` (`currencyid`),
  KEY `rejectedby` (`rejectedby`),
  KEY `rejectedlevelid` (`rejectedlevelid`),
  KEY `taxid` (`taxid`),
  CONSTRAINT `purchaseorders_ibfk_1` FOREIGN KEY (`addedby`) REFERENCES `user` (`id`),
  CONSTRAINT `purchaseorders_ibfk_2` FOREIGN KEY (`lastmodifiedby`) REFERENCES `user` (`id`),
  CONSTRAINT `purchaseorders_ibfk_3` FOREIGN KEY (`departmentid`) REFERENCES `departments` (`id`),
  CONSTRAINT `purchaseorders_ibfk_4` FOREIGN KEY (`currencyid`) REFERENCES `currencies` (`id`),
  CONSTRAINT `purchaseorders_ibfk_5` FOREIGN KEY (`rejectedby`) REFERENCES `user` (`id`),
  CONSTRAINT `purchaseorders_ibfk_6` FOREIGN KEY (`rejectedlevelid`) REFERENCES `purchaseorderapprovallevels` (`id`),
  CONSTRAINT `purchaseorders_ibfk_7` FOREIGN KEY (`taxid`) REFERENCES `taxtypes` (`id`),
  CONSTRAINT `CONSTRAINT_1` CHECK (ucase(`category`) in ('PRODUCT','RAW MATERIAL'))
) ENGINE=InnoDB AUTO_INCREMENT=50 DEFAULT CHARSET=latin1;

/*Data for the table `purchaseorders` */

insert  into `purchaseorders`(`id`,`purchaseorderno`,`date`,`supplierid`,`departmentid`,`expecteddate`,`status`,`terms`,`addedby`,`lastmodifiedon`,`lastmodifiedby`,`reasoncancelled`,`category`,`currencyid`,`exchangerate`,`rejected`,`rejecteddate`,`rejectedby`,`rejectedreason`,`rejectedlevelid`,`taxid`,`taxrate`) values (3,'PO00003','2019-12-29 15:03:29',1,3,'2019-12-29 15:03:29','Pending','',5,NULL,NULL,NULL,'product',1,'1.00',0,NULL,NULL,NULL,NULL,NULL,NULL),(4,'PO00004','2020-01-04 15:22:00',1,3,'2020-01-04 15:22:00','Pending','',5,NULL,NULL,NULL,'product',1,'1.00',0,NULL,NULL,NULL,NULL,NULL,NULL),(5,'PO00005','2020-01-08 11:57:59',1,3,'2020-01-08 11:57:59','Pending','',5,NULL,NULL,NULL,'product',1,'1.00',0,NULL,NULL,NULL,NULL,NULL,NULL),(6,'PO00006','2020-01-09 09:43:54',1,3,'2020-01-09 09:43:54','Pending','',5,NULL,NULL,NULL,'product',1,'1.00',0,NULL,NULL,NULL,NULL,NULL,NULL),(7,'PO00007','2020-01-10 13:57:58',1,3,'2020-01-10 13:57:58','Pending','',5,NULL,NULL,NULL,'product',1,'1.00',0,NULL,NULL,NULL,NULL,NULL,NULL),(8,'PO00008','2020-02-29 17:21:56',1,3,'2020-02-29 17:21:56','Pending','',5,NULL,NULL,NULL,'product',1,'1.00',0,NULL,NULL,NULL,NULL,NULL,NULL),(9,'PO00009','2020-03-30 12:42:28',1,3,'2020-03-30 12:42:28','Pending','',5,NULL,NULL,NULL,'product',1,'1.00',0,NULL,NULL,NULL,NULL,NULL,NULL),(10,'PO00010','2020-03-30 12:55:10',1,3,'2020-03-30 12:55:10','Pending','',5,NULL,NULL,NULL,'product',1,'1.00',0,NULL,NULL,NULL,NULL,NULL,NULL),(11,'PO00011','2020-04-07 09:23:39',1,3,'2020-04-07 09:23:39','Pending','',5,NULL,NULL,NULL,'product',1,'1.00',0,NULL,NULL,NULL,NULL,NULL,NULL),(12,'PO00012','2020-04-21 15:37:04',1,3,'2020-04-21 15:37:04','Pending','Test PO',5,NULL,NULL,NULL,'product',1,'1.00',0,NULL,NULL,NULL,NULL,NULL,NULL),(13,'PO00013','2020-06-01 00:00:00',3,3,'2020-06-01 00:00:00','Pending','',5,NULL,NULL,NULL,'product',1,'1.00',0,NULL,NULL,NULL,NULL,NULL,NULL),(14,'PO00013','2020-06-01 00:00:00',3,3,'2020-06-01 00:00:00','Pending','',5,NULL,NULL,NULL,'product',1,'1.00',0,NULL,NULL,NULL,NULL,NULL,NULL),(15,'PO00013','2020-06-01 00:00:00',3,3,'2020-06-01 00:00:00','Pending','',5,NULL,NULL,NULL,'product',1,'1.00',0,NULL,NULL,NULL,NULL,NULL,NULL),(16,'PO00013','2020-06-01 00:00:00',3,3,'2020-06-01 00:00:00','Pending','',5,NULL,NULL,NULL,'product',1,'1.00',0,NULL,NULL,NULL,NULL,NULL,NULL),(17,'PO00013','2020-06-01 00:00:00',3,3,'2020-06-01 00:00:00','Pending','',5,NULL,NULL,NULL,'product',1,'1.00',0,NULL,NULL,NULL,NULL,NULL,NULL),(18,'PO00014','2020-06-01 00:00:00',1,3,'2020-06-01 00:00:00','Pending','',5,NULL,NULL,NULL,'product',1,'1.00',0,NULL,NULL,NULL,NULL,NULL,NULL),(19,'PO00015','2020-06-01 00:00:00',4,3,'2020-06-01 00:00:00','Pending','',5,NULL,NULL,NULL,'product',1,'1.00',0,NULL,NULL,NULL,NULL,NULL,NULL),(20,'PO00016','2020-06-01 00:00:00',5,3,'2020-06-01 00:00:00','Pending','',5,NULL,NULL,NULL,'product',1,'1.00',0,NULL,NULL,NULL,NULL,NULL,NULL),(21,'PO00017','2020-06-01 00:00:00',6,3,'2020-06-01 00:00:00','Pending','',5,NULL,NULL,NULL,'product',1,'1.00',0,NULL,NULL,NULL,NULL,NULL,NULL),(22,'PO00018','2020-06-01 00:00:00',6,3,'2020-06-01 00:00:00','Pending','',5,NULL,NULL,NULL,'product',1,'1.00',0,NULL,NULL,NULL,NULL,NULL,NULL),(23,'PO00019','2020-08-16 12:16:46',1,3,'2020-08-16 12:16:46','Pending','',5,NULL,NULL,NULL,'product',1,'1.00',0,NULL,NULL,NULL,NULL,NULL,NULL),(24,'PO00020','2020-11-10 12:27:36',1,3,'2020-11-10 12:27:36','Pending','',5,NULL,NULL,NULL,'product',1,'1.00',0,NULL,NULL,NULL,NULL,NULL,NULL),(25,'PO00021','2021-01-16 15:40:16',1,3,'2021-01-16 15:40:16','Pending','',5,NULL,NULL,NULL,'product',1,'1.00',0,NULL,NULL,NULL,NULL,NULL,NULL),(26,'PO00022','2021-01-19 22:00:41',8,3,'2021-01-19 22:00:41','Pending','',5,NULL,NULL,NULL,'product',1,'1.00',0,NULL,NULL,NULL,NULL,NULL,NULL),(27,'PO00023','2021-05-31 12:52:05',1,3,'2021-05-31 12:52:05','Pending','',5,NULL,NULL,NULL,'product',1,'1.00',0,NULL,NULL,NULL,NULL,NULL,NULL),(28,'PO00024','2021-06-10 11:05:35',1,3,'2021-06-10 11:05:35','Pending','',5,NULL,NULL,NULL,'product',1,'1.00',0,NULL,NULL,NULL,NULL,NULL,NULL),(29,'PO00025','2021-07-13 07:40:37',2,3,'2021-07-13 07:40:37','Pending','',5,NULL,NULL,NULL,'product',1,'1.00',0,NULL,NULL,NULL,NULL,NULL,NULL),(30,'PO00026','2021-07-16 08:12:51',2,3,'2021-07-16 08:12:51','Pending','',5,NULL,NULL,NULL,'product',1,'1.00',0,NULL,NULL,NULL,NULL,NULL,NULL),(31,'PO00027','2021-07-19 12:31:15',9,3,'2021-07-19 12:31:15','Pending','100% on order',5,NULL,NULL,NULL,'product',1,'1.00',0,NULL,NULL,NULL,NULL,NULL,NULL),(32,'PO00028','2021-07-21 14:23:39',8,3,'2021-07-21 14:23:39','Pending','',5,NULL,NULL,NULL,'product',1,'1.00',0,NULL,NULL,NULL,NULL,NULL,NULL),(33,'PO00029','2021-08-08 17:14:28',2,3,'2021-08-08 17:14:28','Pending','',5,NULL,NULL,NULL,'product',1,'1.00',0,NULL,NULL,NULL,NULL,NULL,NULL),(34,'PO00030','2021-08-11 11:44:15',2,3,'2021-08-11 11:44:15','Pending','',5,NULL,NULL,NULL,'product',1,'1.00',0,NULL,NULL,NULL,NULL,NULL,NULL),(35,'PO00031','2022-10-07 13:05:31',10,3,'2022-10-07 13:05:31','Pending','100% on delivery',9,NULL,NULL,NULL,'product',1,'1.00',0,NULL,NULL,NULL,NULL,NULL,NULL),(36,'PO00032','2022-11-06 18:26:26',7,3,'2022-11-06 18:26:26','Pending','Crate Deposit Refund',5,NULL,NULL,NULL,'product',1,'1.00',0,NULL,NULL,NULL,NULL,NULL,NULL),(37,'PO00033','2022-11-06 18:34:56',7,3,'2022-11-06 18:34:56','Pending','Crate Deposit Refund',5,NULL,NULL,NULL,'product',1,'1.00',0,NULL,NULL,NULL,NULL,NULL,NULL),(38,'PO00034','2022-11-06 18:39:50',7,3,'2022-11-06 18:39:50','Pending','Crate Deposit Refund',5,NULL,NULL,NULL,'product',1,'1.00',0,NULL,NULL,NULL,NULL,NULL,NULL),(39,'PO00035','2022-11-06 19:10:26',2,3,'2022-11-06 19:10:26','Pending','100% on order',5,NULL,NULL,NULL,'product',1,'1.00',0,NULL,NULL,NULL,NULL,NULL,NULL),(40,'PO00036','2022-11-10 17:10:42',8,3,'2022-11-10 17:10:42','Pending','',5,NULL,NULL,NULL,'product',1,'1.00',0,NULL,NULL,NULL,NULL,NULL,NULL),(41,'PO00037','2022-11-10 17:25:41',1,3,'2022-11-10 17:25:41','Pending','',5,NULL,NULL,NULL,'product',1,'1.00',0,NULL,NULL,NULL,NULL,NULL,NULL),(42,'PO00038','2022-11-10 17:27:36',7,3,'2022-11-10 17:27:36','Pending','Crate Deposit Refund',5,NULL,NULL,NULL,'product',1,'1.00',0,NULL,NULL,NULL,NULL,NULL,NULL),(43,'PO00039','2023-01-13 17:09:28',1,3,'2023-01-13 17:09:28','Pending','',5,NULL,NULL,NULL,'product',1,'1.00',0,NULL,NULL,NULL,NULL,NULL,NULL),(44,'PO00040','2023-01-14 12:00:52',2,3,'2023-01-14 12:00:52','Pending','',5,NULL,NULL,NULL,'product',1,'1.00',0,NULL,NULL,NULL,NULL,NULL,NULL),(45,'PO00041','2023-01-16 11:11:49',2,3,'2023-01-16 11:11:49','Pending','100% on order',5,NULL,NULL,NULL,'product',1,'1.00',0,NULL,NULL,NULL,NULL,NULL,NULL),(46,'PO00042','2023-01-30 08:25:15',2,3,'2023-01-30 08:25:15','Pending','',5,NULL,NULL,NULL,'product',1,'1.00',0,NULL,NULL,NULL,NULL,NULL,NULL),(48,'PO00043','2023-02-20 05:22:12',2,7,'2023-02-20 05:22:12','Pending','1) Items payable 100% on order\n2) The company reserves the right to reject defective, non-standard or items not meeting specifications as ordered\n3) All invoices are payable in demand\n4) Attach copy of the purchase order during delivery\n',5,NULL,NULL,NULL,'product',1,'16.00',0,NULL,NULL,NULL,NULL,1,'1.00'),(49,'PO00044','2023-02-23 05:12:45',2,4,'2023-02-23 05:12:45','Pending','1) Items are paid on delivery\n2) Only items meeting specification will be accepted\n3) Invoices are due on demand\n4) Include a copy of the quotation on order\n5) This quotation is valid for 7 days',5,NULL,NULL,NULL,'product',1,'16.00',0,NULL,NULL,NULL,NULL,1,'1.00');

/*Table structure for table `quotation` */

DROP TABLE IF EXISTS `quotation`;

CREATE TABLE `quotation` (
  `id` int(11) NOT NULL AUTO_INCREMENT,
  `quoteno` varchar(50) DEFAULT NULL,
  `quotedate` datetime DEFAULT NULL,
  `terms` varchar(1000) DEFAULT NULL,
  `customerid` int(11) DEFAULT NULL,
  `expirydate` datetime DEFAULT NULL,
  `addedby` int(11) DEFAULT NULL,
  `deleted` tinyint(1) DEFAULT NULL,
  `datedeleted` datetime DEFAULT NULL,
  `deletedby` int(11) DEFAULT NULL,
  `status` varchar(50) DEFAULT 'Valid',
  `category` varchar(50) DEFAULT NULL,
  PRIMARY KEY (`id`),
  KEY `customerid` (`customerid`),
  KEY `addedby` (`addedby`),
  KEY `deletedby` (`deletedby`),
  CONSTRAINT `quotation_ibfk_1` FOREIGN KEY (`customerid`) REFERENCES `customers` (`customerid`),
  CONSTRAINT `quotation_ibfk_2` FOREIGN KEY (`addedby`) REFERENCES `user` (`id`),
  CONSTRAINT `quotation_ibfk_3` FOREIGN KEY (`deletedby`) REFERENCES `user` (`id`)
) ENGINE=InnoDB AUTO_INCREMENT=11 DEFAULT CHARSET=utf8;

/*Data for the table `quotation` */

insert  into `quotation`(`id`,`quoteno`,`quotedate`,`terms`,`customerid`,`expirydate`,`addedby`,`deleted`,`datedeleted`,`deletedby`,`status`,`category`) values (6,NULL,'2023-01-13 15:57:24','<Choose One>',15,'2023-02-12 15:57:24',5,0,NULL,NULL,'Valid','general'),(7,NULL,'2023-01-13 15:57:53','100 percent on order',11,'2023-02-12 15:57:53',5,0,NULL,NULL,'Valid','general'),(8,'QT00001','2023-01-13 15:59:58','100 percent on order',11,'2023-02-12 15:59:58',5,0,NULL,NULL,'Valid','general'),(9,'QT00002','2023-01-16 11:37:15','100 percent on order',30,'2023-02-15 11:37:15',5,0,NULL,NULL,'Valid','general'),(10,'QT00003','2023-02-22 05:49:06','1)  Items are paid on delivery\n2) Only items meeti',25,'2023-03-24 05:49:06',5,0,NULL,NULL,'Valid','corrugatedbox');

/*Table structure for table `quotationapproval` */

DROP TABLE IF EXISTS `quotationapproval`;

CREATE TABLE `quotationapproval` (
  `id` int(11) NOT NULL AUTO_INCREMENT,
  `quoteid` int(11) DEFAULT NULL,
  `userid` int(11) DEFAULT NULL,
  `approvallevelid` int(11) DEFAULT NULL,
  `approvaldate` datetime DEFAULT NULL,
  `narration` varchar(1000) DEFAULT NULL,
  PRIMARY KEY (`id`),
  KEY `quoteid` (`quoteid`),
  KEY `userid` (`userid`),
  KEY `approvallevelid` (`approvallevelid`),
  CONSTRAINT `quotationapproval_ibfk_1` FOREIGN KEY (`quoteid`) REFERENCES `quotation` (`id`),
  CONSTRAINT `quotationapproval_ibfk_2` FOREIGN KEY (`userid`) REFERENCES `user` (`id`),
  CONSTRAINT `quotationapproval_ibfk_3` FOREIGN KEY (`approvallevelid`) REFERENCES `quotationapprovallevels` (`id`)
) ENGINE=InnoDB DEFAULT CHARSET=latin1;

/*Data for the table `quotationapproval` */

/*Table structure for table `quotationapprovallevels` */

DROP TABLE IF EXISTS `quotationapprovallevels`;

CREATE TABLE `quotationapprovallevels` (
  `id` int(11) NOT NULL AUTO_INCREMENT,
  `description` varchar(50) DEFAULT NULL,
  `hierarchy` int(11) DEFAULT NULL,
  `deleted` tinyint(1) DEFAULT 0,
  `dateadded` datetime DEFAULT NULL,
  `addedby` int(11) DEFAULT NULL,
  `deletedby` int(11) DEFAULT NULL,
  `datedeleted` datetime DEFAULT NULL,
  PRIMARY KEY (`id`),
  KEY `addedby` (`addedby`),
  KEY `deletedby` (`deletedby`),
  CONSTRAINT `quotationapprovallevels_ibfk_1` FOREIGN KEY (`addedby`) REFERENCES `user` (`id`),
  CONSTRAINT `quotationapprovallevels_ibfk_2` FOREIGN KEY (`deletedby`) REFERENCES `user` (`id`)
) ENGINE=InnoDB DEFAULT CHARSET=latin1;

/*Data for the table `quotationapprovallevels` */

/*Table structure for table `quotationapprovalusers` */

DROP TABLE IF EXISTS `quotationapprovalusers`;

CREATE TABLE `quotationapprovalusers` (
  `id` int(11) NOT NULL AUTO_INCREMENT,
  `approvallevelid` int(11) DEFAULT NULL,
  `userid` int(11) DEFAULT NULL,
  `valid` tinyint(1) DEFAULT 1,
  `addedby` int(11) DEFAULT NULL,
  `dateadded` datetime DEFAULT NULL,
  `invalidateddate` datetime DEFAULT NULL,
  `invalidatedby` int(11) DEFAULT NULL,
  PRIMARY KEY (`id`),
  KEY `approvallevelid` (`approvallevelid`),
  KEY `userid` (`userid`),
  KEY `addedby` (`addedby`),
  KEY `invalidatedby` (`invalidatedby`),
  CONSTRAINT `quotationapprovalusers_ibfk_1` FOREIGN KEY (`approvallevelid`) REFERENCES `quotationapprovallevels` (`id`),
  CONSTRAINT `quotationapprovalusers_ibfk_2` FOREIGN KEY (`userid`) REFERENCES `user` (`id`),
  CONSTRAINT `quotationapprovalusers_ibfk_3` FOREIGN KEY (`addedby`) REFERENCES `user` (`id`),
  CONSTRAINT `quotationapprovalusers_ibfk_4` FOREIGN KEY (`invalidatedby`) REFERENCES `user` (`id`)
) ENGINE=InnoDB DEFAULT CHARSET=latin1;

/*Data for the table `quotationapprovalusers` */

/*Table structure for table `quotationdetails` */

DROP TABLE IF EXISTS `quotationdetails`;

CREATE TABLE `quotationdetails` (
  `id` int(11) NOT NULL AUTO_INCREMENT,
  `quoteid` int(11) DEFAULT NULL,
  `itemid` int(11) DEFAULT NULL,
  `description` varchar(500) DEFAULT NULL,
  `quantity` decimal(18,2) DEFAULT NULL,
  `unitprice` decimal(18,2) DEFAULT NULL,
  `length` decimal(18,2) DEFAULT 0.00,
  `width` decimal(18,2) DEFAULT 0.00,
  `height` decimal(18,2) DEFAULT NULL,
  `gsm` decimal(18,2) DEFAULT NULL,
  `weight` decimal(18,4) DEFAULT NULL,
  `plies` decimal(18,2) DEFAULT NULL,
  `jointallowance` decimal(18,2) DEFAULT NULL,
  `trimallowance` decimal(18,2) DEFAULT NULL,
  `profitmargin` decimal(18,2) DEFAULT NULL,
  `printing` decimal(18,2) DEFAULT NULL,
  `freight` decimal(18,2) DEFAULT NULL,
  `waste` decimal(18,2) DEFAULT NULL,
  `flutefactor` decimal(18,2) DEFAULT NULL,
  PRIMARY KEY (`id`),
  KEY `quoteid` (`quoteid`),
  KEY `itemid` (`itemid`),
  CONSTRAINT `quotationdetails_ibfk_1` FOREIGN KEY (`quoteid`) REFERENCES `quotation` (`id`),
  CONSTRAINT `quotationdetails_ibfk_2` FOREIGN KEY (`itemid`) REFERENCES `products` (`productid`)
) ENGINE=InnoDB AUTO_INCREMENT=23 DEFAULT CHARSET=utf8;

/*Data for the table `quotationdetails` */

insert  into `quotationdetails`(`id`,`quoteid`,`itemid`,`description`,`quantity`,`unitprice`,`length`,`width`,`height`,`gsm`,`weight`,`plies`,`jointallowance`,`trimallowance`,`profitmargin`,`printing`,`freight`,`waste`,`flutefactor`) values (14,6,582,'','10.00','650.00','0.00','0.00',NULL,NULL,NULL,NULL,NULL,NULL,NULL,NULL,NULL,NULL,NULL),(15,7,578,'','1.00','1800.00','0.00','0.00',NULL,NULL,NULL,NULL,NULL,NULL,NULL,NULL,NULL,NULL,NULL),(16,7,656,'','1.00','2000.00','0.00','0.00',NULL,NULL,NULL,NULL,NULL,NULL,NULL,NULL,NULL,NULL,NULL),(17,7,668,'','10.00','200.00','0.00','0.00',NULL,NULL,NULL,NULL,NULL,NULL,NULL,NULL,NULL,NULL,NULL),(18,8,578,'','1.00','1800.00','0.00','0.00',NULL,NULL,NULL,NULL,NULL,NULL,NULL,NULL,NULL,NULL,NULL),(19,8,656,'','1.00','2000.00','0.00','0.00',NULL,NULL,NULL,NULL,NULL,NULL,NULL,NULL,NULL,NULL,NULL),(20,8,668,'','10.00','200.00','0.00','0.00',NULL,NULL,NULL,NULL,NULL,NULL,NULL,NULL,NULL,NULL,NULL),(21,9,656,'','5.00','2000.00','0.00','0.00',NULL,NULL,NULL,NULL,NULL,NULL,NULL,NULL,NULL,NULL,NULL),(22,10,552,'','300.00','99.29','250.00','225.00','150.00','150.00','0.0000','5.00','30.00','25.00','30.00','0.00','0.00','5.00','1.50');

/*Table structure for table `quotationterms` */

DROP TABLE IF EXISTS `quotationterms`;

CREATE TABLE `quotationterms` (
  `id` int(10) unsigned NOT NULL AUTO_INCREMENT,
  `termname` varchar(50) DEFAULT NULL,
  `description` varchar(1000) DEFAULT NULL,
  PRIMARY KEY (`id`)
) ENGINE=InnoDB AUTO_INCREMENT=3 DEFAULT CHARSET=utf8;

/*Data for the table `quotationterms` */

insert  into `quotationterms`(`id`,`termname`,`description`) values (1,'100','100 percent on Delivery'),(2,'50/50','50 percent on Order, 50 percent on Delivery');

/*Table structure for table `rawmaterialcategories` */

DROP TABLE IF EXISTS `rawmaterialcategories`;

CREATE TABLE `rawmaterialcategories` (
  `categoryid` int(11) NOT NULL AUTO_INCREMENT,
  `categoryname` varchar(50) DEFAULT NULL,
  `prefix` varchar(50) DEFAULT NULL,
  `currentno` int(11) DEFAULT NULL,
  PRIMARY KEY (`categoryid`)
) ENGINE=InnoDB AUTO_INCREMENT=6 DEFAULT CHARSET=latin1;

/*Data for the table `rawmaterialcategories` */

insert  into `rawmaterialcategories`(`categoryid`,`categoryname`,`prefix`,`currentno`) values (1,'Reels',NULL,NULL),(2,'Inks',NULL,NULL),(3,'Glue Mixing',NULL,NULL),(4,'Lubricants',NULL,NULL),(5,'Papers',NULL,NULL);

/*Table structure for table `rawmaterialpurchaseorders` */

DROP TABLE IF EXISTS `rawmaterialpurchaseorders`;

CREATE TABLE `rawmaterialpurchaseorders` (
  `orderid` int(11) NOT NULL AUTO_INCREMENT,
  `orderno` varchar(50) DEFAULT NULL,
  `supplierid` int(11) DEFAULT NULL,
  `dateadded` datetime DEFAULT NULL,
  `currencyid` int(11) DEFAULT NULL,
  `exchangerate` decimal(18,2) DEFAULT NULL,
  `orderterms` varchar(1000) DEFAULT NULL,
  `addedby` int(11) DEFAULT NULL,
  `status` varchar(50) DEFAULT NULL,
  `emailed` tinyint(1) DEFAULT 0,
  PRIMARY KEY (`orderid`)
) ENGINE=InnoDB DEFAULT CHARSET=latin1;

/*Data for the table `rawmaterialpurchaseorders` */

/*Table structure for table `rawmaterialreceiptdetail` */

DROP TABLE IF EXISTS `rawmaterialreceiptdetail`;

CREATE TABLE `rawmaterialreceiptdetail` (
  `id` int(11) NOT NULL AUTO_INCREMENT,
  `receiptid` int(11) DEFAULT NULL,
  `materialid` int(11) DEFAULT NULL,
  `orderid` int(11) DEFAULT NULL,
  `quantity` decimal(18,2) DEFAULT NULL,
  PRIMARY KEY (`id`)
) ENGINE=InnoDB DEFAULT CHARSET=latin1;

/*Data for the table `rawmaterialreceiptdetail` */

/*Table structure for table `rawmaterialreceipts` */

DROP TABLE IF EXISTS `rawmaterialreceipts`;

CREATE TABLE `rawmaterialreceipts` (
  `receiptid` int(11) NOT NULL AUTO_INCREMENT,
  `grnno` varchar(50) DEFAULT NULL,
  `datereceived` datetime DEFAULT NULL,
  `addedby` int(11) DEFAULT NULL,
  `narration` varchar(1000) DEFAULT NULL,
  `inspectedby` int(11) DEFAULT NULL,
  `supplierid` int(11) DEFAULT NULL,
  `deliverynoteno` varchar(50) DEFAULT NULL,
  PRIMARY KEY (`receiptid`)
) ENGINE=InnoDB DEFAULT CHARSET=latin1;

/*Data for the table `rawmaterialreceipts` */

/*Table structure for table `rawmaterials` */

DROP TABLE IF EXISTS `rawmaterials`;

CREATE TABLE `rawmaterials` (
  `materialid` int(11) NOT NULL AUTO_INCREMENT,
  `itemcode` varchar(50) DEFAULT NULL,
  `materialname` varchar(50) DEFAULT NULL,
  `categoryid` int(11) DEFAULT NULL,
  `unitprice` decimal(18,2) DEFAULT NULL,
  `physicalproduct` tinyint(1) DEFAULT NULL,
  `uom` varchar(40) DEFAULT NULL,
  `dateadded` datetime DEFAULT NULL,
  `addedby` int(11) DEFAULT NULL,
  `deleted` tinyint(1) DEFAULT 0,
  `datedeleted` datetime DEFAULT NULL,
  `deletedby` int(11) DEFAULT NULL,
  PRIMARY KEY (`materialid`)
) ENGINE=InnoDB AUTO_INCREMENT=16 DEFAULT CHARSET=latin1;

/*Data for the table `rawmaterials` */

insert  into `rawmaterials`(`materialid`,`itemcode`,`materialname`,`categoryid`,`unitprice`,`physicalproduct`,`uom`,`dateadded`,`addedby`,`deleted`,`datedeleted`,`deletedby`) values (1,NULL,'Engredeon',3,'400.00',1,'KGs','2023-02-15 16:51:03',1,0,NULL,NULL),(2,NULL,'Caustic Soda',3,'290.00',1,NULL,'2023-02-15 16:53:22',1,0,NULL,NULL),(3,NULL,'Borax Painter',3,'100.00',1,NULL,'2023-02-15 16:55:12',1,0,NULL,NULL),(4,NULL,'Formaline',3,'100.00',1,NULL,'2023-02-15 16:55:23',1,0,NULL,NULL),(5,NULL,'Tapioza',3,'100.00',1,NULL,'2023-02-15 16:55:40',1,0,NULL,NULL),(6,NULL,'Hydraulic Oil',4,'100.00',1,NULL,'2023-02-15 16:55:59',1,0,NULL,NULL),(7,NULL,'Gear Oil',4,'100.00',1,NULL,'2023-02-15 16:56:16',1,0,NULL,NULL),(8,NULL,'Grease',4,'100.00',1,NULL,'2023-02-15 16:56:26',1,0,NULL,NULL),(9,NULL,'Yellow Ink',2,'100.00',1,NULL,'2023-02-15 16:56:42',1,0,NULL,NULL),(10,NULL,'Navy Blue Ink',2,'100.00',1,NULL,'2023-02-15 16:56:55',1,0,NULL,NULL),(11,NULL,'Black Ink',2,'100.00',1,NULL,'2023-02-15 16:57:07',1,0,NULL,NULL),(12,NULL,'Cyan Ink',2,'100.00',1,NULL,'2023-02-15 16:57:19',1,0,NULL,NULL),(13,NULL,'Green Ink',2,'100.00',1,NULL,'2023-02-15 16:57:30',1,0,NULL,NULL),(14,NULL,'Test Liner',1,'100.00',1,NULL,'2023-02-15 17:00:56',1,0,NULL,NULL),(15,NULL,'Kraft Liner',1,'100.00',1,NULL,'2023-02-15 17:01:14',1,0,NULL,NULL);

/*Table structure for table `rawmaterialspurchaseorderdetails` */

DROP TABLE IF EXISTS `rawmaterialspurchaseorderdetails`;

CREATE TABLE `rawmaterialspurchaseorderdetails` (
  `id` int(11) NOT NULL AUTO_INCREMENT,
  `orderid` int(11) DEFAULT NULL,
  `materialid` int(11) DEFAULT NULL,
  `quantity` decimal(18,2) DEFAULT NULL,
  `unitprice` decimal(18,2) DEFAULT NULL,
  `taxcodeid` int(11) DEFAULT NULL,
  `taxrate` decimal(18,2) DEFAULT NULL,
  `taxinclusive` tinyint(1) DEFAULT NULL,
  PRIMARY KEY (`id`)
) ENGINE=InnoDB DEFAULT CHARSET=latin1;

/*Data for the table `rawmaterialspurchaseorderdetails` */

/*Table structure for table `returninwards` */

DROP TABLE IF EXISTS `returninwards`;

CREATE TABLE `returninwards` (
  `id` int(11) NOT NULL AUTO_INCREMENT,
  `refno` varchar(50) DEFAULT NULL,
  `possaleid` int(11) DEFAULT NULL,
  `productid` int(11) DEFAULT NULL,
  `serialno` varchar(50) DEFAULT NULL,
  `quantity` decimal(18,2) DEFAULT NULL,
  `dateadded` datetime DEFAULT NULL,
  `addedby` int(11) DEFAULT NULL,
  `narration` varchar(1000) DEFAULT NULL,
  `collected` tinyint(1) DEFAULT 0,
  `datecollected` datetime DEFAULT NULL,
  `collectedby` varchar(100) DEFAULT NULL,
  `issuedby` int(11) DEFAULT NULL,
  PRIMARY KEY (`id`),
  KEY `possaleid` (`possaleid`),
  KEY `productid` (`productid`),
  KEY `addedby` (`addedby`),
  KEY `issuedby` (`issuedby`),
  CONSTRAINT `returninwards_ibfk_1` FOREIGN KEY (`possaleid`) REFERENCES `possales` (`id`),
  CONSTRAINT `returninwards_ibfk_2` FOREIGN KEY (`productid`) REFERENCES `products` (`productid`),
  CONSTRAINT `returninwards_ibfk_3` FOREIGN KEY (`addedby`) REFERENCES `user` (`id`),
  CONSTRAINT `returninwards_ibfk_4` FOREIGN KEY (`issuedby`) REFERENCES `user` (`id`)
) ENGINE=InnoDB AUTO_INCREMENT=10 DEFAULT CHARSET=latin1;

/*Data for the table `returninwards` */

/*Table structure for table `returnoutwards` */

DROP TABLE IF EXISTS `returnoutwards`;

CREATE TABLE `returnoutwards` (
  `id` int(11) NOT NULL AUTO_INCREMENT,
  `refno` varchar(50) DEFAULT NULL,
  `grnid` int(11) DEFAULT NULL,
  `productid` int(11) DEFAULT NULL,
  `serialno` varchar(50) DEFAULT NULL,
  `quantity` decimal(18,2) DEFAULT NULL,
  `dateadded` datetime DEFAULT NULL,
  `addedby` int(11) DEFAULT NULL,
  `narration` varchar(1000) DEFAULT NULL,
  `delivered` tinyint(1) DEFAULT 0,
  `datedelivered` datetime DEFAULT NULL,
  `receivedby` int(50) DEFAULT NULL,
  PRIMARY KEY (`id`),
  KEY `grnid` (`grnid`),
  KEY `productid` (`productid`),
  KEY `addedby` (`addedby`),
  KEY `receivedby` (`receivedby`),
  CONSTRAINT `returnoutwards_ibfk_1` FOREIGN KEY (`grnid`) REFERENCES `goodsreceived` (`id`),
  CONSTRAINT `returnoutwards_ibfk_2` FOREIGN KEY (`productid`) REFERENCES `products` (`productid`),
  CONSTRAINT `returnoutwards_ibfk_3` FOREIGN KEY (`addedby`) REFERENCES `user` (`id`),
  CONSTRAINT `returnoutwards_ibfk_4` FOREIGN KEY (`receivedby`) REFERENCES `user` (`id`)
) ENGINE=InnoDB AUTO_INCREMENT=2 DEFAULT CHARSET=latin1;

/*Data for the table `returnoutwards` */

/*Table structure for table `roleprivileges` */

DROP TABLE IF EXISTS `roleprivileges`;

CREATE TABLE `roleprivileges` (
  `id` int(11) NOT NULL AUTO_INCREMENT,
  `roleid` int(11) DEFAULT NULL,
  `objectid` int(11) DEFAULT NULL,
  `allowed` tinyint(1) DEFAULT NULL,
  `dateadded` datetime DEFAULT NULL,
  `addedby` int(11) DEFAULT NULL,
  `deleted` tinyint(1) DEFAULT NULL,
  `datedeleted` datetime DEFAULT NULL,
  `deletedby` int(11) DEFAULT NULL,
  PRIMARY KEY (`id`),
  KEY `roleid` (`roleid`),
  KEY `objectid` (`objectid`),
  KEY `addedby` (`addedby`),
  KEY `deletedby` (`deletedby`),
  CONSTRAINT `roleprivileges_ibfk_1` FOREIGN KEY (`roleid`) REFERENCES `roles` (`roleid`),
  CONSTRAINT `roleprivileges_ibfk_2` FOREIGN KEY (`objectid`) REFERENCES `objects` (`id`),
  CONSTRAINT `roleprivileges_ibfk_3` FOREIGN KEY (`addedby`) REFERENCES `user` (`id`),
  CONSTRAINT `roleprivileges_ibfk_4` FOREIGN KEY (`deletedby`) REFERENCES `user` (`id`)
) ENGINE=InnoDB AUTO_INCREMENT=109 DEFAULT CHARSET=latin1;

/*Data for the table `roleprivileges` */

insert  into `roleprivileges`(`id`,`roleid`,`objectid`,`allowed`,`dateadded`,`addedby`,`deleted`,`datedeleted`,`deletedby`) values (15,5,20,1,'2020-01-07 16:47:13',5,NULL,NULL,NULL),(16,5,30,1,'2020-01-07 16:47:13',5,NULL,NULL,NULL),(17,5,8,1,'2020-01-07 16:47:13',5,NULL,NULL,NULL),(18,5,11,1,'2020-01-07 16:47:13',5,NULL,NULL,NULL),(19,5,37,1,'2020-01-07 16:47:13',5,NULL,NULL,NULL),(20,5,9,1,'2020-01-07 16:47:13',5,NULL,NULL,NULL),(21,5,27,1,'2020-01-07 16:47:13',5,NULL,NULL,NULL),(22,3,20,1,'2020-01-08 09:19:16',5,NULL,NULL,NULL),(23,3,30,1,'2020-01-08 09:19:16',5,NULL,NULL,NULL),(24,3,8,1,'2020-01-08 09:19:16',5,NULL,NULL,NULL),(25,3,11,1,'2020-01-08 09:19:16',5,NULL,NULL,NULL),(26,7,20,1,'2020-02-15 16:58:57',5,NULL,NULL,NULL),(27,7,30,1,'2020-02-15 16:58:57',5,NULL,NULL,NULL),(28,7,8,1,'2020-02-15 16:58:57',5,NULL,NULL,NULL),(29,7,11,1,'2020-02-15 16:58:57',5,NULL,NULL,NULL),(30,7,37,1,'2020-02-15 16:58:57',5,NULL,NULL,NULL),(31,7,9,1,'2020-02-15 16:58:57',5,NULL,NULL,NULL),(32,7,27,1,'2020-02-15 16:58:57',5,NULL,NULL,NULL),(33,7,28,1,'2020-02-15 16:58:57',5,NULL,NULL,NULL),(34,7,2,1,'2020-02-15 16:58:57',5,NULL,NULL,NULL),(35,7,29,1,'2020-02-15 16:58:57',5,NULL,NULL,NULL),(36,7,15,1,'2020-02-15 16:58:57',5,NULL,NULL,NULL),(37,7,17,1,'2020-02-15 16:58:57',5,NULL,NULL,NULL),(38,7,19,1,'2020-02-15 16:58:57',5,NULL,NULL,NULL),(39,7,4,1,'2020-02-15 16:58:57',5,NULL,NULL,NULL),(40,7,6,1,'2020-02-15 16:58:57',5,NULL,NULL,NULL),(41,7,38,1,'2020-02-15 16:58:57',5,NULL,NULL,NULL),(42,7,12,1,'2020-02-15 16:58:57',5,NULL,NULL,NULL),(43,7,13,1,'2020-02-15 16:58:57',5,NULL,NULL,NULL),(44,7,33,1,'2020-02-15 16:58:57',5,NULL,NULL,NULL),(45,7,32,1,'2020-02-15 16:58:57',5,NULL,NULL,NULL),(46,7,36,1,'2020-02-15 16:58:57',5,NULL,NULL,NULL),(47,7,1,1,'2020-02-15 16:58:57',5,NULL,NULL,NULL),(48,7,22,1,'2020-02-15 16:58:57',5,NULL,NULL,NULL),(49,7,31,1,'2020-02-15 16:58:57',5,NULL,NULL,NULL),(50,7,10,1,'2020-02-15 16:58:57',5,NULL,NULL,NULL),(51,7,14,1,'2020-02-15 16:58:57',5,NULL,NULL,NULL),(52,7,21,1,'2020-02-15 16:58:57',5,NULL,NULL,NULL),(53,7,25,1,'2020-02-15 16:58:57',5,NULL,NULL,NULL),(54,7,16,1,'2020-02-15 16:58:57',5,NULL,NULL,NULL),(55,7,18,1,'2020-02-15 16:58:57',5,NULL,NULL,NULL),(56,7,23,1,'2020-02-15 16:58:57',5,NULL,NULL,NULL),(57,7,35,1,'2020-02-15 16:58:57',5,NULL,NULL,NULL),(58,7,24,1,'2020-02-15 16:58:57',5,NULL,NULL,NULL),(59,7,7,1,'2020-02-15 16:58:57',5,NULL,NULL,NULL),(60,7,26,1,'2020-02-15 16:58:57',5,NULL,NULL,NULL),(61,7,3,1,'2020-02-15 16:58:57',5,NULL,NULL,NULL),(62,7,34,1,'2020-02-15 16:58:57',5,NULL,NULL,NULL),(63,7,5,1,'2020-02-15 16:58:57',5,NULL,NULL,NULL),(64,8,20,1,'2020-06-24 14:29:18',5,NULL,NULL,NULL),(65,8,30,1,'2020-06-24 14:29:18',5,NULL,NULL,NULL),(66,8,8,1,'2020-06-24 14:29:18',5,NULL,NULL,NULL),(67,8,11,1,'2020-06-24 14:29:18',5,NULL,NULL,NULL),(68,8,37,1,'2020-06-24 14:29:18',5,NULL,NULL,NULL),(69,8,9,1,'2020-06-24 14:29:18',5,NULL,NULL,NULL),(70,8,27,1,'2020-06-24 14:29:18',5,NULL,NULL,NULL),(71,8,28,1,'2020-06-24 14:29:18',5,NULL,NULL,NULL),(72,8,2,1,'2020-06-24 14:29:18',5,NULL,NULL,NULL),(73,8,29,1,'2020-06-24 14:29:18',5,NULL,NULL,NULL),(74,8,15,1,'2020-06-24 14:29:18',5,NULL,NULL,NULL),(75,8,17,1,'2020-06-24 14:29:18',5,NULL,NULL,NULL),(76,8,19,1,'2020-06-24 14:29:18',5,NULL,NULL,NULL),(77,8,4,1,'2020-06-24 14:29:18',5,NULL,NULL,NULL),(78,8,6,1,'2020-06-24 14:29:18',5,NULL,NULL,NULL),(79,8,38,1,'2020-06-24 14:29:18',5,NULL,NULL,NULL),(80,8,12,1,'2020-06-24 14:29:18',5,NULL,NULL,NULL),(81,8,13,1,'2020-06-24 14:29:18',5,NULL,NULL,NULL),(82,8,33,1,'2020-06-24 14:29:18',5,NULL,NULL,NULL),(83,8,32,1,'2020-06-24 14:29:18',5,NULL,NULL,NULL),(84,8,36,1,'2020-06-24 14:29:18',5,NULL,NULL,NULL),(85,8,1,1,'2020-06-24 14:29:18',5,NULL,NULL,NULL),(86,8,22,1,'2020-06-24 14:29:18',5,NULL,NULL,NULL),(87,8,31,1,'2020-06-24 14:29:18',5,NULL,NULL,NULL),(88,8,10,1,'2020-06-24 14:29:18',5,NULL,NULL,NULL),(89,8,14,1,'2020-06-24 14:29:18',5,NULL,NULL,NULL),(90,8,21,1,'2020-06-24 14:29:18',5,NULL,NULL,NULL),(91,8,25,1,'2020-06-24 14:29:18',5,NULL,NULL,NULL),(92,8,16,1,'2020-06-24 14:29:18',5,NULL,NULL,NULL),(93,8,18,1,'2020-06-24 14:29:18',5,NULL,NULL,NULL),(94,8,23,1,'2020-06-24 14:29:18',5,NULL,NULL,NULL),(95,8,35,1,'2020-06-24 14:29:18',5,NULL,NULL,NULL),(96,8,24,1,'2020-06-24 14:29:18',5,NULL,NULL,NULL),(97,8,7,1,'2020-06-24 14:29:18',5,NULL,NULL,NULL),(98,8,26,1,'2020-06-24 14:29:18',5,NULL,NULL,NULL),(99,8,3,1,'2020-06-24 14:29:18',5,NULL,NULL,NULL),(100,8,34,1,'2020-06-24 14:29:18',5,NULL,NULL,NULL),(101,8,5,1,'2020-06-24 14:29:18',5,NULL,NULL,NULL),(102,10,37,1,'2021-07-19 12:20:26',5,NULL,NULL,NULL),(103,10,27,1,'2021-07-19 12:20:26',5,NULL,NULL,NULL),(104,10,39,1,'2021-07-19 12:20:26',5,NULL,NULL,NULL),(105,10,28,1,'2021-07-19 12:20:26',5,NULL,NULL,NULL),(106,10,29,1,'2021-07-19 12:20:26',5,NULL,NULL,NULL),(107,10,38,1,'2021-07-19 12:20:26',5,NULL,NULL,NULL),(108,10,42,1,'2021-07-19 12:20:26',5,NULL,NULL,NULL);

/*Table structure for table `roles` */

DROP TABLE IF EXISTS `roles`;

CREATE TABLE `roles` (
  `roleid` int(11) NOT NULL AUTO_INCREMENT,
  `rolename` varchar(50) DEFAULT NULL,
  `roledescription` varchar(50) DEFAULT NULL,
  `deleted` tinyint(1) DEFAULT NULL,
  `addedby` int(11) DEFAULT NULL,
  `dateadded` datetime DEFAULT NULL,
  `lastdatemodified` datetime DEFAULT NULL,
  `lastmodifiedby` int(11) DEFAULT NULL,
  PRIMARY KEY (`roleid`),
  KEY `addedby` (`addedby`),
  KEY `lastmodifiedby` (`lastmodifiedby`),
  CONSTRAINT `roles_ibfk_1` FOREIGN KEY (`addedby`) REFERENCES `user` (`id`),
  CONSTRAINT `roles_ibfk_2` FOREIGN KEY (`lastmodifiedby`) REFERENCES `user` (`id`)
) ENGINE=InnoDB AUTO_INCREMENT=11 DEFAULT CHARSET=latin1;

/*Data for the table `roles` */

insert  into `roles`(`roleid`,`rolename`,`roledescription`,`deleted`,`addedby`,`dateadded`,`lastdatemodified`,`lastmodifiedby`) values (1,'Backup administrators','Backup administrators',0,5,'2019-09-06 12:11:18',NULL,NULL),(2,'Configuration Manager','Configuration Manager',0,5,'2019-09-06 12:22:41',NULL,NULL),(3,'Cashiers','Cashiers',0,5,'2019-09-06 12:48:02','2020-01-08 09:19:16',5),(4,'Field Engineers','Field Engineers',0,5,'2019-09-06 12:50:43',NULL,NULL),(5,'Data Entry Clerk','Data Entry Clerk',0,5,'2019-09-06 12:51:29','2020-01-07 16:47:13',5),(6,'Project Manager','Project Manager',0,5,'2019-09-06 12:52:06',NULL,NULL),(7,'Approval Officer','Approval Officer',0,5,'2019-09-06 12:52:43','2020-02-15 16:58:57',5),(8,'Test','Test Role',0,5,'2020-06-24 14:29:18',NULL,NULL),(9,'Test2','Test2',0,5,'2020-06-24 14:29:58',NULL,NULL),(10,'Accountant','Accountant',0,5,'2021-07-19 12:20:26',NULL,NULL);

/*Table structure for table `roleusers` */

DROP TABLE IF EXISTS `roleusers`;

CREATE TABLE `roleusers` (
  `id` int(11) NOT NULL AUTO_INCREMENT,
  `roleid` int(11) DEFAULT NULL,
  `userid` int(11) DEFAULT NULL,
  `dateadded` datetime DEFAULT NULL,
  `addedby` int(11) DEFAULT NULL,
  `deleted` bit(1) DEFAULT NULL,
  `deletedby` int(11) DEFAULT NULL,
  PRIMARY KEY (`id`),
  KEY `roleid` (`roleid`),
  KEY `userid` (`userid`),
  KEY `addedby` (`addedby`),
  KEY `deletedby` (`deletedby`),
  CONSTRAINT `roleusers_ibfk_1` FOREIGN KEY (`roleid`) REFERENCES `roles` (`roleid`),
  CONSTRAINT `roleusers_ibfk_2` FOREIGN KEY (`userid`) REFERENCES `user` (`id`),
  CONSTRAINT `roleusers_ibfk_3` FOREIGN KEY (`addedby`) REFERENCES `user` (`id`),
  CONSTRAINT `roleusers_ibfk_4` FOREIGN KEY (`deletedby`) REFERENCES `user` (`id`)
) ENGINE=InnoDB AUTO_INCREMENT=21 DEFAULT CHARSET=latin1;

/*Data for the table `roleusers` */

insert  into `roleusers`(`id`,`roleid`,`userid`,`dateadded`,`addedby`,`deleted`,`deletedby`) values (17,10,5,'2021-07-20 14:28:17',5,NULL,NULL),(18,6,5,'2021-07-20 14:28:17',5,NULL,NULL),(19,7,5,'2021-07-20 14:36:41',5,NULL,NULL),(20,1,5,'2021-07-20 14:36:41',5,NULL,NULL);

/*Table structure for table `salessettings` */

DROP TABLE IF EXISTS `salessettings`;

CREATE TABLE `salessettings` (
  `changeitemprices` tinyint(1) DEFAULT NULL
) ENGINE=InnoDB DEFAULT CHARSET=latin1;

/*Data for the table `salessettings` */

insert  into `salessettings`(`changeitemprices`) values (1);

/*Table structure for table `serials` */

DROP TABLE IF EXISTS `serials`;

CREATE TABLE `serials` (
  `id` int(11) NOT NULL AUTO_INCREMENT,
  `documenttype` varchar(50) DEFAULT NULL,
  `prefix` varchar(50) DEFAULT NULL,
  `currentno` decimal(10,0) DEFAULT NULL,
  PRIMARY KEY (`id`)
) ENGINE=InnoDB AUTO_INCREMENT=14 DEFAULT CHARSET=latin1;

/*Data for the table `serials` */

insert  into `serials`(`id`,`documenttype`,`prefix`,`currentno`) values (1,'Receipt','RT','157'),(2,'Purchase Order','PO','45'),(3,'Goods Received Note','GR','45'),(4,'Stock Transfer','TR','29'),(5,'Credit Note','CRN','1'),(6,'Customer Receipt','CRP','13'),(7,'Voucher Number','VN','50'),(8,'Credit Sale','CRS','35'),(9,'Return Inwards','RIN','5'),(10,'Return Outwards','ROT','2'),(11,'Requisition Number','RQN','245'),(13,'Quotation Number','QT','4');

/*Table structure for table `smslog` */

DROP TABLE IF EXISTS `smslog`;

CREATE TABLE `smslog` (
  `id` int(11) NOT NULL AUTO_INCREMENT,
  `mobileno` varchar(50) DEFAULT NULL,
  `customerid` varchar(50) DEFAULT NULL,
  `message` varchar(1000) DEFAULT NULL,
  `messageid` varchar(50) DEFAULT NULL,
  `status` varchar(50) DEFAULT NULL,
  `datesent` datetime DEFAULT NULL,
  PRIMARY KEY (`id`)
) ENGINE=InnoDB AUTO_INCREMENT=22 DEFAULT CHARSET=latin1;

/*Data for the table `smslog` */

insert  into `smslog`(`id`,`mobileno`,`customerid`,`message`,`messageid`,`status`,`datesent`) values (7,'254727709772','3','Hello, Richard Onyango has just accessed View suppliers list. Thank you.','fa1707fb-bc28-47ce-942a-f56285eaba01','Success','2021-07-23 18:39:51'),(8,'254727709772','1','Hello, Richard Onyango has just accessed View customers list. Thank you.','a97a8db5-8f63-45ba-9c69-52e9b1f244c7','Success','2021-07-23 18:40:11'),(9,'254720871576','9','Hello, Richard Onyango has just accessed Make sale. Thank you.','789d6242-77f7-45b6-a470-45bff555c2c5','Success','2021-07-24 18:57:30'),(10,'254720871576','1','Hello, Richard Onyango has just accessed View customers list. Thank you.','','','2021-08-03 08:39:25'),(11,'254720871576','9','Hello, Richard Onyango has just accessed Make sale. Thank you.','','','2021-08-03 08:41:05'),(12,'254720871576','9','Hello, Richard Onyango has just accessed Make sale. Thank you.','eff69995-1053-4456-9138-488012f047cf','Success','2021-08-08 17:13:15'),(13,'254720871576','9','Hello, Richard Onyango has just accessed Make sale. Thank you.','809e5e91-0321-431b-8584-172fcd59cdca','Success','2021-08-08 17:15:45'),(14,'254720871576','1','Hello, Richard Onyango has just accessed View customers list. Thank you.','452b7b21-febf-4d77-97e4-7c34c4cea91e','Success','2021-08-08 18:46:47'),(15,'254720871576','1','Hello, Richard Onyango has just accessed View customers list. Thank you.','dabc910b-61e3-424d-8830-6799b9d860c3','Success','2021-08-08 19:25:15'),(16,'254720871576','9','Hello, Richard Onyango has just accessed Make sale. Thank you.','55754e90-8710-4a57-8610-9e38f9c643c6','Success','2021-08-08 19:28:57'),(17,'254720871576','1','Hello, Richard Onyango has just accessed View customers list. Thank you.','dac6b4e5-bb59-422f-9558-7cf3dfe0869a','Success','2021-08-08 19:30:02'),(18,'254720871576','9','Hello, Richard Onyango has just accessed Make sale. Thank you.','','','2021-08-09 12:22:46'),(19,'254720871576','9','Hello, Richard Onyango has just accessed Make sale. Thank you.','b87c355e-75f6-440f-bf07-abdc4c16edb5','Success','2021-08-17 11:40:07'),(20,'254720871576','1','Hello, Richard Onyango has just accessed View customers list. Thank you.','4dd1fa5c-7b19-4b25-857b-871f82797f97','Success','2021-08-17 13:01:57'),(21,'254720871576','9','Hello, Richard Onyango has just accessed Make sale. Thank you.','a646bdff-f64a-4c13-9fcf-fb2a0cae58d5','Success','2021-08-17 13:16:49');

/*Table structure for table `spoilage` */

DROP TABLE IF EXISTS `spoilage`;

CREATE TABLE `spoilage` (
  `id` int(11) NOT NULL,
  `categoryid` int(11) DEFAULT NULL,
  `productid` int(11) DEFAULT NULL,
  `quantity` decimal(18,4) DEFAULT NULL,
  `narration` varchar(1000) DEFAULT NULL,
  `dateadded` datetime DEFAULT NULL,
  `addedby` int(11) DEFAULT NULL
) ENGINE=InnoDB DEFAULT CHARSET=latin1;

/*Data for the table `spoilage` */

insert  into `spoilage`(`id`,`categoryid`,`productid`,`quantity`,`narration`,`dateadded`,`addedby`) values (0,3,552,'1.0000','This is a test','2022-11-10 16:46:22',5),(0,3,578,'3.0000','Spoilt in accident','2022-11-10 17:30:06',5);

/*Table structure for table `spoilagecategory` */

DROP TABLE IF EXISTS `spoilagecategory`;

CREATE TABLE `spoilagecategory` (
  `id` int(11) NOT NULL,
  `categoryname` varchar(100) DEFAULT NULL
) ENGINE=InnoDB DEFAULT CHARSET=latin1;

/*Data for the table `spoilagecategory` */

insert  into `spoilagecategory`(`id`,`categoryname`) values (1,'Expiry'),(2,'Theft'),(3,'Damaged'),(4,'Rodents');

/*Table structure for table `startingparameters` */

DROP TABLE IF EXISTS `startingparameters`;

CREATE TABLE `startingparameters` (
  `cutoffdate` datetime DEFAULT NULL,
  `stockcutoffdate` datetime DEFAULT NULL
) ENGINE=InnoDB DEFAULT CHARSET=latin1;

/*Data for the table `startingparameters` */

insert  into `startingparameters`(`cutoffdate`,`stockcutoffdate`) values ('2020-04-01 00:00:00','2021-05-31 00:00:00');

/*Table structure for table `stockreconciledbalance` */

DROP TABLE IF EXISTS `stockreconciledbalance`;

CREATE TABLE `stockreconciledbalance` (
  `id` int(11) NOT NULL AUTO_INCREMENT,
  `reconciliationdate` datetime DEFAULT NULL,
  `userid` int(11) DEFAULT NULL,
  `narration` varchar(100) DEFAULT NULL,
  PRIMARY KEY (`id`)
) ENGINE=InnoDB AUTO_INCREMENT=3 DEFAULT CHARSET=latin1;

/*Data for the table `stockreconciledbalance` */

insert  into `stockreconciledbalance`(`id`,`reconciliationdate`,`userid`,`narration`) values (2,'2021-06-06 14:28:43',5,'Opening');

/*Table structure for table `stockreconciledbalancedetails` */

DROP TABLE IF EXISTS `stockreconciledbalancedetails`;

CREATE TABLE `stockreconciledbalancedetails` (
  `id` int(11) NOT NULL AUTO_INCREMENT,
  `reconciliationid` int(11) DEFAULT NULL,
  `itemid` int(11) DEFAULT NULL,
  `quantity` decimal(18,2) DEFAULT NULL,
  `unitprice` decimal(18,2) DEFAULT NULL,
  PRIMARY KEY (`id`)
) ENGINE=InnoDB AUTO_INCREMENT=7 DEFAULT CHARSET=latin1;

/*Data for the table `stockreconciledbalancedetails` */

insert  into `stockreconciledbalancedetails`(`id`,`reconciliationid`,`itemid`,`quantity`,`unitprice`) values (4,2,525,'6.00','680.00'),(5,2,522,'12.00','335.00'),(6,2,523,'2.00','520.00');

/*Table structure for table `stocktransfer` */

DROP TABLE IF EXISTS `stocktransfer`;

CREATE TABLE `stocktransfer` (
  `id` int(11) NOT NULL AUTO_INCREMENT,
  `referenceno` varchar(50) DEFAULT NULL,
  `sourcetype` varchar(50) DEFAULT NULL,
  `sourceid` int(11) DEFAULT NULL,
  `destinationtype` varchar(50) DEFAULT NULL,
  `destinationid` varchar(50) DEFAULT NULL,
  `addedby` int(11) DEFAULT NULL,
  `dateadded` datetime DEFAULT NULL,
  `issuedto` int(11) DEFAULT NULL,
  `storecontroller` int(11) DEFAULT NULL,
  PRIMARY KEY (`id`),
  KEY `addedby` (`addedby`),
  KEY `issuedby` (`issuedto`),
  KEY `storecontroller` (`storecontroller`),
  CONSTRAINT `stocktransfer_ibfk_1` FOREIGN KEY (`addedby`) REFERENCES `user` (`id`),
  CONSTRAINT `stocktransfer_ibfk_2` FOREIGN KEY (`issuedto`) REFERENCES `user` (`id`),
  CONSTRAINT `stocktransfer_ibfk_3` FOREIGN KEY (`storecontroller`) REFERENCES `user` (`id`)
) ENGINE=InnoDB AUTO_INCREMENT=29 DEFAULT CHARSET=latin1;

/*Data for the table `stocktransfer` */

insert  into `stocktransfer`(`id`,`referenceno`,`sourcetype`,`sourceid`,`destinationtype`,`destinationid`,`addedby`,`dateadded`,`issuedto`,`storecontroller`) values (17,'TR00017','warehouse',1,'pos','14',5,'2021-07-20 18:05:57',NULL,NULL),(18,'TR00018','warehouse',1,'pos','14',5,'2021-08-11 11:55:11',NULL,NULL),(19,'TR00019','pos',14,'warehouse','1',5,'2021-08-11 12:30:50',NULL,NULL),(20,'TR00020','warehouse',1,'pos','18',9,'2022-10-07 13:12:12',NULL,NULL),(21,'TR00021','warehouse',1,'pos','18',9,'2022-10-07 13:13:51',NULL,NULL),(22,'TR00022','warehouse',1,'pos','18',5,'2022-11-05 12:13:28',5,9),(23,'TR00023','warehouse',1,'pos','18',5,'2022-11-07 13:49:43',5,9),(24,'TR00024','warehouse',1,'pos','18',5,'2022-11-10 09:19:41',9,5),(25,'TR00025','warehouse',1,'pos','18',5,'2023-01-13 17:10:30',5,5),(26,'TR00026','warehouse',1,'pos','18',5,'2023-01-14 12:03:12',9,8),(27,'TR00027','warehouse',1,'pos','18',5,'2023-01-16 11:21:18',5,6),(28,'TR00028','warehouse',1,'pos','18',5,'2023-01-30 08:30:47',5,8);

/*Table structure for table `stocktransferdetails` */

DROP TABLE IF EXISTS `stocktransferdetails`;

CREATE TABLE `stocktransferdetails` (
  `id` int(11) NOT NULL AUTO_INCREMENT,
  `transferid` int(11) DEFAULT NULL,
  `itemcode` int(50) DEFAULT NULL,
  `quantity` decimal(10,2) DEFAULT NULL,
  `unitprice` decimal(10,2) DEFAULT NULL,
  `serialno` varchar(100) DEFAULT NULL,
  PRIMARY KEY (`id`),
  KEY `transferid` (`transferid`),
  KEY `itemcode` (`itemcode`),
  CONSTRAINT `stocktransferdetails_ibfk_1` FOREIGN KEY (`transferid`) REFERENCES `stocktransfer` (`id`),
  CONSTRAINT `stocktransferdetails_ibfk_2` FOREIGN KEY (`itemcode`) REFERENCES `products` (`productid`)
) ENGINE=InnoDB AUTO_INCREMENT=54 DEFAULT CHARSET=latin1;

/*Data for the table `stocktransferdetails` */

insert  into `stocktransferdetails`(`id`,`transferid`,`itemcode`,`quantity`,`unitprice`,`serialno`) values (36,20,924,'20.00','1400.00',''),(37,21,523,'20.00','520.00',''),(38,21,525,'5.00','680.00',''),(39,21,526,'18.00','582.00',''),(40,21,545,'15.00','90.00',''),(41,22,523,'10.00','520.00',''),(42,22,524,'5.00','850.00',''),(44,23,523,'15.00','520.00',''),(45,23,524,'12.00','850.00',''),(46,23,525,'10.00','680.00',''),(47,24,523,'1.00','520.00',''),(48,24,524,'1.00','850.00',''),(49,25,524,'20.00','850.00',''),(50,26,926,'5.00','100.00',''),(51,27,523,'50.00','520.00',''),(52,28,524,'3.00','850.00',''),(53,28,525,'5.00','680.00','');

/*Table structure for table `supplierinvoice` */

DROP TABLE IF EXISTS `supplierinvoice`;

CREATE TABLE `supplierinvoice` (
  `id` int(11) NOT NULL AUTO_INCREMENT,
  `supplierid` int(11) DEFAULT NULL,
  `invoiceno` varchar(50) DEFAULT NULL,
  `invoicedate` datetime DEFAULT NULL,
  `addedby` int(11) DEFAULT NULL,
  `dateadded` datetime DEFAULT NULL,
  `status` varchar(50) DEFAULT 'Pending',
  `lastmodifiedby` int(11) DEFAULT NULL,
  `lastmodifiedon` datetime DEFAULT NULL,
  PRIMARY KEY (`id`),
  KEY `supplierid` (`supplierid`),
  KEY `addedby` (`addedby`),
  KEY `lastmodifiedby` (`lastmodifiedby`),
  CONSTRAINT `supplierinvoice_ibfk_1` FOREIGN KEY (`supplierid`) REFERENCES `suppliers` (`supplierid`),
  CONSTRAINT `supplierinvoice_ibfk_2` FOREIGN KEY (`addedby`) REFERENCES `user` (`id`),
  CONSTRAINT `supplierinvoice_ibfk_3` FOREIGN KEY (`lastmodifiedby`) REFERENCES `user` (`id`)
) ENGINE=InnoDB AUTO_INCREMENT=37 DEFAULT CHARSET=latin1;

/*Data for the table `supplierinvoice` */

insert  into `supplierinvoice`(`id`,`supplierid`,`invoiceno`,`invoicedate`,`addedby`,`dateadded`,`status`,`lastmodifiedby`,`lastmodifiedon`) values (3,1,'TEST-INV-001','2019-12-29 00:00:00',5,'2019-12-29 15:04:24','Paid',NULL,NULL),(4,1,'INV001','2020-01-04 00:00:00',5,'2020-01-04 15:24:37','Paid',NULL,NULL),(5,1,'IN-001-TEST','2020-01-08 00:00:00',5,'2020-01-08 11:58:43','Pending',NULL,NULL),(6,1,'0001-TEST','2020-01-09 00:00:00',5,'2020-01-09 09:44:43','Pending',NULL,NULL),(7,1,'237928e4','2020-01-10 00:00:00',5,'2020-01-10 13:58:23','Pending',NULL,NULL),(8,1,'8767','2020-02-29 00:00:00',5,'2020-02-29 17:22:39','Pending',NULL,NULL),(9,1,'TEST001','2020-04-07 00:00:00',5,'2020-04-07 09:45:43','Pending',NULL,NULL),(10,1,'12345','2020-04-21 00:00:00',5,'2020-04-21 15:37:54','Pending',NULL,NULL),(11,3,'BALBF01JUN2020','2020-06-01 00:00:00',5,'2020-06-01 00:00:00','Pending',NULL,NULL),(12,3,'BALBF01JUN2020','2020-06-01 00:00:00',5,'2020-06-01 00:00:00','Pending',NULL,NULL),(13,1,'BALBF01JUN2020','2020-06-01 00:00:00',5,'2020-06-01 00:00:00','Pending',NULL,NULL),(14,4,'BALBF01JUN2020','2020-06-01 00:00:00',5,'2020-06-01 00:00:00','Pending',NULL,NULL),(15,5,'BALBF01JUN2020','2020-06-01 00:00:00',5,'2020-06-01 00:00:00','Pending',NULL,NULL),(16,6,'BALBF01JUN2020','2020-06-01 00:00:00',5,'2020-06-01 00:00:00','Pending',NULL,NULL),(17,6,'BALBF01JUN2020','2020-06-01 00:00:00',5,'2020-06-01 00:00:00','Pending',NULL,NULL),(18,1,'TEST0003','2020-08-16 00:00:00',5,'2020-08-16 12:17:44','Pending',NULL,NULL),(19,8,'TST001','2021-01-19 00:00:00',5,'2021-01-19 22:02:08','Pending',NULL,NULL),(20,1,'12345','2021-06-10 00:00:00',5,'2021-06-10 11:07:45','Pending',NULL,NULL),(21,2,'RIC001','2021-07-14 10:04:46',5,'2021-07-14 10:04:46','Pending',NULL,NULL),(22,2,'RIC001','2021-07-14 10:07:20',5,'2021-07-14 10:07:20','Pending',NULL,NULL),(23,9,'T0001','2021-07-19 12:32:59',5,'2021-07-19 12:32:59','Pending',NULL,NULL),(24,8,'FRAncIS001','2021-07-21 14:26:03',5,'2021-07-21 14:26:03','Pending',NULL,NULL),(25,2,'RIC0001','2021-08-08 17:15:38',5,'2021-08-08 17:15:38','Pending',NULL,NULL),(26,2,'RICINV001','2021-08-11 11:46:03',5,'2021-08-11 11:46:03','Pending',NULL,NULL),(27,10,'68736','2022-10-07 13:08:55',9,'2022-10-07 13:08:55','Pending',NULL,NULL),(28,2,'TEST00183','2022-11-06 19:12:30',5,'2022-11-06 19:12:30','Pending',NULL,NULL),(29,8,'TEST001','2022-11-10 17:11:17',5,'2022-11-10 17:11:17','Pending',NULL,NULL),(30,1,'TESt002','2022-11-10 17:25:58',5,'2022-11-10 17:25:58','Pending',NULL,NULL),(31,7,'TEST001','2023-01-12 00:00:00',5,'2023-01-12 14:41:01','Pending',NULL,NULL),(32,1,'PO00039','2023-01-13 17:09:49',5,'2023-01-13 17:09:49','Pending',NULL,NULL),(33,2,'78675','2023-01-14 12:02:26',5,'2023-01-14 12:02:26','Pending',NULL,NULL),(34,2,'457574','2023-01-16 11:14:35',5,'2023-01-16 11:14:35','Pending',NULL,NULL),(35,2,'38698765','2023-01-30 08:25:35',5,'2023-01-30 08:25:35','Pending',NULL,NULL),(36,2,'INV_RIC_0001','2023-02-20 06:46:12',5,'2023-02-20 06:46:12','Pending',NULL,NULL);

/*Table structure for table `supplierinvoicedetails` */

DROP TABLE IF EXISTS `supplierinvoicedetails`;

CREATE TABLE `supplierinvoicedetails` (
  `id` int(11) NOT NULL AUTO_INCREMENT,
  `invoiceid` int(11) DEFAULT NULL,
  `referenceno` varchar(50) DEFAULT NULL,
  `itemcode` varchar(50) DEFAULT NULL,
  `description` varchar(200) DEFAULT NULL,
  `quantity` decimal(10,2) DEFAULT NULL,
  `unitprice` decimal(10,2) DEFAULT NULL,
  PRIMARY KEY (`id`),
  KEY `invoiceid` (`invoiceid`),
  CONSTRAINT `supplierinvoicedetails_ibfk_1` FOREIGN KEY (`invoiceid`) REFERENCES `supplierinvoice` (`id`)
) ENGINE=InnoDB AUTO_INCREMENT=113 DEFAULT CHARSET=latin1;

/*Data for the table `supplierinvoicedetails` */

insert  into `supplierinvoicedetails`(`id`,`invoiceid`,`referenceno`,`itemcode`,`description`,`quantity`,`unitprice`) values (4,3,'GR00003','525','RGB 1000ML','10.00','680.00'),(5,3,'GR00003','522','RGB 200ML','20.00','335.00'),(6,3,'GR00003','523','RGB 300ML','30.00','520.00'),(7,3,'GR00003','524','RGB 500ML','10.00','850.00'),(11,4,'GR00004','525','RGB 1000ML','5.00','680.00'),(12,4,'GR00004','522','RGB 200ML','4.00','335.00'),(13,4,'GR00004','523','RGB 300ML','6.00','520.00'),(14,4,'GR00004','524','RGB 500ML','10.00','850.00'),(15,5,'GR00005','525','RGB 1000ML','20.00','680.00'),(16,5,'GR00005','545','DASANI  500ML 4PACK','10.00','90.00'),(17,5,'GR00005','541','POWER PLAY 400ML (24)','5.00','950.00'),(18,6,'GR00006','525','RGB 1000ML','5.00','680.00'),(19,7,'GR00007','525','RGB 1000ML','5.00','680.00'),(20,8,'GR00008','525','RGB 1000ML','5.00','680.00'),(21,8,'GR00008','545','DASANI  500ML 4PACK','10.00','90.00'),(22,9,'GR00012','525','RGB 1000ML','1.00','680.00'),(23,9,'GR00012','546','DASANI  1000ML 4PACK','1.00','185.00'),(24,9,'GR00012','541','POWER PLAY 400ML (24)','1.00','950.00'),(25,10,'GR00011','546','DASANI  1000ML 4PACK','1.00','185.00'),(26,10,'GR00013','545','DASANI  500ML 4PACK','30.00','90.00'),(27,10,'GR00013','541','POWER PLAY 400ML (24)','20.00','950.00'),(28,12,'GR00014','918','Opening Balance as at 01-Jun-2020','1.00','33378.00'),(29,13,'GR00015','918','Opening Balance as at 01-Jun-2020','1.00','148621.00'),(30,14,'GR00016','918','Opening Balance as at 01-Jun-2020','1.00','104000.00'),(31,15,'GR00017','918','Opening Balance as at 01-Jun-2020','1.00','10000.00'),(32,16,'GR00018','918','Opening Balance as at 01-Jun-2020','1.00','217413.00'),(33,17,'GR00019','918','Opening Balance as at 01-Jun-2020','1.00','104967.00'),(34,18,'GR00020','525','RGB 1000ML','5.00','680.00'),(35,18,'GR00020','546','DASANI  1000ML 4PACK','6.00','185.00'),(36,18,'GR00020','541','POWER PLAY 400ML (24)','2.00','950.00'),(37,18,'GR00020','791','DELMONTE','11.00','190.00'),(38,18,'GR00020','862','MONSTER ENERGY','11.00','139.00'),(39,19,'GR00023','525','RGB 1000ML','20.00','680.00'),(40,19,'GR00023','523','RGB 300ML','1.00','520.00'),(41,19,'GR00023','526','RGB NOVIDA 300ML','1.00','582.00'),(42,19,'GR00023','541','POWER PLAY 400ML (24)','1.00','950.00'),(43,20,'GR00025','525','RGB 1000ML','5.00','680.00'),(44,20,'GR00025','522','RGB 200ML','6.00','335.00'),(45,21,'GR00026','920','Beth Iron Horse 180cc Motor Bike','1.00','106500.00'),(46,21,'GR00026','920','Beth Iron Horse 180cc Motor Bike','1.00','106500.00'),(47,21,'GR00026','920','Beth Iron Horse 180cc Motor Bike','1.00','106500.00'),(48,21,'GR00026','920','Beth Iron Horse 180cc Motor Bike','1.00','106500.00'),(49,21,'GR00026','920','Beth Iron Horse 180cc Motor Bike','1.00','106500.00'),(52,22,'GR00027','920','Beth Iron Horse 180cc Motor Bike','1.00','106500.00'),(53,22,'GR00027','920','Beth Iron Horse 180cc Motor Bike','1.00','106500.00'),(54,22,'GR00027','920','Beth Iron Horse 180cc Motor Bike','1.00','106500.00'),(55,22,'GR00027','920','Beth Iron Horse 180cc Motor Bike','1.00','106500.00'),(56,22,'GR00027','920','Beth Iron Horse 180cc Motor Bike','1.00','106500.00'),(57,23,'GR00028','737','4TH STREET RED 5LTRS','5.00','2990.00'),(58,23,'GR00028','871','PENASOL RED 1 LTR','7.00','490.00'),(59,23,'GR00028','523','RGB 300ML','16.00','520.00'),(60,23,'GR00028','835','JOHN WALKER BLACK 750ML','21.00','3046.00'),(61,23,'GR00028','867','OLD MONK RUM','3.00','655.00'),(64,24,'GR00029','737','4TH STREET RED 5LTRS','5.00','2990.00'),(65,24,'GR00029','747','AMARULLA CREAM 1000ML','10.00','2260.00'),(66,25,'GR00030','919','Jinchen 150CC Sports Motor Bike','1.00','94000.00'),(67,25,'GR00030','919','Jinchen 150CC Sports Motor Bike','1.00','94000.00'),(68,25,'GR00030','919','Jinchen 150CC Sports Motor Bike','1.00','94000.00'),(69,25,'GR00030','919','Jinchen 150CC Sports Motor Bike','1.00','94000.00'),(70,25,'GR00030','919','Jinchen 150CC Sports Motor Bike','1.00','94000.00'),(71,26,'GR00031','919','Jinchen 150CC Sports Motor Bike','1.00','94000.00'),(72,26,'GR00031','919','Jinchen 150CC Sports Motor Bike','1.00','94000.00'),(73,26,'GR00031','919','Jinchen 150CC Sports Motor Bike','1.00','94000.00'),(74,26,'GR00031','919','Jinchen 150CC Sports Motor Bike','1.00','94000.00'),(75,26,'GR00031','919','Jinchen 150CC Sports Motor Bike','1.00','94000.00'),(76,26,'GR00031','919','Jinchen 150CC Sports Motor Bike','1.00','94000.00'),(77,26,'GR00031','919','Jinchen 150CC Sports Motor Bike','1.00','94000.00'),(78,26,'GR00031','919','Jinchen 150CC Sports Motor Bike','1.00','94000.00'),(79,26,'GR00031','919','Jinchen 150CC Sports Motor Bike','1.00','94000.00'),(80,26,'GR00031','919','Jinchen 150CC Sports Motor Bike','1.00','94000.00'),(81,26,'GR00031','920','Beth Iron Horse 180cc Motor Bike','1.00','106500.00'),(82,26,'GR00031','920','Beth Iron Horse 180cc Motor Bike','1.00','106500.00'),(83,26,'GR00031','920','Beth Iron Horse 180cc Motor Bike','1.00','106500.00'),(84,26,'GR00031','920','Beth Iron Horse 180cc Motor Bike','1.00','106500.00'),(85,26,'GR00031','920','Beth Iron Horse 180cc Motor Bike','1.00','106500.00'),(86,26,'GR00031','920','Beth Iron Horse 180cc Motor Bike','1.00','106500.00'),(87,26,'GR00031','920','Beth Iron Horse 180cc Motor Bike','1.00','106500.00'),(88,26,'GR00031','920','Beth Iron Horse 180cc Motor Bike','1.00','106500.00'),(89,26,'GR00031','920','Beth Iron Horse 180cc Motor Bike','1.00','106500.00'),(90,26,'GR00031','920','Beth Iron Horse 180cc Motor Bike','1.00','106500.00'),(91,27,'GR00032','924','Keringet 20L','100.00','1400.00'),(92,28,'GR00036','524','RGB 500ML','1.00','850.00'),(93,29,'GR00037','524','RGB 500ML','1.00','850.00'),(94,29,'GR00037','523','RGB 300ML','1.00','520.00'),(95,29,'GR00037','522','RGB 200ML','1.00','335.00'),(96,30,'GR00038','523','RGB 300ML','10.00','520.00'),(97,30,'GR00038','925','Crate Deposit','10.00','460.00'),(98,31,'GR00033','925','Crate Deposit','10.00','460.00'),(99,31,'GR00034','925','Crate Deposit','5.00','460.00'),(100,31,'GR00035','925','Crate Deposit','20.00','460.00'),(101,31,'GR00039','925','Crate Deposit','5.00','460.00'),(102,32,'GR00040','524','RGB 500ML','50.00','850.00'),(103,33,'GR00041','926','Test Product','10.00','100.00'),(104,34,'GR00042','634','HENNESY 750ML','100.00','2850.00'),(105,34,'GR00042','650','JOHN WALKER BLACK 750ML','10.00','3046.00'),(106,34,'GR00042','523','RGB 300ML','50.00','520.00'),(107,35,'GR00043','524','RGB 500ML','10.00','850.00'),(108,36,'GR00044','525','RGB 1000ML','1.00','586.21'),(109,36,'GR00044','522','RGB 200ML','1.00','288.79'),(110,36,'GR00044','652','JOHN WALKER D/BLACK 750ML','1.00','3172.41'),(111,36,'GR00044','668','KINGFISHER 330ML','1.00','112.07'),(112,36,'GR00044','561','AMARULLA CREAM 750ML','1.00','1403.45');

/*Table structure for table `supplierproducts` */

DROP TABLE IF EXISTS `supplierproducts`;

CREATE TABLE `supplierproducts` (
  `id` int(11) NOT NULL AUTO_INCREMENT,
  `supplierid` int(11) DEFAULT NULL,
  `productid` int(11) DEFAULT NULL,
  `addedby` int(11) DEFAULT NULL,
  `dateadded` datetime DEFAULT NULL,
  `deleted` bit(1) DEFAULT NULL,
  `lastmodifiedby` int(11) DEFAULT NULL,
  `lastmodifieddate` datetime DEFAULT NULL,
  PRIMARY KEY (`id`),
  KEY `supplierid` (`supplierid`),
  KEY `productid` (`productid`),
  KEY `addedby` (`addedby`),
  KEY `lastmodifiedby` (`lastmodifiedby`),
  CONSTRAINT `supplierproducts_ibfk_1` FOREIGN KEY (`supplierid`) REFERENCES `suppliers` (`supplierid`),
  CONSTRAINT `supplierproducts_ibfk_2` FOREIGN KEY (`productid`) REFERENCES `products` (`productid`),
  CONSTRAINT `supplierproducts_ibfk_3` FOREIGN KEY (`addedby`) REFERENCES `user` (`id`),
  CONSTRAINT `supplierproducts_ibfk_4` FOREIGN KEY (`lastmodifiedby`) REFERENCES `user` (`id`)
) ENGINE=InnoDB AUTO_INCREMENT=11 DEFAULT CHARSET=latin1;

/*Data for the table `supplierproducts` */

insert  into `supplierproducts`(`id`,`supplierid`,`productid`,`addedby`,`dateadded`,`deleted`,`lastmodifiedby`,`lastmodifieddate`) values (1,1,525,5,'2019-02-24 02:10:47','',5,'2019-02-24 03:10:17'),(2,1,522,5,'2019-02-24 02:10:48','\0',NULL,NULL),(3,1,523,5,'2019-02-24 02:10:48','\0',NULL,NULL),(4,1,524,5,'2019-02-24 02:10:48','\0',NULL,NULL),(5,1,526,5,'2019-02-24 02:10:48','',5,'2019-06-17 04:11:46'),(6,1,546,5,'2019-02-24 02:59:06','',5,'2019-02-24 03:11:22'),(7,1,545,5,'2019-02-24 02:59:06','',5,'2019-02-24 03:11:46'),(8,1,543,5,'2019-02-24 02:59:06','',5,'2019-02-24 03:11:51'),(9,1,544,5,'2019-02-24 02:59:06','',5,'2019-02-24 03:11:54'),(10,1,542,5,'2019-02-24 02:59:06','',5,'2019-02-24 03:11:58');

/*Table structure for table `suppliers` */

DROP TABLE IF EXISTS `suppliers`;

CREATE TABLE `suppliers` (
  `supplierid` int(11) NOT NULL AUTO_INCREMENT,
  `suppliername` varchar(50) DEFAULT NULL,
  `physicaladdress` varchar(100) DEFAULT NULL,
  `postaladdress` varchar(100) DEFAULT NULL,
  `postalcode` varchar(50) DEFAULT NULL,
  `town` varchar(50) DEFAULT NULL,
  `creditlimit` decimal(10,0) DEFAULT NULL,
  `mobile` varchar(50) DEFAULT NULL,
  `email` varchar(50) DEFAULT NULL,
  `dateadded` datetime DEFAULT NULL,
  `addedby` int(11) DEFAULT NULL,
  `deleted` tinyint(1) DEFAULT 0,
  `lastdatemodified` datetime DEFAULT NULL,
  `lastmodifiedby` int(11) DEFAULT NULL,
  PRIMARY KEY (`supplierid`)
) ENGINE=InnoDB AUTO_INCREMENT=11 DEFAULT CHARSET=latin1;

/*Data for the table `suppliers` */

insert  into `suppliers`(`supplierid`,`suppliername`,`physicaladdress`,`postaladdress`,`postalcode`,`town`,`creditlimit`,`mobile`,`email`,`dateadded`,`addedby`,`deleted`,`lastdatemodified`,`lastmodifiedby`) values (1,'Equator Bottlers Limited','Oginga Odinga Street Kisumu','52428','00200','Nairobi','9999999999','0727709772','akellorich@gmail.com','2018-11-18 01:03:22',5,0,'2023-02-18 05:48:06',5),(2,'Richard Onyango','Nairobi, Kenya','','','','0','0727709772','akellorich@gmail.com','2020-03-27 14:08:34',5,0,'2023-02-20 06:26:17',5),(3,'Ramogi Filling Station','','','','','0','0727709772',NULL,NULL,5,0,NULL,NULL),(4,'Eunice Ndolo','','','','','0','0727709772',NULL,NULL,5,0,NULL,NULL),(5,'Kenfirst Enterprises','','','','','0','0727709772',NULL,NULL,5,0,NULL,NULL),(6,'Kenya Revenue Authority','','','','','0','0727709772',NULL,NULL,5,0,NULL,NULL),(7,'Walkin Customer Refund','-','-','','','0','0727709772','akellorich@gmail.com','2021-01-16 10:45:15',5,0,'2023-02-18 05:49:01',5),(8,'KWAL','-','-','','','0','0727709772','akellorich@gmail.com','2021-01-19 21:59:47',5,0,'2023-02-18 05:48:33',5),(9,'London Distillers Limited','Industrial Area Nairobi','1389873 00200 Nairobi','00200','Nairobi','0','091348784','akellorich@gmail.com','2021-07-19 12:15:28',5,0,'2023-02-18 05:48:42',5),(10,'Test Supplier 3','0-','0','00200','Nairobi','0','0727709772','akellorich@gmail.com','2022-10-07 12:55:42',5,0,'2023-02-18 05:48:52',5);

/*Table structure for table `taxtypes` */

DROP TABLE IF EXISTS `taxtypes`;

CREATE TABLE `taxtypes` (
  `id` int(11) NOT NULL AUTO_INCREMENT,
  `taxname` varchar(50) DEFAULT NULL,
  `taxrate` decimal(18,2) DEFAULT NULL,
  `abbreviation` varchar(50) NOT NULL,
  PRIMARY KEY (`id`,`abbreviation`)
) ENGINE=InnoDB AUTO_INCREMENT=4 DEFAULT CHARSET=latin1;

/*Data for the table `taxtypes` */

insert  into `taxtypes`(`id`,`taxname`,`taxrate`,`abbreviation`) values (1,'VAT','16.00','S'),(2,'Exempted','0.00','E'),(3,'Zero-rated','0.00','Z');

/*Table structure for table `tempbanking` */

DROP TABLE IF EXISTS `tempbanking`;

CREATE TABLE `tempbanking` (
  `refno` varchar(50) DEFAULT NULL,
  `receiptno` varchar(50) DEFAULT NULL,
  `reference` varchar(50) DEFAULT NULL,
  `amount` decimal(10,0) DEFAULT NULL,
  `customername` varchar(50) DEFAULT NULL,
  `id` int(11) DEFAULT NULL
) ENGINE=InnoDB DEFAULT CHARSET=latin1;

/*Data for the table `tempbanking` */

/*Table structure for table `tempcreditnote` */

DROP TABLE IF EXISTS `tempcreditnote`;

CREATE TABLE `tempcreditnote` (
  `refno` varchar(50) DEFAULT NULL,
  `itemcode` decimal(10,0) DEFAULT NULL,
  `quantity` decimal(10,2) DEFAULT NULL,
  `unitprice` decimal(10,2) DEFAULT NULL
) ENGINE=InnoDB DEFAULT CHARSET=latin1;

/*Data for the table `tempcreditnote` */

/*Table structure for table `tempcustomerreceiptdetails` */

DROP TABLE IF EXISTS `tempcustomerreceiptdetails`;

CREATE TABLE `tempcustomerreceiptdetails` (
  `refno` varchar(50) DEFAULT NULL,
  `possaleid` int(11) DEFAULT NULL,
  `amount` decimal(10,2) DEFAULT NULL
) ENGINE=InnoDB DEFAULT CHARSET=latin1;

/*Data for the table `tempcustomerreceiptdetails` */

insert  into `tempcustomerreceiptdetails`(`refno`,`possaleid`,`amount`) values ('6392',10,'4500.00');

/*Table structure for table `tempgltransaction` */

DROP TABLE IF EXISTS `tempgltransaction`;

CREATE TABLE `tempgltransaction` (
  `refno` varchar(50) DEFAULT NULL,
  `glaccount` int(11) DEFAULT NULL,
  `glcontraaccount` int(11) DEFAULT NULL,
  `narration` varchar(500) DEFAULT NULL,
  `debit` float DEFAULT NULL,
  `credit` float DEFAULT NULL
) ENGINE=InnoDB DEFAULT CHARSET=latin1;

/*Data for the table `tempgltransaction` */

/*Table structure for table `tempgoodsreceived` */

DROP TABLE IF EXISTS `tempgoodsreceived`;

CREATE TABLE `tempgoodsreceived` (
  `refno` varchar(50) DEFAULT NULL,
  `purchaseorderno` varchar(50) DEFAULT NULL,
  `itemcode` int(11) DEFAULT NULL,
  `quantity` decimal(10,2) DEFAULT NULL,
  `serialno` varchar(100) DEFAULT NULL
) ENGINE=InnoDB DEFAULT CHARSET=latin1;

/*Data for the table `tempgoodsreceived` */

insert  into `tempgoodsreceived`(`refno`,`purchaseorderno`,`itemcode`,`quantity`,`serialno`) values ('3982','PO00025',920,'1.00','4587'),('3982','PO00025',920,'1.00','4578'),('3982','PO00025',920,'1.00','4575'),('3982','PO00025',920,'1.00','4353'),('3982','PO00025',920,'1.00','4876'),('6dee1b826c2333a72e3b','PO00043',525,'1.00',''),('6dee1b826c2333a72e3b','PO00043',522,'1.00',''),('6dee1b826c2333a72e3b','PO00043',652,'1.00',''),('6dee1b826c2333a72e3b','PO00043',668,'1.00',''),('6dee1b826c2333a72e3b','PO00043',561,'1.00',''),('bcb5b22325b9edfe954d','PO00043',525,'1.00',''),('bcb5b22325b9edfe954d','PO00043',522,'1.00',''),('bcb5b22325b9edfe954d','PO00043',652,'1.00',''),('bcb5b22325b9edfe954d','PO00043',668,'1.00',''),('bcb5b22325b9edfe954d','PO00043',561,'1.00','');

/*Table structure for table `tempjournaldetails` */

DROP TABLE IF EXISTS `tempjournaldetails`;

CREATE TABLE `tempjournaldetails` (
  `refno` varchar(50) DEFAULT NULL,
  `glaccount` int(11) DEFAULT NULL,
  `narration` varchar(50) DEFAULT NULL,
  `debit` float DEFAULT NULL,
  `credit` float DEFAULT NULL
) ENGINE=InnoDB DEFAULT CHARSET=latin1;

/*Data for the table `tempjournaldetails` */

insert  into `tempjournaldetails`(`refno`,`glaccount`,`narration`,`debit`,`credit`) values ('37461',2,'Opening balance as at 01-sep-2019',23400,0),('37461',1,'Opening balance as at 01-sep-2019',3400,0),('37461',4,'Opening balance as at 01-sep-2019',0,26800),('27644',2,'Opening balance as at 01-sep-2019',2340,0),('27644',1,'Opening balance as at 01-sep-2019',34790,0),('27644',4,'Opening balance as at 01-sep-2019',0,37130),('21908',2,'Opening balance as at 01-sep-2019',23400,0),('21908',1,'Opening balance as at 01-sep-2019',12340,0),('21908',4,'Opening balance as at 01-sep-2019',0,35740),('78355',2,'Opening balance 01-sep-2019',23500,0),('78355',4,'Opening balance 01-sep-2019',0,23500),('64857',2,'opening balance',23460,0),('64857',4,'opening balance',0,23460),('95166',2,'opening balance',23460,0),('95166',4,'opening balance',0,23460),('43894',2,'opening balance',23460,0),('43894',4,'opening balance',0,23460),('53247',2,'opening balance',23460,0),('53247',4,'opening balance',0,23460),('54522',2,'opening balance',23460,0),('54522',4,'opening balance',0,23460),('54506',2,'opening balance',23460,0),('54506',4,'opening balance',0,23460),('13640',2,'Funds transferred to Cash In Hand',0,500),('13640',1,'Funds transferred from Cash In Bank',500,0),('24950',2,'Funds transferred to Cash In Hand',0,500),('24950',1,'Funds transferred from Cash In Bank',500,0);

/*Table structure for table `temppaymentvoucherdetails` */

DROP TABLE IF EXISTS `temppaymentvoucherdetails`;

CREATE TABLE `temppaymentvoucherdetails` (
  `refno` varchar(50) DEFAULT NULL,
  `itemcode` varchar(50) DEFAULT NULL,
  `description` varchar(500) DEFAULT NULL,
  `quantity` decimal(10,3) DEFAULT NULL,
  `unitprice` decimal(10,3) DEFAULT NULL,
  `accountcharged` int(11) DEFAULT NULL,
  `invoicenumber` varchar(50) DEFAULT NULL
) ENGINE=InnoDB DEFAULT CHARSET=latin1;

/*Data for the table `temppaymentvoucherdetails` */

insert  into `temppaymentvoucherdetails`(`refno`,`itemcode`,`description`,`quantity`,`unitprice`,`accountcharged`,`invoicenumber`) values ('2565','3-809/2020','Payment of internet services','1.000','5600.000',9,'3-809/2020'),('1233','3-809/2020','Payment of internet services','1.000','5600.000',9,'3-809/2020'),('2680','3-809/2020','Payment of internet services','1.000','5600.000',9,'3-809/2020'),('6479','TEST-INV-001','Payment towards invoice #TEST-INV-001','1.000','37600.000',12,'TEST-INV-001'),('6479','IN-001-TEST','Payment towards invoice #IN-001-TEST','1.000','19250.000',12,'IN-001-TEST'),('5320','TEST001','Crate deposit refund','10.000','120.000',15,'TEST001'),('8368','TEST001','Crate deposit refund','10.000','120.000',15,'TEST001'),('c4c7fb0ad1bff852dbd6d1e994afa3f2a0cc33d2','RT00087','Crate deposit refund','5.000','460.000',15,'RT00087');

/*Table structure for table `temppossalespayment` */

DROP TABLE IF EXISTS `temppossalespayment`;

CREATE TABLE `temppossalespayment` (
  `refno` varchar(50) DEFAULT NULL,
  `paymentmodeid` int(11) DEFAULT NULL,
  `reference` varchar(50) DEFAULT NULL,
  `amount` decimal(10,2) DEFAULT NULL
) ENGINE=InnoDB DEFAULT CHARSET=latin1;

/*Data for the table `temppossalespayment` */

insert  into `temppossalespayment`(`refno`,`paymentmodeid`,`reference`,`amount`) values ('1396',4,'CRS00014','750.00'),('7430',4,'CRS00015','1750.00'),('2146',4,'CRS00016','2800.00'),('7705',4,'25','6900.00'),('41f022f20dce6ba819ce',1,'','730.00');

/*Table structure for table `temppricematrix` */

DROP TABLE IF EXISTS `temppricematrix`;

CREATE TABLE `temppricematrix` (
  `refno` varchar(50) DEFAULT NULL,
  `catid` decimal(10,0) DEFAULT NULL,
  `percentage` bit(1) DEFAULT NULL,
  `value` decimal(10,2) DEFAULT NULL
) ENGINE=InnoDB DEFAULT CHARSET=latin1;

/*Data for the table `temppricematrix` */

/*Table structure for table `tempprivilege` */

DROP TABLE IF EXISTS `tempprivilege`;

CREATE TABLE `tempprivilege` (
  `refno` varchar(50) DEFAULT NULL,
  `id` int(11) DEFAULT NULL,
  `objectid` int(11) DEFAULT NULL,
  `valid` bit(1) DEFAULT NULL
) ENGINE=InnoDB DEFAULT CHARSET=latin1;

/*Data for the table `tempprivilege` */

insert  into `tempprivilege`(`refno`,`id`,`objectid`,`valid`) values ('8332',1,2,''),('8332',1,1,''),('1803',1,2,''),('1803',1,1,''),('2686',1,2,''),('2686',1,1,''),('6149',5,20,''),('6149',5,30,''),('6149',5,8,''),('6149',5,11,''),('2612',5,20,''),('2612',5,30,''),('2612',5,8,''),('2612',5,11,''),('8922',5,20,''),('8922',5,30,''),('8922',5,8,''),('8922',5,11,''),('9505',5,20,''),('9505',5,30,''),('9505',5,8,''),('9505',5,11,''),('9505',5,37,''),('9505',5,9,''),('9505',5,27,''),('2c909fe0144b26193640',5,41,''),('2c909fe0144b26193640',5,20,''),('2c909fe0144b26193640',5,30,''),('2c909fe0144b26193640',5,48,''),('2c909fe0144b26193640',5,8,''),('2c909fe0144b26193640',5,43,''),('2c909fe0144b26193640',5,50,''),('2c909fe0144b26193640',5,44,''),('2c909fe0144b26193640',5,11,''),('2c909fe0144b26193640',5,37,''),('2c909fe0144b26193640',5,9,''),('2c909fe0144b26193640',5,27,''),('2c909fe0144b26193640',5,39,''),('2c909fe0144b26193640',5,28,''),('2c909fe0144b26193640',5,40,''),('2c909fe0144b26193640',5,2,''),('2c909fe0144b26193640',5,29,''),('2c909fe0144b26193640',5,15,''),('2c909fe0144b26193640',5,17,''),('2c909fe0144b26193640',5,19,''),('2c909fe0144b26193640',5,46,''),('2c909fe0144b26193640',5,47,''),('2c909fe0144b26193640',5,4,''),('2c909fe0144b26193640',5,6,''),('2c909fe0144b26193640',5,38,''),('2c909fe0144b26193640',5,12,''),('2c909fe0144b26193640',5,42,''),('2c909fe0144b26193640',5,45,''),('2c909fe0144b26193640',5,13,''),('2c909fe0144b26193640',5,33,''),('2c909fe0144b26193640',5,32,''),('2c909fe0144b26193640',5,36,''),('2c909fe0144b26193640',5,1,''),('2c909fe0144b26193640',5,22,''),('2c909fe0144b26193640',5,31,''),('2c909fe0144b26193640',5,10,''),('2c909fe0144b26193640',5,14,''),('2c909fe0144b26193640',5,21,''),('2c909fe0144b26193640',5,25,''),('2c909fe0144b26193640',5,16,''),('2c909fe0144b26193640',5,49,''),('2c909fe0144b26193640',5,18,''),('2c909fe0144b26193640',5,23,''),('2c909fe0144b26193640',5,35,''),('2c909fe0144b26193640',5,24,''),('2c909fe0144b26193640',5,7,''),('2c909fe0144b26193640',5,26,''),('2c909fe0144b26193640',5,3,''),('2c909fe0144b26193640',5,34,''),('2c909fe0144b26193640',5,5,'');

/*Table structure for table `temppurchaseorder` */

DROP TABLE IF EXISTS `temppurchaseorder`;

CREATE TABLE `temppurchaseorder` (
  `refno` varchar(50) DEFAULT NULL,
  `itemcode` int(50) DEFAULT NULL,
  `quantity` decimal(10,2) DEFAULT NULL,
  `unitprice` decimal(10,2) DEFAULT NULL,
  `taxable` tinyint(1) DEFAULT NULL,
  `taxinclusive` tinyint(1) DEFAULT NULL,
  KEY `itemcode` (`itemcode`),
  CONSTRAINT `temppurchaseorder_ibfk_1` FOREIGN KEY (`itemcode`) REFERENCES `products` (`productid`)
) ENGINE=InnoDB DEFAULT CHARSET=latin1;

/*Data for the table `temppurchaseorder` */

/*Table structure for table `tempquotationdetails` */

DROP TABLE IF EXISTS `tempquotationdetails`;

CREATE TABLE `tempquotationdetails` (
  `refno` varchar(50) DEFAULT NULL,
  `itemid` int(11) DEFAULT NULL,
  `quantity` decimal(18,2) DEFAULT NULL,
  `unitprice` decimal(18,2) DEFAULT NULL,
  `description` varchar(500) DEFAULT NULL,
  `length` decimal(18,2) DEFAULT NULL,
  `width` decimal(18,2) DEFAULT NULL,
  `height` decimal(18,2) DEFAULT NULL,
  `gsm` decimal(18,2) DEFAULT NULL,
  `weight` decimal(18,4) DEFAULT NULL,
  `plies` decimal(18,2) DEFAULT NULL,
  `jointallowance` decimal(18,2) DEFAULT NULL,
  `trimallowance` decimal(18,2) DEFAULT NULL,
  `profitmargin` decimal(18,2) DEFAULT NULL,
  `printing` decimal(18,2) DEFAULT NULL,
  `freight` decimal(18,2) DEFAULT NULL,
  `waste` decimal(18,2) DEFAULT NULL,
  `flutefactor` decimal(18,2) DEFAULT NULL
) ENGINE=InnoDB DEFAULT CHARSET=utf8;

/*Data for the table `tempquotationdetails` */

insert  into `tempquotationdetails`(`refno`,`itemid`,`quantity`,`unitprice`,`description`,`length`,`width`,`height`,`gsm`,`weight`,`plies`,`jointallowance`,`trimallowance`,`profitmargin`,`printing`,`freight`,`waste`,`flutefactor`) values ('84786',578,'1.00','1800.00','1',NULL,NULL,NULL,NULL,NULL,NULL,NULL,NULL,NULL,NULL,NULL,NULL,NULL),('84786',703,'1.00','50.00','10',NULL,NULL,NULL,NULL,NULL,NULL,NULL,NULL,NULL,NULL,NULL,NULL,NULL),('84786',523,'1.00','570.00','',NULL,NULL,NULL,NULL,NULL,NULL,NULL,NULL,NULL,NULL,NULL,NULL,NULL),('44601',578,'1.00','1800.00','1',NULL,NULL,NULL,NULL,NULL,NULL,NULL,NULL,NULL,NULL,NULL,NULL,NULL),('44601',703,'1.00','50.00','10',NULL,NULL,NULL,NULL,NULL,NULL,NULL,NULL,NULL,NULL,NULL,NULL,NULL),('44601',523,'1.00','570.00','',NULL,NULL,NULL,NULL,NULL,NULL,NULL,NULL,NULL,NULL,NULL,NULL,NULL),('93537',578,'1.00','1800.00','1',NULL,NULL,NULL,NULL,NULL,NULL,NULL,NULL,NULL,NULL,NULL,NULL,NULL),('93537',703,'1.00','50.00','10',NULL,NULL,NULL,NULL,NULL,NULL,NULL,NULL,NULL,NULL,NULL,NULL,NULL),('93537',523,'1.00','570.00','',NULL,NULL,NULL,NULL,NULL,NULL,NULL,NULL,NULL,NULL,NULL,NULL,NULL),('23511',578,'20.00','1800.00','',NULL,NULL,NULL,NULL,NULL,NULL,NULL,NULL,NULL,NULL,NULL,NULL,NULL),('23511',523,'5.00','570.00','',NULL,NULL,NULL,NULL,NULL,NULL,NULL,NULL,NULL,NULL,NULL,NULL,NULL),('57491',582,'10.00','650.00','',NULL,NULL,NULL,NULL,NULL,NULL,NULL,NULL,NULL,NULL,NULL,NULL,NULL),('20070',578,'1.00','1800.00','',NULL,NULL,NULL,NULL,NULL,NULL,NULL,NULL,NULL,NULL,NULL,NULL,NULL),('20070',656,'1.00','2000.00','',NULL,NULL,NULL,NULL,NULL,NULL,NULL,NULL,NULL,NULL,NULL,NULL,NULL),('20070',668,'10.00','200.00','',NULL,NULL,NULL,NULL,NULL,NULL,NULL,NULL,NULL,NULL,NULL,NULL,NULL),('77932',578,'1.00','1800.00','',NULL,NULL,NULL,NULL,NULL,NULL,NULL,NULL,NULL,NULL,NULL,NULL,NULL),('77932',656,'1.00','2000.00','',NULL,NULL,NULL,NULL,NULL,NULL,NULL,NULL,NULL,NULL,NULL,NULL,NULL),('77932',668,'10.00','200.00','',NULL,NULL,NULL,NULL,NULL,NULL,NULL,NULL,NULL,NULL,NULL,NULL,NULL),('90995',578,'1.00','1800.00','',NULL,NULL,NULL,NULL,NULL,NULL,NULL,NULL,NULL,NULL,NULL,NULL,NULL),('90995',656,'1.00','2000.00','',NULL,NULL,NULL,NULL,NULL,NULL,NULL,NULL,NULL,NULL,NULL,NULL,NULL),('90995',668,'10.00','200.00','',NULL,NULL,NULL,NULL,NULL,NULL,NULL,NULL,NULL,NULL,NULL,NULL,NULL),('88327',578,'1.00','1800.00','',NULL,NULL,NULL,NULL,NULL,NULL,NULL,NULL,NULL,NULL,NULL,NULL,NULL),('88327',656,'1.00','2000.00','',NULL,NULL,NULL,NULL,NULL,NULL,NULL,NULL,NULL,NULL,NULL,NULL,NULL),('88327',668,'10.00','200.00','',NULL,NULL,NULL,NULL,NULL,NULL,NULL,NULL,NULL,NULL,NULL,NULL,NULL),('74552',582,'10.00','650.00','',NULL,NULL,NULL,NULL,NULL,NULL,NULL,NULL,NULL,NULL,NULL,NULL,NULL),('62401',578,'1.00','1800.00','',NULL,NULL,NULL,NULL,NULL,NULL,NULL,NULL,NULL,NULL,NULL,NULL,NULL),('62401',656,'1.00','2000.00','',NULL,NULL,NULL,NULL,NULL,NULL,NULL,NULL,NULL,NULL,NULL,NULL,NULL),('62401',668,'10.00','200.00','',NULL,NULL,NULL,NULL,NULL,NULL,NULL,NULL,NULL,NULL,NULL,NULL,NULL),('83448',578,'1.00','1800.00','',NULL,NULL,NULL,NULL,NULL,NULL,NULL,NULL,NULL,NULL,NULL,NULL,NULL),('83448',656,'1.00','2000.00','',NULL,NULL,NULL,NULL,NULL,NULL,NULL,NULL,NULL,NULL,NULL,NULL,NULL),('83448',668,'10.00','200.00','',NULL,NULL,NULL,NULL,NULL,NULL,NULL,NULL,NULL,NULL,NULL,NULL,NULL),('53339',656,'5.00','2000.00','',NULL,NULL,NULL,NULL,NULL,NULL,NULL,NULL,NULL,NULL,NULL,NULL,NULL),('16170',552,'300.00','99.29','','250.00','225.00','150.00','150.00','0.0000','5.00','30.00','25.00','30.00','0.00','0.00','5.00','1.50');

/*Table structure for table `tempreturns` */

DROP TABLE IF EXISTS `tempreturns`;

CREATE TABLE `tempreturns` (
  `refno` varchar(50) DEFAULT NULL,
  `productid` int(11) DEFAULT NULL,
  `quantity` decimal(18,2) DEFAULT NULL,
  `serialno` varchar(50) DEFAULT NULL
) ENGINE=InnoDB DEFAULT CHARSET=latin1;

/*Data for the table `tempreturns` */

insert  into `tempreturns`(`refno`,`productid`,`quantity`,`serialno`) values ('56992',920,'1.00','4353'),('77805',920,'1.00','4353'),('39465',920,'1.00','4353'),('92827',920,'1.00','4353'),('85113',737,'1.00','');

/*Table structure for table `tempsale` */

DROP TABLE IF EXISTS `tempsale`;

CREATE TABLE `tempsale` (
  `refno` varchar(50) DEFAULT NULL,
  `itemcode` int(11) DEFAULT NULL,
  `unitprice` decimal(10,2) DEFAULT NULL,
  `discount` decimal(10,2) DEFAULT NULL,
  `quantity` decimal(10,2) DEFAULT NULL,
  `serialno` varchar(50) DEFAULT NULL,
  `taxtypeid` int(11) DEFAULT NULL,
  `taxrate` decimal(18,2) DEFAULT NULL,
  `description` varchar(500) DEFAULT NULL,
  KEY `itemcode` (`itemcode`),
  CONSTRAINT `tempsale_ibfk_1` FOREIGN KEY (`itemcode`) REFERENCES `products` (`productid`)
) ENGINE=InnoDB DEFAULT CHARSET=latin1;

/*Data for the table `tempsale` */

insert  into `tempsale`(`refno`,`itemcode`,`unitprice`,`discount`,`quantity`,`serialno`,`taxtypeid`,`taxrate`,`description`) values ('41f022f20dce6ba819ce',525,'730.00','0.00','1.00','',1,'16.00',NULL);

/*Table structure for table `tempstockreconcilebalancedetails` */

DROP TABLE IF EXISTS `tempstockreconcilebalancedetails`;

CREATE TABLE `tempstockreconcilebalancedetails` (
  `refno` varchar(50) DEFAULT NULL,
  `itemid` int(11) DEFAULT NULL,
  `quantity` decimal(18,2) DEFAULT NULL,
  `unitprice` decimal(18,2) DEFAULT NULL
) ENGINE=InnoDB DEFAULT CHARSET=latin1;

/*Data for the table `tempstockreconcilebalancedetails` */

insert  into `tempstockreconcilebalancedetails`(`refno`,`itemid`,`quantity`,`unitprice`) values ('8319',525,'6.00','680.00'),('8319',522,'12.00','335.00'),('8319',523,'2.00','520.00');

/*Table structure for table `tempstocktransfer` */

DROP TABLE IF EXISTS `tempstocktransfer`;

CREATE TABLE `tempstocktransfer` (
  `refno` varchar(50) DEFAULT NULL,
  `itemcode` int(50) DEFAULT NULL,
  `quantity` decimal(10,2) DEFAULT NULL,
  `unitprice` decimal(10,2) DEFAULT NULL,
  `serialno` varchar(50) DEFAULT NULL
) ENGINE=InnoDB DEFAULT CHARSET=latin1;

/*Data for the table `tempstocktransfer` */

/*Table structure for table `tempsupplierinvoice` */

DROP TABLE IF EXISTS `tempsupplierinvoice`;

CREATE TABLE `tempsupplierinvoice` (
  `refno` varchar(50) DEFAULT NULL,
  `grnno` varchar(50) DEFAULT NULL
) ENGINE=InnoDB DEFAULT CHARSET=latin1;

/*Data for the table `tempsupplierinvoice` */

/*Table structure for table `unitsofmeasure` */

DROP TABLE IF EXISTS `unitsofmeasure`;

CREATE TABLE `unitsofmeasure` (
  `description` varchar(50) DEFAULT NULL
) ENGINE=InnoDB DEFAULT CHARSET=latin1;

/*Data for the table `unitsofmeasure` */

insert  into `unitsofmeasure`(`description`) values ('Pieces'),('KGs');

/*Table structure for table `user` */

DROP TABLE IF EXISTS `user`;

CREATE TABLE `user` (
  `id` int(11) NOT NULL AUTO_INCREMENT,
  `username` varchar(50) DEFAULT NULL,
  `firstname` varchar(50) DEFAULT NULL,
  `middlename` varchar(50) DEFAULT NULL,
  `lastname` varchar(50) DEFAULT NULL,
  `email` varchar(50) NOT NULL,
  `mobile` varchar(50) DEFAULT NULL,
  `password` varchar(50) DEFAULT NULL,
  `accountexpires` tinyint(1) DEFAULT NULL,
  `accountexpirydate` datetime DEFAULT NULL,
  `changepasswordonlogon` tinyint(1) DEFAULT NULL,
  `accountactive` tinyint(1) DEFAULT NULL,
  `reasoninactive` varchar(200) DEFAULT NULL,
  `dateadded` datetime DEFAULT NULL,
  `addedby` decimal(10,0) DEFAULT NULL,
  `lastmodifiedon` datetime DEFAULT NULL,
  `lastmodifiedby` decimal(10,0) DEFAULT NULL,
  `systemadmin` tinyint(1) DEFAULT NULL,
  `signature` varchar(1000) DEFAULT NULL,
  PRIMARY KEY (`id`,`email`)
) ENGINE=InnoDB AUTO_INCREMENT=10 DEFAULT CHARSET=latin1;

/*Data for the table `user` */

insert  into `user`(`id`,`username`,`firstname`,`middlename`,`lastname`,`email`,`mobile`,`password`,`accountexpires`,`accountexpirydate`,`changepasswordonlogon`,`accountactive`,`reasoninactive`,`dateadded`,`addedby`,`lastmodifiedon`,`lastmodifiedby`,`systemadmin`,`signature`) values (5,'admin','Richard','Onyango','Akello','akellorich@yahoo.com','0727709772','1c986a5f526fda89666cdb2a9547a436',0,'0000-00-00 00:00:00',0,1,'',NULL,NULL,'2023-02-20 14:43:20','5',1,'../images/signatures/5f47351a4933cb7b395b_richard_signature.jpg'),(6,'lucky','Lucky','Kwamboka','','-','-','827ccb0eea8a706c4c34a16891f84e7b',0,'0000-00-00 00:00:00',0,1,'','2018-11-20 05:13:12','5','2020-02-15 18:32:39','5',1,NULL),(7,'ctakumu','CT','Akumu','Owuor','ctakumu@yahoo.com','','2f8663996d3fb02366a2d7a0d6589a55',0,'0000-00-00 00:00:00',1,0,'Account deleted','2018-12-31 05:18:49','5','2019-02-09 03:23:34','5',0,NULL),(8,'francis','Francis','Wachira','','franciswachira@gmail.com','0722456789','827ccb0eea8a706c4c34a16891f84e7b',NULL,NULL,0,1,NULL,'2021-07-19 12:18:42','5',NULL,NULL,1,NULL),(9,'Eva','Eva','Akoth','','evaakoth@gmail.com','0722675897','e0c98c33ff94e4eb0fbfe7208f9b48a1',NULL,NULL,0,1,NULL,'2022-10-07 12:58:30','5',NULL,NULL,1,NULL);

/*Table structure for table `useroutlets` */

DROP TABLE IF EXISTS `useroutlets`;

CREATE TABLE `useroutlets` (
  `id` int(11) NOT NULL AUTO_INCREMENT,
  `userid` int(11) DEFAULT NULL,
  `outletid` int(11) DEFAULT NULL,
  `dateadded` datetime DEFAULT NULL,
  `addedby` int(11) DEFAULT NULL,
  `deleted` tinyint(4) DEFAULT NULL,
  `lastdatemodified` datetime DEFAULT NULL,
  `lastmodifiedby` int(11) DEFAULT NULL,
  PRIMARY KEY (`id`),
  KEY `userid` (`userid`),
  KEY `outletid` (`outletid`),
  KEY `addedby` (`addedby`),
  KEY `lastmodifiedby` (`lastmodifiedby`),
  CONSTRAINT `useroutlets_ibfk_1` FOREIGN KEY (`userid`) REFERENCES `user` (`id`),
  CONSTRAINT `useroutlets_ibfk_2` FOREIGN KEY (`outletid`) REFERENCES `pointsofsale` (`id`),
  CONSTRAINT `useroutlets_ibfk_3` FOREIGN KEY (`addedby`) REFERENCES `user` (`id`),
  CONSTRAINT `useroutlets_ibfk_4` FOREIGN KEY (`lastmodifiedby`) REFERENCES `user` (`id`)
) ENGINE=InnoDB AUTO_INCREMENT=9 DEFAULT CHARSET=latin1;

/*Data for the table `useroutlets` */

insert  into `useroutlets`(`id`,`userid`,`outletid`,`dateadded`,`addedby`,`deleted`,`lastdatemodified`,`lastmodifiedby`) values (1,5,9,'2020-02-24 12:50:33',5,1,'2022-11-01 12:54:49',5),(2,5,8,'2020-02-24 12:50:33',5,1,'2020-02-24 14:18:23',5),(3,5,10,'2020-02-24 12:50:33',5,1,'2020-02-24 14:10:58',5),(4,5,15,'2020-02-24 12:53:38',5,1,'2020-02-24 14:10:54',5),(5,5,14,'2020-02-24 12:55:13',5,1,'2020-02-24 14:19:08',5),(6,8,15,'2021-07-19 12:22:34',5,0,NULL,NULL),(7,8,14,'2021-07-19 12:22:34',5,0,NULL,NULL),(8,5,18,'2022-11-01 12:54:36',5,0,NULL,NULL);

/*Table structure for table `userprivileges` */

DROP TABLE IF EXISTS `userprivileges`;

CREATE TABLE `userprivileges` (
  `id` int(11) NOT NULL AUTO_INCREMENT,
  `objectid` int(11) DEFAULT NULL,
  `userid` int(11) DEFAULT NULL,
  `allowed` tinyint(1) DEFAULT NULL,
  `dateadded` datetime DEFAULT NULL,
  `addedby` int(11) DEFAULT NULL,
  `lastdateupdated` datetime DEFAULT NULL,
  `lastupdatedby` int(11) DEFAULT NULL,
  PRIMARY KEY (`id`)
) ENGINE=InnoDB AUTO_INCREMENT=395 DEFAULT CHARSET=latin1;

/*Data for the table `userprivileges` */

insert  into `userprivileges`(`id`,`objectid`,`userid`,`allowed`,`dateadded`,`addedby`,`lastdateupdated`,`lastupdatedby`) values (332,20,9,1,NULL,5,'2022-10-07 12:58:30',5),(333,43,9,1,NULL,5,'2022-10-07 12:58:30',5),(334,37,9,1,NULL,5,'2022-10-07 12:58:30',5),(335,9,9,1,NULL,5,'2022-10-07 12:58:30',5),(336,40,9,1,NULL,5,'2022-10-07 12:58:30',5),(337,29,9,1,NULL,5,'2022-10-07 12:58:30',5),(338,19,9,1,NULL,5,'2022-10-07 12:58:30',5),(339,42,9,1,NULL,5,'2022-10-07 12:58:30',5),(340,22,9,1,NULL,5,'2022-10-07 12:58:30',5),(341,21,9,1,NULL,5,'2022-10-07 12:58:30',5),(342,16,9,1,NULL,5,'2022-10-07 12:58:30',5),(343,35,9,1,NULL,5,'2022-10-07 12:58:30',5),(344,3,9,1,NULL,5,'2022-10-07 12:58:30',5),(345,41,5,1,NULL,5,'2023-02-20 14:43:22',5),(346,20,5,1,NULL,5,'2023-02-20 14:43:22',5),(347,30,5,1,NULL,5,'2023-02-20 14:43:22',5),(348,48,5,1,NULL,5,'2023-02-20 14:43:22',5),(349,8,5,1,NULL,5,'2023-02-20 14:43:22',5),(350,43,5,1,NULL,5,'2023-02-20 14:43:22',5),(351,50,5,1,NULL,5,'2023-02-20 14:43:22',5),(352,44,5,1,NULL,5,'2023-02-20 14:43:22',5),(353,11,5,1,NULL,5,'2023-02-20 14:43:22',5),(354,37,5,1,NULL,5,'2023-02-20 14:43:22',5),(355,9,5,1,NULL,5,'2023-02-20 14:43:22',5),(356,27,5,1,NULL,5,'2023-02-20 14:43:22',5),(357,39,5,1,NULL,5,'2023-02-20 14:43:22',5),(358,28,5,1,NULL,5,'2023-02-20 14:43:22',5),(359,40,5,1,NULL,5,'2023-02-20 14:43:22',5),(360,2,5,1,NULL,5,'2023-02-20 14:43:22',5),(361,29,5,1,NULL,5,'2023-02-20 14:43:22',5),(362,15,5,1,NULL,5,'2023-02-20 14:43:22',5),(363,17,5,1,NULL,5,'2023-02-20 14:43:22',5),(364,19,5,1,NULL,5,'2023-02-20 14:43:22',5),(365,46,5,1,NULL,5,'2023-02-20 14:43:22',5),(366,47,5,1,NULL,5,'2023-02-20 14:43:22',5),(367,4,5,1,NULL,5,'2023-02-20 14:43:22',5),(368,6,5,1,NULL,5,'2023-02-20 14:43:22',5),(369,38,5,1,NULL,5,'2023-02-20 14:43:22',5),(370,12,5,1,NULL,5,'2023-02-20 14:43:22',5),(371,42,5,1,NULL,5,'2023-02-20 14:43:22',5),(372,45,5,1,NULL,5,'2023-02-20 14:43:22',5),(373,13,5,1,NULL,5,'2023-02-20 14:43:22',5),(374,33,5,1,NULL,5,'2023-02-20 14:43:22',5),(375,32,5,1,NULL,5,'2023-02-20 14:43:22',5),(376,36,5,1,NULL,5,'2023-02-20 14:43:22',5),(377,1,5,1,NULL,5,'2023-02-20 14:43:22',5),(378,22,5,1,NULL,5,'2023-02-20 14:43:22',5),(379,31,5,1,NULL,5,'2023-02-20 14:43:22',5),(380,10,5,1,NULL,5,'2023-02-20 14:43:22',5),(381,14,5,1,NULL,5,'2023-02-20 14:43:22',5),(382,21,5,1,NULL,5,'2023-02-20 14:43:22',5),(383,25,5,1,NULL,5,'2023-02-20 14:43:22',5),(384,16,5,1,NULL,5,'2023-02-20 14:43:22',5),(385,49,5,1,NULL,5,'2023-02-20 14:43:22',5),(386,18,5,1,NULL,5,'2023-02-20 14:43:22',5),(387,23,5,1,NULL,5,'2023-02-20 14:43:22',5),(388,35,5,1,NULL,5,'2023-02-20 14:43:22',5),(389,24,5,1,NULL,5,'2023-02-20 14:43:22',5),(390,7,5,1,NULL,5,'2023-02-20 14:43:22',5),(391,26,5,1,NULL,5,'2023-02-20 14:43:22',5),(392,3,5,1,NULL,5,'2023-02-20 14:43:22',5),(393,34,5,1,NULL,5,'2023-02-20 14:43:22',5),(394,5,5,1,NULL,5,'2023-02-20 14:43:22',5);

/*Table structure for table `warehouses` */

DROP TABLE IF EXISTS `warehouses`;

CREATE TABLE `warehouses` (
  `id` int(11) NOT NULL AUTO_INCREMENT,
  `description` varchar(50) DEFAULT NULL,
  `location` varchar(50) DEFAULT NULL,
  `dateadded` datetime DEFAULT NULL,
  `addedby` decimal(10,0) DEFAULT NULL,
  `lastmodifiedon` datetime DEFAULT NULL,
  `lastmodifiedby` decimal(10,0) DEFAULT NULL,
  PRIMARY KEY (`id`)
) ENGINE=InnoDB AUTO_INCREMENT=2 DEFAULT CHARSET=latin1;

/*Data for the table `warehouses` */

insert  into `warehouses`(`id`,`description`,`location`,`dateadded`,`addedby`,`lastmodifiedon`,`lastmodifiedby`) values (1,'Main Warehouse',NULL,NULL,NULL,NULL,NULL);

/*Table structure for table `zones` */

DROP TABLE IF EXISTS `zones`;

CREATE TABLE `zones` (
  `id` int(11) NOT NULL AUTO_INCREMENT,
  `zonename` varchar(100) DEFAULT NULL,
  `dateadded` datetime DEFAULT NULL,
  `addedby` int(11) DEFAULT NULL,
  `deleted` tinyint(1) DEFAULT 0,
  `parent` int(11) DEFAULT NULL,
  `datedeleted` datetime DEFAULT NULL,
  `deletedby` int(11) DEFAULT NULL,
  PRIMARY KEY (`id`)
) ENGINE=InnoDB AUTO_INCREMENT=7 DEFAULT CHARSET=latin1;

/*Data for the table `zones` */

insert  into `zones`(`id`,`zonename`,`dateadded`,`addedby`,`deleted`,`parent`,`datedeleted`,`deletedby`) values (1,'Rongai-Kiserian','2023-01-19 13:25:11',5,0,0,NULL,NULL),(2,'Rogai Town','2023-01-19 13:38:41',5,0,1,NULL,NULL),(3,'Langata','2023-01-19 13:38:49',5,0,1,NULL,NULL),(4,'Nairobi-Kiambu','2023-01-19 19:37:54',5,0,0,NULL,NULL),(5,'Kiambu','2023-01-19 19:38:18',5,0,4,NULL,NULL),(6,'Thika Road','2023-01-19 19:38:31',5,0,4,NULL,NULL);

/* Function  structure for function  `fngeneratecreditnoteno` */

/*!50003 DROP FUNCTION IF EXISTS `fngeneratecreditnoteno` */;
DELIMITER $$

/*!50003 CREATE DEFINER=`root`@`localhost` FUNCTION `fngeneratecreditnoteno`() RETURNS varchar(50) CHARSET latin1
BEGIN
	DECLARE $grnno VARCHAR(50);
	SET $grnno=(SELECT CONCAT(
		`prefix`,
		CASE CHAR_LENGTH(`currentno`) 
			WHEN 1 THEN '0000'
			WHEN 2 THEN '000'
			WHEN 3 THEN '00'
			WHEN 4 THEN '0'
			ELSE '' 
		END,
		`currentno`) FROM `serials` WHERE `documenttype`='Credit Note');
	RETURN $grnno;
    END */$$
DELIMITER ;

/* Function  structure for function  `fngeneratecustomercreditrefno` */

/*!50003 DROP FUNCTION IF EXISTS `fngeneratecustomercreditrefno` */;
DELIMITER $$

/*!50003 CREATE DEFINER=`root`@`localhost` FUNCTION `fngeneratecustomercreditrefno`() RETURNS varchar(50) CHARSET latin1
BEGIN
	DECLARE $receiptno VARCHAR(50);
	SET $receiptno=(SELECT CONCAT(
		`prefix`,
		CASE CHAR_LENGTH(`currentno`) 
			WHEN 1 THEN '0000'
			WHEN 2 THEN '000'
			WHEN 3 THEN '00'
			WHEN 4 THEN '0'
			ELSE '' 
		END,
		`currentno`) FROM `serials` WHERE `documenttype`='Credit Sale');
	RETURN $receiptno;
    END */$$
DELIMITER ;

/* Function  structure for function  `fngenerategrnno` */

/*!50003 DROP FUNCTION IF EXISTS `fngenerategrnno` */;
DELIMITER $$

/*!50003 CREATE DEFINER=`root`@`localhost` FUNCTION `fngenerategrnno`() RETURNS varchar(50) CHARSET latin1
BEGIN
	declare $grnno varchar(50);
	SET $grnno=(SELECT CONCAT(
		`prefix`,
		CASE CHAR_LENGTH(`currentno`) 
			WHEN 1 THEN '0000'
			WHEN 2 THEN '000'
			WHEN 3 THEN '00'
			WHEN 4 THEN '0'
			ELSE '' 
		END,
		`currentno`) FROM `serials` WHERE `documenttype`='Goods Received Note');
	RETURN $grnno;
    END */$$
DELIMITER ;

/* Function  structure for function  `fngeneratepaymentvoucherno` */

/*!50003 DROP FUNCTION IF EXISTS `fngeneratepaymentvoucherno` */;
DELIMITER $$

/*!50003 CREATE DEFINER=`root`@`localhost` FUNCTION `fngeneratepaymentvoucherno`() RETURNS varchar(50) CHARSET latin1
BEGIN
	DECLARE $voucherno VARCHAR(50);
	SET $voucherno=(SELECT CONCAT(
		`prefix`,
		CASE CHAR_LENGTH(`currentno`) 
			WHEN 1 THEN '0000'
			WHEN 2 THEN '000'
			WHEN 3 THEN '00'
			WHEN 4 THEN '0'
			ELSE '' 
		END,
		`currentno`) FROM `serials` WHERE `documenttype`='Voucher Number');
	RETURN $voucherno;
    END */$$
DELIMITER ;

/* Function  structure for function  `fngenerateproductcode` */

/*!50003 DROP FUNCTION IF EXISTS `fngenerateproductcode` */;
DELIMITER $$

/*!50003 CREATE DEFINER=`root`@`localhost` FUNCTION `fngenerateproductcode`($categoryid numeric) RETURNS varchar(50) CHARSET latin1
BEGIN
	DECLARE $itemcode VARCHAR(50);
	SET $itemcode=(SELECT CONCAT(
		`prefix`,
		CASE CHAR_LENGTH(`currentno`) 
			WHEN 1 THEN '0000'
			WHEN 2 THEN '000'
			WHEN 3 THEN '00'
			WHEN 4 THEN '0'
			ELSE '' 
		END,
		`currentno`) FROM `categories` WHERE `categoryid`=$categoryid);
	RETURN $itemcode;
    END */$$
DELIMITER ;

/* Function  structure for function  `fngeneratepurchaseorderno` */

/*!50003 DROP FUNCTION IF EXISTS `fngeneratepurchaseorderno` */;
DELIMITER $$

/*!50003 CREATE DEFINER=`root`@`localhost` FUNCTION `fngeneratepurchaseorderno`() RETURNS varchar(50) CHARSET latin1
BEGIN
	DECLARE $purchaseorderno VARCHAR(50);
	SET $purchaseorderno=(SELECT CONCAT(
		`prefix`,
		CASE CHAR_LENGTH(`currentno`) 
			WHEN 1 THEN '0000'
			WHEN 2 THEN '000'
			WHEN 3 THEN '00'
			WHEN 4 THEN '0'
			ELSE '' 
		END,
		`currentno`) FROM `serials` WHERE `documenttype`='Purchase Order');
	RETURN $purchaseorderno;
    END */$$
DELIMITER ;

/* Function  structure for function  `fngeneraterawmaterialcode` */

/*!50003 DROP FUNCTION IF EXISTS `fngeneraterawmaterialcode` */;
DELIMITER $$

/*!50003 CREATE DEFINER=`root`@`localhost` FUNCTION `fngeneraterawmaterialcode`($categoryid numeric) RETURNS varchar(50) CHARSET latin1
BEGIN
	DECLARE $itemcode VARCHAR(50);
	SET $itemcode=(SELECT CONCAT(
		`prefix`,
		CASE CHAR_LENGTH(`currentno`) 
			WHEN 1 THEN '0000'
			WHEN 2 THEN '000'
			WHEN 3 THEN '00'
			WHEN 4 THEN '0'
			ELSE '' 
		END,
		`currentno`) FROM `rawmaterialcategories` WHERE `categoryid`=$categoryid);
	RETURN $itemcode;
    END */$$
DELIMITER ;

/* Function  structure for function  `fngeneratereceiptno` */

/*!50003 DROP FUNCTION IF EXISTS `fngeneratereceiptno` */;
DELIMITER $$

/*!50003 CREATE DEFINER=`root`@`localhost` FUNCTION `fngeneratereceiptno`() RETURNS varchar(50) CHARSET latin1
BEGIN
	declare $receiptno varchar(50);
	set $receiptno=(select concat(
		`prefix`,
		case CHAR_LENGTH(`currentno`) 
			when 1 then '0000'
			WHEN 2 THEN '000'
			WHEN 3 THEN '00'
			WHEN 4 THEN '0'
			else '' 
		end,
		`currentno`) FROM `serials` where `documenttype`='Receipt');
	return $receiptno;
    END */$$
DELIMITER ;

/* Function  structure for function  `fngeneratereturninwardsref` */

/*!50003 DROP FUNCTION IF EXISTS `fngeneratereturninwardsref` */;
DELIMITER $$

/*!50003 CREATE DEFINER=`root`@`localhost` FUNCTION `fngeneratereturninwardsref`() RETURNS varchar(50) CHARSET latin1
BEGIN
	declare $grnno varchar(50);
	SET $grnno=(SELECT CONCAT(
		`prefix`,
		CASE CHAR_LENGTH(`currentno`) 
			WHEN 1 THEN '0000'
			WHEN 2 THEN '000'
			WHEN 3 THEN '00'
			WHEN 4 THEN '0'
			ELSE '' 
		END,
		`currentno`) FROM `serials` WHERE `documenttype`='Return Inwards');
	RETURN $grnno;
    END */$$
DELIMITER ;

/* Function  structure for function  `fngeneratereturnoutwardsref` */

/*!50003 DROP FUNCTION IF EXISTS `fngeneratereturnoutwardsref` */;
DELIMITER $$

/*!50003 CREATE DEFINER=`root`@`localhost` FUNCTION `fngeneratereturnoutwardsref`() RETURNS varchar(50) CHARSET latin1
BEGIN
	declare $grnno varchar(50);
	SET $grnno=(SELECT CONCAT(
		`prefix`,
		CASE CHAR_LENGTH(`currentno`) 
			WHEN 1 THEN '0000'
			WHEN 2 THEN '000'
			WHEN 3 THEN '00'
			WHEN 4 THEN '0'
			ELSE '' 
		END,
		`currentno`) FROM `serials` WHERE `documenttype`='Return Outwards');
	RETURN $grnno;
    END */$$
DELIMITER ;

/* Function  structure for function  `fngeneratestocktransaferno` */

/*!50003 DROP FUNCTION IF EXISTS `fngeneratestocktransaferno` */;
DELIMITER $$

/*!50003 CREATE DEFINER=`root`@`localhost` FUNCTION `fngeneratestocktransaferno`() RETURNS varchar(50) CHARSET latin1
BEGIN
	DECLARE $stocktransferno VARCHAR(50);
	SET $stocktransferno=(SELECT CONCAT(
		`prefix`,
		CASE CHAR_LENGTH(`currentno`) 
			WHEN 1 THEN '0000'
			WHEN 2 THEN '000'
			WHEN 3 THEN '00'
			WHEN 4 THEN '0'
			ELSE '' 
		END,
		`currentno`) FROM `serials` WHERE `documenttype`='Stock Transfer');
	RETURN $stocktransferno;
    END */$$
DELIMITER ;

/* Function  structure for function  `fngetsupplieropeningbalance` */

/*!50003 DROP FUNCTION IF EXISTS `fngetsupplieropeningbalance` */;
DELIMITER $$

/*!50003 CREATE DEFINER=`root`@`localhost` FUNCTION `fngetsupplieropeningbalance`($supplierid int,$startdate datetime) RETURNS decimal(18,2)
BEGIN
	declare $openingbalance numeric(18,2);
	declare $cutoffdate datetime;
	
	set $cutoffdate=date_format(ifnull((select `cutoffdate` from `startingparameters`),now()),'%Y-%m-%d');
	if $cutoffdate>$startdate then
		set $startdate=$cutoffdate;
	end if;
	set $startdate=date_sub($startdate, interval 1 day);
	set $openingbalance=(SELECT SUM(invoiceamount-invoicepayment) FROM `vwsupplierstatement` o 
	WHERE o.supplierid=$supplierid AND DATE_FORMAT(invoicedate,'%Y-%m-%d') between $cutoffdate and $startdate);
	return ifnull($openingbalance,0);
    END */$$
DELIMITER ;

/* Function  structure for function  `fn_generatequoatationno` */

/*!50003 DROP FUNCTION IF EXISTS `fn_generatequoatationno` */;
DELIMITER $$

/*!50003 CREATE DEFINER=`root`@`localhost` FUNCTION `fn_generatequoatationno`() RETURNS varchar(50) CHARSET utf8mb4
BEGIN
	DECLARE $quotatationno VARCHAR(50);
	SET $quotatationno=(SELECT CONCAT(
		`prefix`,
		CASE CHAR_LENGTH(`currentno`) 
			WHEN 1 THEN '0000'
			WHEN 2 THEN '000'
			WHEN 3 THEN '00'
			WHEN 4 THEN '0'
			ELSE '' 
		END,
		`currentno`) FROM `serials` WHERE `documenttype`='Quotation Number');
	RETURN $quotatationno;
    END */$$
DELIMITER ;

/* Function  structure for function  `fn_generaterequisitionno` */

/*!50003 DROP FUNCTION IF EXISTS `fn_generaterequisitionno` */;
DELIMITER $$

/*!50003 CREATE DEFINER=`root`@`localhost` FUNCTION `fn_generaterequisitionno`() RETURNS varchar(50) CHARSET utf8mb4
BEGIN
	DECLARE $requisitionno VARCHAR(50);
	SET $requisitionno=(SELECT CONCAT(
		`prefix`,
		CASE CHAR_LENGTH(`currentno`) 
			WHEN 1 THEN '0000'
			WHEN 2 THEN '000'
			WHEN 3 THEN '00'
			WHEN 4 THEN '0'
			ELSE '' 
		END,
		`currentno`) FROM `serials` WHERE `documenttype`='Requisition Number');
	RETURN $requisitionno;
    END */$$
DELIMITER ;

/* Function  structure for function  `fn_getcustomersuspenseaccountbalance` */

/*!50003 DROP FUNCTION IF EXISTS `fn_getcustomersuspenseaccountbalance` */;
DELIMITER $$

/*!50003 CREATE DEFINER=`root`@`localhost` FUNCTION `fn_getcustomersuspenseaccountbalance`($customerid int) RETURNS decimal(18,2)
BEGIN
	declare $accountbalance numeric(18,2);
	set $accountbalance=(select sum(ifnull(credit,0)-ifnull(debit,0)) from customersuspenseaccount where customerid=$customerid);
	return $accountbalance;
    END */$$
DELIMITER ;

/* Function  structure for function  `fn_getitemstockbalance` */

/*!50003 DROP FUNCTION IF EXISTS `fn_getitemstockbalance` */;
DELIMITER $$

/*!50003 CREATE DEFINER=`root`@`localhost` FUNCTION `fn_getitemstockbalance`($productid int,$asatdate date) RETURNS decimal(18,2)
BEGIN
	declare $closingbalance numeric(18,2);
	SELECT  date_format(cutoffdate,'%Y-%m-%d') INTO @startdate FROM `startingparameters`;
	select case when @startdate<=@asatdate then @startdate else @asatdate end into @startdate;
	set $closingbalance=ifnull((select sum(`quantity`) from `goodsreceiveddetails` gd, `goodsreceived` g where g.`grnno`=gd.`grnno` and `itemcode`=$productid
	and date_format(`datereceived`,'%Y-%m-%d') between @startdate and $asatdate),0) -
	-- Subtract the items sold
	ifnull((select sum(`quantity`) from `possalesdetails` pd, `possales` p where p.`id`=pd.`possaleid` and pd.`itemcode`=$productid 
	and DATE_FORMAT(`receiptdate`,'%Y-%m-%d') between @startdate and $asatdate and ifnull(p.`deleted`,0)=0),0);
	return $closingbalance;
    END */$$
DELIMITER ;

/* Function  structure for function  `fn_getitemstorebalance` */

/*!50003 DROP FUNCTION IF EXISTS `fn_getitemstorebalance` */;
DELIMITER $$

/*!50003 CREATE DEFINER=`root`@`localhost` FUNCTION `fn_getitemstorebalance`($productid INT,$storeid int) RETURNS decimal(18,0)
BEGIN
	declare $startdate date;
	declare $enddate date;
	
	select ifnull(date_format(`stockcutoffdate`,'%Y-%m-%d'),'01-Jan-2022'),date_format(now(),'%Y-%m-%d')
	into $startdate,$enddate 
	from `startingparameters`;
	
	SELECT SUM(quantity)
	INTO @transfersin
	FROM `stocktransfer` s, `stocktransferdetails` sd
	WHERE s.id=sd.`transferid` AND `destinationtype`='pos' AND `destinationid`=$storeid and sd.`itemcode`=$productid
	and date_format(s.`dateadded`,'%Y-%m-%d') between $startdate and $enddate
	;
	
	SELECT SUM(quantity)
	into @transfersout
	from `stocktransfer` s, `stocktransferdetails` sd
	where s.id=sd.`transferid` and `sourcetype`='pos' and `sourceid`=$storeid  AND sd.`itemcode`=$productid
	and DATE_FORMAT(s.`dateadded`,'%Y-%m-%d') BETWEEN $startdate AND $enddate
	;
	
	-- get sales
	SELECT SUM(quantity)
	into @sales
	FROM products p INNER JOIN `possalesdetails` pd ON p.productid=pd.`itemcode`
	INNER JOIN `possales` s ON pd.`possaleid`=s.`id`
	WHERE p.itemcode=$productid AND DATE_FORMAT(`receiptdate`,'%Y-%m-%d') BETWEEN $startdate AND $enddate
	and ifnull(s.`deleted`,0)=0 and s.`pointofsaleid`=$storeid;
	
	set @itembalance=ifnull(@transfersin,0)-ifnull(@transfersout,0)-ifnull(@sales,0);
	
	return @itembalance;
	
    END */$$
DELIMITER ;

/* Function  structure for function  `fn_purchaseorderstatus` */

/*!50003 DROP FUNCTION IF EXISTS `fn_purchaseorderstatus` */;
DELIMITER $$

/*!50003 CREATE DEFINER=`root`@`localhost` FUNCTION `fn_purchaseorderstatus`($purchaseorderid int) RETURNS varchar(50) CHARSET latin1
BEGIN
    
	DECLARE $approvallevelid INT;
	DECLARE $approvallevelname VARCHAR(100);
	DECLARE $purchaseorderstatus VARCHAR(50);
	DECLARE $finished INTEGER DEFAULT 0;
	
	DECLARE c1 CURSOR FOR SELECT `id`,`description` FROM `purchaseorderapprovallevels` ORDER BY `hierarchy`;
	DECLARE CONTINUE HANDLER FOR NOT FOUND SET $finished=1;
	OPEN c1;
	
	SET $purchaseorderstatus='Approved';
	
	if exists(select * from `purchaseorders` where `id`=$purchaseorderid and ifnull(`rejected`,0)=1) then
		set $purchaseorderstatus='Rejected';
	else
		get_product: LOOP
			FETCH c1 INTO $approvallevelid,$approvallevelname;		
			IF $finished=1 THEN 
				LEAVE get_product;
			END IF;
			
			IF NOT EXISTS(SELECT * FROM `purchaseorderapproval` WHERE `approvallevelid`=$approvallevelid AND `poid`=$purchaseorderid) THEN
				SET $purchaseorderstatus=CONCAT('Pending ',$approvallevelname);
				LEAVE get_product;
			END IF;
			
		END LOOP get_product;
		CLOSE c1;
	end if;
	
	RETURN $purchaseorderstatus;
	
    END */$$
DELIMITER ;

/* Function  structure for function  `fn_receiptpaymentmodereferencenos` */

/*!50003 DROP FUNCTION IF EXISTS `fn_receiptpaymentmodereferencenos` */;
DELIMITER $$

/*!50003 CREATE DEFINER=`root`@`localhost` FUNCTION `fn_receiptpaymentmodereferencenos`($receiptno varchar(50)) RETURNS varchar(4000) CHARSET latin1
BEGIN
	DECLARE v_finished INTEGER DEFAULT 0;
	DECLARE payment_mode VARCHAR(100) DEFAULT "";
	DECLARE payment_modes VARCHAR(4000) DEFAULT "";
	 -- declare cursor for employee email
	 DECLARE payment_modes_cursor CURSOR FOR 
	 SELECT `reference` FROM `paymentmethods` p, `possalespayments` s, `possales` d  WHERE p.`id`=s.`paymentmode`AND d.`id`=s.`possaleid`  
	 AND `receiptno`=$receiptno ORDER BY `description`;
	 
	 -- declare NOT FOUND handler
	 DECLARE CONTINUE HANDLER 
		FOR NOT FOUND SET v_finished = 1;
	 
	 OPEN payment_modes_cursor;
	 
	 get_paymentmethods: LOOP
	 
	 FETCH payment_modes_cursor INTO payment_mode;
	 
	 IF v_finished = 1 THEN 
	 LEAVE get_paymentmethods;
	 END IF;
	 
	 -- build payment mode list
	 IF payment_modes='' THEN 
		SET payment_modes = payment_mode;
	 ELSE
		SET payment_modes = CONCAT(payment_modes,",",payment_mode);
	 END IF ;
	 
	 
	 END LOOP get_paymentmethods;
	 
	 CLOSE payment_modes_cursor;
	 RETURN payment_modes;
    END */$$
DELIMITER ;

/* Function  structure for function  `fn_receiptpaymentmodes` */

/*!50003 DROP FUNCTION IF EXISTS `fn_receiptpaymentmodes` */;
DELIMITER $$

/*!50003 CREATE DEFINER=`root`@`localhost` FUNCTION `fn_receiptpaymentmodes`($receiptno varchar(50)) RETURNS varchar(4000) CHARSET latin1
BEGIN
	DECLARE v_finished INTEGER DEFAULT 0;
	DECLARE payment_mode VARCHAR(100) DEFAULT "";
	declare payment_modes varchar(4000) DEFAULT "";
	 -- declare cursor for employee email
	 DECLARE payment_modes_cursor CURSOR FOR 
	 SELECT `description` from `paymentmethods` p, `possalespayments` s, `possales` d  where p.`id`=s.`paymentmode`and d.`id`=s.`possaleid`  
	 and `receiptno`=$receiptno order by `description`;
	 
	 -- declare NOT FOUND handler
	 DECLARE CONTINUE HANDLER 
		FOR NOT FOUND SET v_finished = 1;
	 
	 OPEN payment_modes_cursor;
	 
	 get_paymentmethods: LOOP
	 
	 FETCH payment_modes_cursor INTO payment_mode;
	 
	 IF v_finished = 1 THEN 
	 LEAVE get_paymentmethods;
	 END IF;
	 
	 -- build payment mode list
	 if payment_modes='' then 
		SET payment_modes = payment_mode;
	 else
		SET payment_modes = CONCAT(payment_modes,",",payment_mode);
	 end if ;
	 
	 
	 END LOOP get_paymentmethods;
	 
	 CLOSE payment_modes_cursor;
	 return payment_modes;
    END */$$
DELIMITER ;

/* Function  structure for function  `spgeneratecustomerreceiptno` */

/*!50003 DROP FUNCTION IF EXISTS `spgeneratecustomerreceiptno` */;
DELIMITER $$

/*!50003 CREATE DEFINER=`root`@`localhost` FUNCTION `spgeneratecustomerreceiptno`() RETURNS varchar(50) CHARSET latin1
BEGIN
	DECLARE $receiptno VARCHAR(50);
	SET $receiptno=(SELECT CONCAT(
		`prefix`,
		CASE CHAR_LENGTH(`currentno`) 
			WHEN 1 THEN '0000'
			WHEN 2 THEN '000'
			WHEN 3 THEN '00'
			WHEN 4 THEN '0'
			ELSE '' 
		END,
		`currentno`) FROM `serials` WHERE `documenttype`='Customer Receipt');
	RETURN $receiptno;
    END */$$
DELIMITER ;

/* Procedure structure for procedure `emaillist` */

/*!50003 DROP PROCEDURE IF EXISTS  `emaillist` */;

DELIMITER $$

/*!50003 CREATE DEFINER=`root`@`localhost` PROCEDURE `emaillist`()
BEGIN
	DECLARE finished int default 0;
	DECLARE emails_list varchar(500) default "";
	DECLARE email varchar(50) default "";
	DECLARE user_data CURSOR FOR SELECT email from customers limit 5;
	DECLARE CONTINUE HANDLER FOR NOT FOUND SET finished = 1;
	OPEN user_data;
	get_user_email: LOOP
	FETCH user_data INTO email;
		IF finished = 1 THEN
			LEAVE get_user_email;
		END IF;
		SET emails_list = CONCAT(emails_list,", ",email);
	END LOOP get_user_email;
	CLOSE user_data;
	SELECT emails_list;
    END */$$
DELIMITER ;

/* Procedure structure for procedure `import_data` */

/*!50003 DROP PROCEDURE IF EXISTS  `import_data` */;

DELIMITER $$

/*!50003 CREATE DEFINER=`root`@`localhost` PROCEDURE `import_data`()
begin	
	declare $suppliername varchar(250);
	declare $itemname varchar(250);
	declare $itemcode varchar(50);
	declare $categoryid varchar(50);
	declare $productcode varchar(50);
	declare $finished integer default 0;
	declare $tp datetime;
	declare $prefix varchar(3);
	declare c1 cursor for select suppliername,itemname from welbay_products;
	declare continue handler for NOT FOUND set $finished=1;
	SET $tp=NOW();
		
	open c1;
	get_product: LOOP
		fetch c1 into $suppliername,$itemname;		
		if $finished=1 then 
			leave get_product;
		end if;
		set $prefix=LEFT($suppliername,3);
		
		-- create category if not exists
		if not exists( SELECT `categoryname` FROM `categories` WHERE `categoryname`=$suppliername) then 
		
			INSERT INTO `categories`(`categoryname`,`dateadded`,`addedby`,`deleted`,`prefix`,`currentno`)
			VALUES($suppliername,$tp,1,0,$prefix,1) ;
		end if;
		
		-- Insert supplier 
		if not exists(select `suppliername` from `suppliers` where `suppliername`=$uppliername) THEN
			insert into `suppliers`(`suppliername`,`physicaladdress`,`postaladdress`,`creditlimit`,`mobile`,`email`,`dateadded`,`addedby`,`deleted`)
			values($suppliername,'','',0,'','',now(),1,0);
		end if;
		
		SET $categoryid=(select `categoryid` FROM `categories` WHERE `categoryname`=$suppliername); 
		
		-- generate product code
		set $productcode=`fngenerateproductcode`($categoryid);
		-- save the product
		insert into `products`(`itemcode`,`itemname`,`unitofmeasure`,`buyingprice`,`sellingprice`,`categoryid`,`dateadded`,`addedby`,`deleted`,`reorderlevel`)
		values($productcode,$itemname,'Rims',0,0,$categoryid,now(),1,0,10);
		-- Update product code
		update `categories` set `currentno`=`currentno`+1 where `categoryid`=$categoryid;
	END LOOP get_product;
	close c1;
end */$$
DELIMITER ;

/* Procedure structure for procedure `import_data_campari` */

/*!50003 DROP PROCEDURE IF EXISTS  `import_data_campari` */;

DELIMITER $$

/*!50003 CREATE DEFINER=`root`@`localhost` PROCEDURE `import_data_campari`()
begin	
	declare $suppliername varchar(250);
	declare $itemname varchar(250);
	declare $itemcode varchar(50);
	declare $categoryid varchar(50);
	declare $productcode varchar(50);
	declare $finished integer default 0;
	declare $tp datetime;
	declare $prefix varchar(3);
	declare $bp decimal(10,0);
	declare $wp decimal(10,0);
	declare $sp decimal(10,0);
	declare c1 cursor for select upper(`Category`),itemname,`BP`,`RP`,`WP` from `campari_products`;
	declare continue handler for NOT FOUND set $finished=1;
	SET $tp=NOW();
		
	open c1;
	get_product: LOOP
		fetch c1 into $suppliername,$itemname,$bp,$sp,$wp;		
		if $finished=1 then 
			leave get_product;
		end if;
		set $prefix=LEFT($suppliername,3);
		
		-- create category if not exists
		if not exists( SELECT `categoryname` FROM `categories` WHERE `categoryname`=$suppliername) then 
		
			INSERT INTO `categories`(`categoryname`,`dateadded`,`addedby`,`deleted`,`prefix`,`currentno`)
			VALUES($suppliername,$tp,1,0,$prefix,1) ;
		end if;
		
		
		-- Insert supplier 
		/*if not exists(select `suppliername` from `suppliers` where `suppliername`=$uppliername) THEN
			insert into `suppliers`(`suppliername`,`physicaladdress`,`postaladdress`,`creditlimit`,`mobile`,`email`,`dateadded`,`addedby`,`deleted`)
			values($suppliername,'','',0,'','',now(),5,0);
		end if;
		*/
		
		SET $categoryid=(select `categoryid` FROM `categories` WHERE `categoryname`=$suppliername); 
		
		-- generate product code
		set $productcode=`fngenerateproductcode`($categoryid);
		-- save the product
		insert into `products`(`itemcode`,`itemname`,`unitofmeasure`,`buyingprice`,`sellingprice`,`categoryid`,`dateadded`,`addedby`,`deleted`,`reorderlevel`,`wholesaleprice`)
		values($productcode,$itemname,'Rims',$bp,$sp,$categoryid,now(),5,0,10,$wp);
		-- Update product code
		update `categories` set `currentno`=`currentno`+1 where `categoryid`=$categoryid;
	END LOOP get_product;
	close c1;
end */$$
DELIMITER ;

/* Procedure structure for procedure `import_payables` */

/*!50003 DROP PROCEDURE IF EXISTS  `import_payables` */;

DELIMITER $$

/*!50003 CREATE DEFINER=`root`@`localhost` PROCEDURE `import_payables`()
BEGIN
	DECLARE finished INTEGER DEFAULT 0;
	declare $supplierid int;
	declare $amount numeric(18,2);
	declare $pono varchar(50);
	declare $poid int;
	declare $podate datetime default '2020-06-01';
	declare $userid int default 5;
	declare $itemcode int;
	declare $grnno varchar(50);
	declare $warehouseid int default 1;
	declare $invoiceid int;
	-- declare cursor for employee email
	
		DEClARE curPayable 
			CURSOR FOR 
				SELECT `supplierid`,`amount` FROM `loyalty_payables`;
		-- declare NOT FOUND handler
		DECLARE CONTINUE HANDLER 
		FOR NOT FOUND SET finished = 1;
		
		-- get balance item code
		set $itemcode=(select `productid` from  `products` WHERE `itemname`='Balance as at 01-Jun-2020');
		
		OPEN curPayable;
		getEmail: LOOP
			START TRANSACTION;
				FETCH curPayable INTO $supplierid,$amount;
				IF finished = 1 THEN 
					LEAVE getEmail;
				END IF;
				-- make purchase order
				-- generate pono
				set $pono=`fngeneratepurchaseorderno`();
				
				insert into `purchaseorders`(`purchaseorderno`,`date`,`supplierid`,`expecteddate`,`status`,`terms`,`addedby`)
				values($pono,$podate,$supplierid,$podate,'Pending','',$userid);
				
				set $poid=(select max(`id`) from `purchaseorders`);
				
				insert into `purchaseorderdetails`(`purchaseorderid`,`itemcode`,`quanity`,`unitprice`)
				values($poid,$itemcode,1,$amount);
				-- receive the items
				set $grnno=`fngenerategrnno`();
				
				insert into `goodsreceived`(`warehouseid`,`grnno`,`datereceived`,`supplierid`,`deliverynono`)
				values($warehouseid,$grnno,$podate,$supplierid,$grnno);
				
				insert into `goodsreceiveddetails`(`grnno`,`itemcode`,`purchaseorderno`,`quantity`)
				values($grnno,$itemcode,$pono,1);
				
				-- generate the invoice
				insert into `supplierinvoice`(`supplierid`,`invoiceno`,`invoicedate`,`addedby`,`dateadded`)
				values($supplierid,'BALBF01JUN2020',$podate,$userid,$podate);
				
				set $invoiceid=(select max(`id`) from `supplierinvoice`);
				
				insert into `supplierinvoicedetails`(`invoiceid`,`referenceno`,`itemcode`,`description`,`quantity`,`unitprice`)
				values($invoiceid,$grnno,$itemcode,'Opening Balance as at 01-Jun-2020',1,$amount);
				
				-- Increment PONO and GRN No
				update serials set currentno=currentno+1 where `documenttype` in('Goods Received Note','Purchase Order');
			commit; 
		END LOOP getEmail;
		CLOSE curPayable;       
	
    END */$$
DELIMITER ;

/* Procedure structure for procedure `import_receivables` */

/*!50003 DROP PROCEDURE IF EXISTS  `import_receivables` */;

DELIMITER $$

/*!50003 CREATE DEFINER=`root`@`localhost` PROCEDURE `import_receivables`()
BEGIN
	declare $customerid integer;
	declare $amount numeric(18,2);
	declare $finished integer;
	declare $receiptno varchar(50);
	declare $userid int default 5;
	declare $posid int default 14;
	declare $id int;
	declare $productid int;
	declare $categoryid int default 29;
	declare $paymentmode int default 4;
	
	DECLARE curCustomer 
		CURSOR FOR 
			SELECT customerid,amount FROM loyalty_receivables;
	-- declare NOT FOUND handler
	DECLARE CONTINUE HANDLER 
        FOR NOT FOUND SET $finished = 1;
	OPEN curCustomer;
	-- Create a product called opening balances
	IF NOT EXISTS(SELECT * FROM `products` WHERE `itemname`='Balance as at 01-Jun-2020') THEN
		INSERT INTO `products`(`itemcode`,`itemname`,`unitofmeasure`,`buyingprice`,`sellingprice`,`categoryid`,`dateadded`,`addedby`,`reorderlevel`,`wholesaleprice`)
		VALUES('BalBF','Balance as at 01-Jun-2020','EA',0,0,$categoryid,'2020-06-01',$userid,0,0);
		SET $productid=(SELECT MAX(`productid`) FROM `products`);
	ELSE
		SET $productid=(SELECT `productid` FROM `products` WHERE `itemname`='Balance as at 01-Jun-2020');
	END IF;
	
	getCustomer: LOOP
		FETCH curCustomer INTO $customerid,$amount;
		IF $finished = 1 THEN 
			LEAVE getCustomer;
		END IF;
		
		-- create customer invoice
		set $receiptno=`fngeneratereceiptno`();
		-- Add the POS sale
		insert into `possales`(`receiptno`,`receiptdate`,`customerid`,`pointofsaleid`,`addedby`)
		values($receiptno,'2020-06-01',$customerid,$posid,$userid);
		
		set $id=(select max(`id`) from `possales`);
		
		insert into `possalesdetails`(`possaleid`,`itemcode`,`quantity`,`unitprice`,`discount`)
		values($id,$productid,1,$amount,0);
		
		-- Add sale as credit
		insert into `possalespayments`(`possaleid`,`paymentmode`,`reference`,`amount`,`banked`,`bankingreference`)
		values($id,$paymentmode,$receiptno,$amount,1,$receiptno);
		
		-- Increment receipt number
		update `serials` set `currentno`=`currentno`+1 where `documenttype`='Receipt';
		
	END LOOP getCustomer;
	CLOSE curCustomer;
    END */$$
DELIMITER ;

/* Procedure structure for procedure `savetemppurchaseorderdetails` */

/*!50003 DROP PROCEDURE IF EXISTS  `savetemppurchaseorderdetails` */;

DELIMITER $$

/*!50003 CREATE DEFINER=`root`@`localhost` PROCEDURE `savetemppurchaseorderdetails`($refno varchar(50),$itemcode varchar(50),$quantity numeric,$unitprice numeric)
BEGIN
	DECLARE $itemid INT;
	SET $itemid=(SELECT `productid` FROM `products` WHERE `itemcode`=$itemcode);
	insert into `temppurchaseorder` (`refno`,`itemcode`,`quantity`,`unitprice`)
	values($refno,$itemid,$quantity,$unitprice);
    END */$$
DELIMITER ;

/* Procedure structure for procedure `spapprovepaymentvoucher` */

/*!50003 DROP PROCEDURE IF EXISTS  `spapprovepaymentvoucher` */;

DELIMITER $$

/*!50003 CREATE DEFINER=`root`@`localhost` PROCEDURE `spapprovepaymentvoucher`($id int,$userid int)
BEGIN
	declare $cashbookaccount int;
	start transaction;
		
		set $cashbookaccount=(select `cashbookaccount` from `paymentvouchers` where `id`=$id);
		-- update payment voucher status
		update `paymentvouchers` set `status`='Approved', `lastmodifiedby`=$userid, `lastmodifieddate`=now() where `id`=$id;
		-- insert the transaction into the GL
		-- begin with vrediting the cashbook account
		insert into `gltransactions` (`referenceno`,`transactiondate`,`glaccount`,`glcontraaccount`,`narration`,`debit`,`credit`,`addedby`)
		select `referenceno`,  v.dateadded,`cashbookaccount`,null,concat('Payment of voucher #',`voucherno`),0,sum(quantity*unitprice),$userid
		from `paymentvouchers` v, `paymentvoucherdetails` vd where v.`id`=vd.`voucherid` and v.`id`=$id;
		-- post the debit entries
		insert into `gltransactions`(`referenceno`,`transactiondate`,`glaccount`,`glcontraaccount`,`narration`,`debit`,`credit`,`addedby`)
		select `referenceno`, v.dateadded,`accountcharged`,$cashbookaccount,`description`,quantity*unitprice,0,$userid
		FROM `paymentvouchers` v, `paymentvoucherdetails` vd WHERE v.`id`=vd.`voucherid` AND v.`id`=$id;
	commit;
    END */$$
DELIMITER ;

/* Procedure structure for procedure `spapprovepurchaseorder` */

/*!50003 DROP PROCEDURE IF EXISTS  `spapprovepurchaseorder` */;

DELIMITER $$

/*!50003 CREATE DEFINER=`root`@`localhost` PROCEDURE `spapprovepurchaseorder`($id numeric,$userid numeric)
BEGIN
	update `purchaseorders` set `status`='Approved', `lastmodifiedon`=now(),`lastmodifiedby`=$userid where `id`=$id;
    END */$$
DELIMITER ;

/* Procedure structure for procedure `spcancelpaymentvoucher` */

/*!50003 DROP PROCEDURE IF EXISTS  `spcancelpaymentvoucher` */;

DELIMITER $$

/*!50003 CREATE DEFINER=`root`@`localhost` PROCEDURE `spcancelpaymentvoucher`($id int,$reason varchar(500),$userid int)
BEGIN
	update `paymentvouchers` set `status`='Cancelled', `reasoncancelled`=$reason, `lastmodifiedby`=$userid, `lastmodifieddate`=now()
	where `id`=$id;
    END */$$
DELIMITER ;

/* Procedure structure for procedure `spcancelpossale` */

/*!50003 DROP PROCEDURE IF EXISTS  `spcancelpossale` */;

DELIMITER $$

/*!50003 CREATE DEFINER=`root`@`localhost` PROCEDURE `spcancelpossale`($receiptno varchar(50),$userid int,$reason varchar(100))
BEGIN
	update `possales` set `deleted`=1, `deletedon`=now(), `deletedby`=$userid, reason=$reason where `receiptno`=$receiptno;
    END */$$
DELIMITER ;

/* Procedure structure for procedure `spcancelpurchaseorder` */

/*!50003 DROP PROCEDURE IF EXISTS  `spcancelpurchaseorder` */;

DELIMITER $$

/*!50003 CREATE DEFINER=`root`@`localhost` PROCEDURE `spcancelpurchaseorder`($id numeric,$userid numeric,$reason varchar(100))
BEGIN
	update `purchaseorders` set `status`='Cancelled', `reasoncancelled`=$reason, `lastmodifiedon`=now(),`lastmodifiedby`=$userid
	where `id`=$id;
    END */$$
DELIMITER ;

/* Procedure structure for procedure `spchangeuserpassword` */

/*!50003 DROP PROCEDURE IF EXISTS  `spchangeuserpassword` */;

DELIMITER $$

/*!50003 CREATE DEFINER=`root`@`localhost` PROCEDURE `spchangeuserpassword`($id numeric, $userpassword varchar(50), $changepasswordonlogon bit)
BEGIN
	update `user` set `password`=$userpassword, `changepasswordonlogon`=$changepasswordonlogon where `id`=$id;
    END */$$
DELIMITER ;

/* Procedure structure for procedure `spcheckcategory` */

/*!50003 DROP PROCEDURE IF EXISTS  `spcheckcategory` */;

DELIMITER $$

/*!50003 CREATE DEFINER=`root`@`localhost` PROCEDURE `spcheckcategory`($categoryid numeric,$categoryname varchar(50))
BEGIN
	select * from `categories` where `categoryid`<>$categoryid and `categoryname`=$categoryname;
    END */$$
DELIMITER ;

/* Procedure structure for procedure `spcheckcrateadditionreference` */

/*!50003 DROP PROCEDURE IF EXISTS  `spcheckcrateadditionreference` */;

DELIMITER $$

/*!50003 CREATE DEFINER=`root`@`localhost` PROCEDURE `spcheckcrateadditionreference`($reference varchar(50))
BEGIN
	select * from `cratesinventory` where `reference`=$reference;
    END */$$
DELIMITER ;

/* Procedure structure for procedure `spcheckcustomerdocuments` */

/*!50003 DROP PROCEDURE IF EXISTS  `spcheckcustomerdocuments` */;

DELIMITER $$

/*!50003 CREATE DEFINER=`root`@`localhost` PROCEDURE `spcheckcustomerdocuments`($id int,$document varchar(50),$docno varchar(50))
BEGIN
	if $document='pin' then
		select * from `customers` where `customerid`<>$id and `pinno`=$docno;
	elseif $document='id' then
		select * from `customers` where `customerid`<>$id and `idno`=$docno;
	end if;
    END */$$
DELIMITER ;

/* Procedure structure for procedure `spcheckcustomername` */

/*!50003 DROP PROCEDURE IF EXISTS  `spcheckcustomername` */;

DELIMITER $$

/*!50003 CREATE DEFINER=`root`@`localhost` PROCEDURE `spcheckcustomername`($customerid numeric,$customername varchar(50))
BEGIN
	select * from `customers` where `customerid`<>$customerid and `customername`=$customername;
    END */$$
DELIMITER ;

/* Procedure structure for procedure `spcheckglaccount` */

/*!50003 DROP PROCEDURE IF EXISTS  `spcheckglaccount` */;

DELIMITER $$

/*!50003 CREATE DEFINER=`root`@`localhost` PROCEDURE `spcheckglaccount`($id int,$searchvariable varchar(50))
BEGIN
	select * from `glaccounts` 
	where `id`<>$id and (`accountcode`=$searchvariable or `accountname`=$searchvariable);
    END */$$
DELIMITER ;

/* Procedure structure for procedure `spcheckglaccountgroup` */

/*!50003 DROP PROCEDURE IF EXISTS  `spcheckglaccountgroup` */;

DELIMITER $$

/*!50003 CREATE DEFINER=`root`@`localhost` PROCEDURE `spcheckglaccountgroup`($id int , $groupname varchar(50))
BEGIN
	select * from `glaccountgroups` where `id`<>$id and `groupname`=$groupname;
    END */$$
DELIMITER ;

/* Procedure structure for procedure `spcheckjournalrefereceno` */

/*!50003 DROP PROCEDURE IF EXISTS  `spcheckjournalrefereceno` */;

DELIMITER $$

/*!50003 CREATE DEFINER=`root`@`localhost` PROCEDURE `spcheckjournalrefereceno`($referenceno varchar(50))
BEGIN
	select * from `journals` where `referenceno`=$referenceno;
    END */$$
DELIMITER ;

/* Procedure structure for procedure `spcheckmpesatransactioncode` */

/*!50003 DROP PROCEDURE IF EXISTS  `spcheckmpesatransactioncode` */;

DELIMITER $$

/*!50003 CREATE DEFINER=`root`@`localhost` PROCEDURE `spcheckmpesatransactioncode`($refno varchar(50))
BEGIN
	select * from `mpesaconfirmation` where `reference`=$refno;
    END */$$
DELIMITER ;

/* Procedure structure for procedure `spcheckpaymentmodereference` */

/*!50003 DROP PROCEDURE IF EXISTS  `spcheckpaymentmodereference` */;

DELIMITER $$

/*!50003 CREATE DEFINER=`root`@`localhost` PROCEDURE `spcheckpaymentmodereference`($paymentmodeid int, $reference varchar(50))
BEGIN
	set @checkreference=(select `requiresref` from `paymentmethods` where `id`=$paymentmodeid);
	
	if @checkreference=1 then
		select * from `customerpayments` where `paymentmethodid`=$paymentmodeid and `reference`=$reference;
	end if;
    END */$$
DELIMITER ;

/* Procedure structure for procedure `spcheckpaymentvoucherno` */

/*!50003 DROP PROCEDURE IF EXISTS  `spcheckpaymentvoucherno` */;

DELIMITER $$

/*!50003 CREATE DEFINER=`root`@`localhost` PROCEDURE `spcheckpaymentvoucherno`($id int,$voucherno varchar(50))
BEGIN
	select * from `paymentvouchers` where `id`<>$id and `voucherno`=$voucherno;
    END */$$
DELIMITER ;

/* Procedure structure for procedure `spcheckposname` */

/*!50003 DROP PROCEDURE IF EXISTS  `spcheckposname` */;

DELIMITER $$

/*!50003 CREATE DEFINER=`root`@`localhost` PROCEDURE `spcheckposname`($id numeric, $posname varchar(50))
BEGIN
	select * from `pointsofsale` where `id`<>$id and `posname`=$posname;
    END */$$
DELIMITER ;

/* Procedure structure for procedure `spcheckproduct` */

/*!50003 DROP PROCEDURE IF EXISTS  `spcheckproduct` */;

DELIMITER $$

/*!50003 CREATE DEFINER=`root`@`localhost` PROCEDURE `spcheckproduct`($id numeric, $valuetocheck varchar(50),$category varchar(50))
BEGIN
	if $category='code' then
		select * from `products` where `productid`<>`$id` and `itemcode`=$valuetocheck;
	else
		select * from `products` WHERE `productid`<>$id and `itemname`=$valuetocheck;
	end if;
    END */$$
DELIMITER ;

/* Procedure structure for procedure `spcheckreferenceno` */

/*!50003 DROP PROCEDURE IF EXISTS  `spcheckreferenceno` */;

DELIMITER $$

/*!50003 CREATE DEFINER=`root`@`localhost` PROCEDURE `spcheckreferenceno`($paymentmode numeric,$referenceno varchar(50))
BEGIN
	select * FROM `possalespayments` where `paymentmode`=$paymentmode and `reference`=$referenceno;
    END */$$
DELIMITER ;

/* Procedure structure for procedure `spcheckrole` */

/*!50003 DROP PROCEDURE IF EXISTS  `spcheckrole` */;

DELIMITER $$

/*!50003 CREATE DEFINER=`root`@`localhost` PROCEDURE `spcheckrole`($roleid int,$rolename varchar(50))
BEGIN
	select * 
	from `roles` 
	where `roleid`<>$roleid and `rolename`=$rolename;
    END */$$
DELIMITER ;

/* Procedure structure for procedure `spchecksupplierdeliverynotenumber` */

/*!50003 DROP PROCEDURE IF EXISTS  `spchecksupplierdeliverynotenumber` */;

DELIMITER $$

/*!50003 CREATE DEFINER=`root`@`localhost` PROCEDURE `spchecksupplierdeliverynotenumber`($supplierid numeric,$dnoteno varchar(50))
BEGIN
	select * from `goodsreceived` where `supplierid`=$supplierid and `deliverynono`=$dnoteno;
    END */$$
DELIMITER ;

/* Procedure structure for procedure `spchecksuppliername` */

/*!50003 DROP PROCEDURE IF EXISTS  `spchecksuppliername` */;

DELIMITER $$

/*!50003 CREATE DEFINER=`root`@`localhost` PROCEDURE `spchecksuppliername`($supplierid numeric,$suppliername varchar(50))
BEGIN
	select * from `suppliers` where `supplierid`<>$supplierid and `suppliername`=$suppliername;
    END */$$
DELIMITER ;

/* Procedure structure for procedure `spcheckuser` */

/*!50003 DROP PROCEDURE IF EXISTS  `spcheckuser` */;

DELIMITER $$

/*!50003 CREATE DEFINER=`root`@`localhost` PROCEDURE `spcheckuser`($userid int,$checkfield varchar(50),$checkvalue varchar(50))
BEGIN
	if $checkfield='username' then 
		select * from `user` where `id`<>$userid and `username`=$checkvalue;
	elseif $checkfield='email' then 
		select * from `user` where `id`<>$userid AND `email`=$checkvalue;
	elseif $checkfield='mobile' then 
		SELECT * FROM `user` WHERE `id`<>$userid AND `mobile`=$checkvalue;
	end if;
    END */$$
DELIMITER ;

/* Procedure structure for procedure `spdeletecategory` */

/*!50003 DROP PROCEDURE IF EXISTS  `spdeletecategory` */;

DELIMITER $$

/*!50003 CREATE DEFINER=`root`@`localhost` PROCEDURE `spdeletecategory`($categoryid numeric,$userid numeric)
BEGIN
	update `categories` set `deleted`=1, `lastmodifiedby`=$userid, `lastmodifiedon`=now() where `categoryid`=$categoryid;
    END */$$
DELIMITER ;

/* Procedure structure for procedure `spdeletecustomer` */

/*!50003 DROP PROCEDURE IF EXISTS  `spdeletecustomer` */;

DELIMITER $$

/*!50003 CREATE DEFINER=`root`@`localhost` PROCEDURE `spdeletecustomer`($customerid numeric,$userid numeric)
BEGIN
	update `customers` set `deleted`=1,`lastdatemodified`=now(),`lastmodifiedby`=$userid where `customerid`=$customerid;
    END */$$
DELIMITER ;

/* Procedure structure for procedure `spdeletecustomerdiscount` */

/*!50003 DROP PROCEDURE IF EXISTS  `spdeletecustomerdiscount` */;

DELIMITER $$

/*!50003 CREATE DEFINER=`root`@`localhost` PROCEDURE `spdeletecustomerdiscount`($id numeric,$userid int)
BEGIN
	update `customerdiscountsettings` set `deleted`=1, `lastmodifiedby`=$userid, `lastmodifiedon`=now()
	where `id`=$id;
    END */$$
DELIMITER ;

/* Procedure structure for procedure `spdeleteglaccount` */

/*!50003 DROP PROCEDURE IF EXISTS  `spdeleteglaccount` */;

DELIMITER $$

/*!50003 CREATE DEFINER=`root`@`localhost` PROCEDURE `spdeleteglaccount`($id int,$userid int)
BEGIN
	update `glaccounts` set `deleted`=1, `lastdateupdated`=now(), `lastupdatedby`=$userid where `id`=$id;
    END */$$
DELIMITER ;

/* Procedure structure for procedure `spdeleteglgroup` */

/*!50003 DROP PROCEDURE IF EXISTS  `spdeleteglgroup` */;

DELIMITER $$

/*!50003 CREATE DEFINER=`root`@`localhost` PROCEDURE `spdeleteglgroup`($id int,$userid int)
BEGIN
	update `glaccountgroups` set `deleted`=1,`lastupdatedby`=$userid,`lastdateupdated`=now() where `id`=$id;
    END */$$
DELIMITER ;

/* Procedure structure for procedure `spdeleteheldsale` */

/*!50003 DROP PROCEDURE IF EXISTS  `spdeleteheldsale` */;

DELIMITER $$

/*!50003 CREATE DEFINER=`root`@`localhost` PROCEDURE `spdeleteheldsale`($id int)
BEGIN
	start transaction;
		delete from `heldsalesdetails` where `heldsaleid`=$id;
		delete from `heldsales` where `id`=$id;
	commit;
    END */$$
DELIMITER ;

/* Procedure structure for procedure `spdeleteoutlet` */

/*!50003 DROP PROCEDURE IF EXISTS  `spdeleteoutlet` */;

DELIMITER $$

/*!50003 CREATE DEFINER=`root`@`localhost` PROCEDURE `spdeleteoutlet`($id int,$userid int)
BEGIN
	update `useroutlets` set deleted=1, `lastdatemodified`=now(),`lastmodifiedby`=$userid
	where id=$id;
    END */$$
DELIMITER ;

/* Procedure structure for procedure `spdeletepos` */

/*!50003 DROP PROCEDURE IF EXISTS  `spdeletepos` */;

DELIMITER $$

/*!50003 CREATE DEFINER=`root`@`localhost` PROCEDURE `spdeletepos`($posid numeric,$userid numeric)
BEGIN
	update `pointsofsale` set `deleted`=1, `lastdatemodified`=now(), `lastmodifiedby`=$userid where `id`=$posid;
    END */$$
DELIMITER ;

/* Procedure structure for procedure `spdeleteproduct` */

/*!50003 DROP PROCEDURE IF EXISTS  `spdeleteproduct` */;

DELIMITER $$

/*!50003 CREATE DEFINER=`root`@`localhost` PROCEDURE `spdeleteproduct`($productid numeric,$userid numeric)
BEGIN
	update `products` set `deleted`=1, `lastmodifiedon`=now(),`lastmodifiedby`=$userid where `productid`=$productid;
    END */$$
DELIMITER ;

/* Procedure structure for procedure `spdeleterole` */

/*!50003 DROP PROCEDURE IF EXISTS  `spdeleterole` */;

DELIMITER $$

/*!50003 CREATE DEFINER=`root`@`localhost` PROCEDURE `spdeleterole`($roleid int,$userid int)
BEGIN
	update `roles` 
	set `deleted`=1, `deletedby`=$userid, `lastdatemodified`=now(), `lastmodifiedby`=$userid
	where `roleid`=$roleid;
    END */$$
DELIMITER ;

/* Procedure structure for procedure `spdeletesupplier` */

/*!50003 DROP PROCEDURE IF EXISTS  `spdeletesupplier` */;

DELIMITER $$

/*!50003 CREATE DEFINER=`root`@`localhost` PROCEDURE `spdeletesupplier`($supplierid numeric,$userid numeric)
BEGIN
	update `suppliers` set `deleted`=1, `lastdatemodified`=now(),`lastmodifiedby`=$userid where `supplierid`=$supplierid;
    END */$$
DELIMITER ;

/* Procedure structure for procedure `spdeletesupplierproduct` */

/*!50003 DROP PROCEDURE IF EXISTS  `spdeletesupplierproduct` */;

DELIMITER $$

/*!50003 CREATE DEFINER=`root`@`localhost` PROCEDURE `spdeletesupplierproduct`($id int,$userid int)
BEGIN
	update `supplierproducts` set `deleted`=1, `lastmodifiedby`=$userid, `lastmodifieddate`=now()
	where `id`=$id;
    END */$$
DELIMITER ;

/* Procedure structure for procedure `spdeleteuser` */

/*!50003 DROP PROCEDURE IF EXISTS  `spdeleteuser` */;

DELIMITER $$

/*!50003 CREATE DEFINER=`root`@`localhost` PROCEDURE `spdeleteuser`($id int,$userid int)
BEGIN
	update `user` set `accountactive`=0,`lastmodifiedon`=now(),`lastmodifiedby`=$userid, `reasoninactive`='Account deleted'
	where `id`=$id;
    END */$$
DELIMITER ;

/* Procedure structure for procedure `spdisableuseraccount` */

/*!50003 DROP PROCEDURE IF EXISTS  `spdisableuseraccount` */;

DELIMITER $$

/*!50003 CREATE DEFINER=`root`@`localhost` PROCEDURE `spdisableuseraccount`($id int,$reason varchar(500),$userid int)
BEGIN
	update `user` set `accountactive`=0,`reasoninactive`=$reason,`lastmodifiedby`=$userid,`lastmodifiedon`=now()
	where `id`=$id;
    END */$$
DELIMITER ;

/* Procedure structure for procedure `spenableuseraccount` */

/*!50003 DROP PROCEDURE IF EXISTS  `spenableuseraccount` */;

DELIMITER $$

/*!50003 CREATE DEFINER=`root`@`localhost` PROCEDURE `spenableuseraccount`($id int,$userid int)
BEGIN
	update `user` set `accountactive`=1, `lastmodifiedon`=now(),`lastmodifiedby`=$userid
	where `id`=$id;
    END */$$
DELIMITER ;

/* Procedure structure for procedure `spfilterproductsalesbymonth` */

/*!50003 DROP PROCEDURE IF EXISTS  `spfilterproductsalesbymonth` */;

DELIMITER $$

/*!50003 CREATE DEFINER=`root`@`localhost` PROCEDURE `spfilterproductsalesbymonth`($startdate varchar(50),$enddate varchar(50),$productname varchar(50))
BEGIN
	-- declare sql_dynamic varchar(5000);
	-- declare $sql_full varchar(7000);
	set session group_concat_max_len = 2048;
	SET @sql_dynamic = (
	SELECT
		GROUP_CONCAT( DISTINCT
			CONCAT(
				'SUM(IF(posname = '''
				, posname
				, ''', quantity,0))  AS `'
				, posname,'`'
			)
		)
	FROM `pointsofsale` where `deleted`=0);
	-- SELECT  @sql_dynamic ;
	SET @sql=CONCAT('SELECT * FROM (SELECT m.`itemcode`,`itemname`,format(`unitprice`-`discount`,2) as `Unit Price`,',	
		@sql_dynamic,', SUM(quantity) as `Total Qty`, format(SUM(quantity*(`unitprice`-`discount`)),2) as `Total Value` 
		FROM `possales` p, `possalesdetails` pd, `pointsofsale` s, `products` m
		WHERE p.`id`=pd.`possaleid` AND p.`pointofsaleid`=s.`id` AND pd.`itemcode`=m.`productid` AND DATE_FORMAT(`p`.`receiptdate`,''%Y-%m-%d'') BETWEEN ''' ,$startdate,''' AND ''',$enddate,'''
		AND `itemname` LIKE ''%',$productname,'%'' AND IFNULL(p.`deleted`,0)=0 GROUP BY  m.`itemcode`,`Unit Price`,`itemname`  ORDER BY `itemname`) as a
		UNION	
		SELECT ''TOTAL'','''',FORMAT(AVG(`unitprice`),2),',@sql_dynamic,', SUM(quantity) as `Total Qty`,format(SUM(quantity*(`unitprice`-`discount`)),2) as `Total Value` 
		FROM `possales` p, `possalesdetails` pd, `pointsofsale` s, `products` m
		WHERE p.`id`=pd.`possaleid` AND p.`pointofsaleid`=s.`id` AND pd.`itemcode`=m.`productid` AND DATE_FORMAT(`p`.`receiptdate`,''%Y-%m-%d'') BETWEEN ''' ,$startdate,''' AND ''',$enddate,'''
		AND `itemname` LIKE ''%',$productname,'%'' AND IFNULL(p.`deleted`,0)=0'
		);
	-- select @sql;
	PREPARE stmt FROM @sql;
	EXECUTE stmt;
	DEALLOCATE PREPARE stmt;
    END */$$
DELIMITER ;

/* Procedure structure for procedure `spfilterproductsbyname` */

/*!50003 DROP PROCEDURE IF EXISTS  `spfilterproductsbyname` */;

DELIMITER $$

/*!50003 CREATE DEFINER=`root`@`localhost` PROCEDURE `spfilterproductsbyname`($searchvalue varchar(50))
BEGIN
	select p.*, c.`categoryname`, concat(`firstname`,' ',`middlename`,' ',`lastname`)as addedbyname ,sellingprice-
	ifnull((select case when `percentage`=1 then (`value`/100)*`sellingprice`  else `value` end FROM `customerpricematrix` cs
			WHERE cs.`customercategoryid`=2 AND cs.`itemid`=p.`productid`),0) wholesaleprice
	from `products` p, `categories` c, `user` u
	where c.`categoryid`=p.`categoryid` and u.id=p.addedby and `itemname` like concat( '%',$searchvalue,'%') and p.deleted=0
	order by `itemname`;
    END */$$
DELIMITER ;

/* Procedure structure for procedure `spfilterquotations` */

/*!50003 DROP PROCEDURE IF EXISTS  `spfilterquotations` */;

DELIMITER $$

/*!50003 CREATE DEFINER=`root`@`localhost` PROCEDURE `spfilterquotations`($customerid int,$startdate date,$enddate date,$quotestatus varchar(50))
BEGIN
	if $customerid=0 then
		if $quotestatus='All' then
			select q.*, c.`customername`, sum(quantity*unitprice) as `quotetotal`, DATE_FORMAT(`quotedate`,'%d-%b-%Y') quotationdate
			from `quotation` q, `quotationdetails` qd,`customers`c
			where q.`id`=qd.`quoteid` and q.`customerid`=c.`customerid` and date_format(`quotedate`,'%Y-%m-%d') between $startdate and $enddate
			group by `quoteno`
			order by `quoteno` desc;
		else
			SELECT q.*, c.`customername`, SUM(quantity*unitprice) AS `quotetotal` , DATE_FORMAT(`quotedate`,'%d-%b-%Y') quotationdate
			FROM `quotation` q, `quotationdetails` qd,`customers`c
			WHERE q.`id`=qd.`quoteid` AND q.`customerid`=c.`customerid` AND DATE_FORMAT(`quotedate`,'%Y-%m-%d') BETWEEN $startdate AND $enddate
			and `status`=$quotestatus	
			group by `quoteno`	
			ORDER BY `quoteno` DESC;
		end if;
	else
		IF $quotestatus='All' THEN
			SELECT q.*, c.`customername`, SUM(quantity*unitprice) AS `quotetotal` , DATE_FORMAT(`quotedate`,'%d-%b-%Y') quotationdate
			FROM `quotation` q, `quotationdetails` qd,`customers`c
			WHERE q.`id`=qd.`quoteid` AND q.`customerid`=c.`customerid` AND DATE_FORMAT(`quotedate`,'%Y-%m-%d') BETWEEN $startdate AND $enddate
			and c.customerid=$customerid
			group by `quoteno`
			ORDER BY `quoteno` DESC;
		ELSE
			SELECT q.*, c.`customername`, SUM(quantity*unitprice) AS `quotetotal`, DATE_FORMAT(`quotedate`,'%d-%b-%Y') quotationdate 
			FROM `quotation` q, `quotationdetails` qd,`customers`c
			WHERE q.`id`=qd.`quoteid` AND q.`customerid`=c.`customerid` AND DATE_FORMAT(`quotedate`,'%Y-%m-%d') BETWEEN $startdate AND $enddate
			AND `status`=$quotestatus AND c.customerid=$customerid	
			group by `quoteno`
			ORDER BY `quoteno` DESC;
		END IF;
	end if;
    END */$$
DELIMITER ;

/* Procedure structure for procedure `spfilterstocktransfer` */

/*!50003 DROP PROCEDURE IF EXISTS  `spfilterstocktransfer` */;

DELIMITER $$

/*!50003 CREATE DEFINER=`root`@`localhost` PROCEDURE `spfilterstocktransfer`($source varchar(50),$sourceid int,$destination varchar(50),$destinationid int,$startdate datetime,$enddate datetime)
BEGIN
	if $source='all' then
		if $destination='all' then
			select * FROM vwstocktransfers where  DATE_FORMAT(`dateadded`,'%Y-%m-%d') between $startdate and $enddate
			order by dateadded;
		else
			SELECT * FROM vwstocktransfers WHERE  DATE_FORMAT(`dateadded`,'%Y-%m-%d') BETWEEN $startdate AND $enddate
			and destinationid=$destinationid
			ORDER BY dateadded;
		end if;
	else
		IF $destination='all' THEN
			SELECT * FROM vwstocktransfers WHERE  DATE_FORMAT(`dateadded`,'%Y-%m-%d') BETWEEN $startdate AND $enddate
			and sourceid=$sourceid
			ORDER BY dateadded;
		ELSE
			SELECT * FROM vwstocktransfers WHERE  DATE_FORMAT(`dateadded`,'%Y-%m-%d') BETWEEN $startdate AND $enddate
			and sourceid=$sourceid AND destinationid=$destinationid
			ORDER BY dateadded;
		END IF;
	end if;
    END */$$
DELIMITER ;

/* Procedure structure for procedure `spgetaccountspayableaginganalysis` */

/*!50003 DROP PROCEDURE IF EXISTS  `spgetaccountspayableaginganalysis` */;

DELIMITER $$

/*!50003 CREATE DEFINER=`root`@`localhost` PROCEDURE `spgetaccountspayableaginganalysis`($basedate datetime)
BEGIN
	SET @basedate=$basedate;
	SET @cutoffdate=(SELECT DATE_FORMAT(`cutoffdate`,'%Y-%m-%d') FROM `startingparameters`);
	
	SELECT  ifnull(suppliername,'TOTAL') as suppliername,SUM(amountoverdue) AS `total`,
		SUM(IF(`range`='1',amountoverdue,0)) AS `thirty`,  
		SUM(IF(`range`='31',amountoverdue,0)) AS `sixty`,
		SUM(IF(`range`='61',amountoverdue,0)) AS `ninenty` ,
		SUM(IF(`range`='91',amountoverdue,0)) AS `onetwenty` ,
		SUM(IF(`range`='120+',amountoverdue,0)) AS `aboveonetwenty` 
	FROM (SELECT i.id AS invoiceid,s.`supplierid`,suppliername,`invoiceno`,
	CASE 
		WHEN DATEDIFF(@basedate,DATE_FORMAT(`invoicedate`,'%Y-%m-%d')) BETWEEN 1 AND 30 THEN '1' 
		WHEN DATEDIFF(@basedate,DATE_FORMAT(`invoicedate`,'%Y-%m-%d')) BETWEEN 31 AND 60 THEN '31'
		WHEN DATEDIFF(@basedate,DATE_FORMAT(`invoicedate`,'%Y-%m-%d')) BETWEEN 61 AND 90 THEN '61'
		WHEN DATEDIFF(@basedate,DATE_FORMAT(`invoicedate`,'%Y-%m-%d')) BETWEEN 91 AND 120 THEN '91'
		WHEN DATEDIFF(@basedate,DATE_FORMAT(`invoicedate`,'%Y-%m-%d'))>=120 THEN '120+' 
	END `range`,
	SUM(`quantity`*`unitprice`) -
	IFNULL((SELECT SUM(`quantity`*`unitprice`) FROM `paymentvouchers` v, `paymentvoucherdetails` vd 
	WHERE v.`id`=vd.`voucherid` AND `supplier`=s.supplierid AND `invoicenumber`=`invoiceno` AND DATE_FORMAT(v.`date`,'%Y-%m-%d')<=@basedate),0) AS amountoverdue
	FROM `supplierinvoice` i,`supplierinvoicedetails` id, `suppliers` s
	WHERE i.`id`=id.`invoiceid` AND s.`supplierid`=i.`supplierid` 
	and DATE_FORMAT(`invoicedate`,'%Y-%m-%d')>=@cutoffdate
	GROUP BY i.id ,s.`supplierid`,suppliername,`invoiceno`,`status`,DATEDIFF(@basedate,DATE_FORMAT(`invoicedate`,'%Y-%m-%d'))
	ORDER BY `invoicedate` DESC, `invoiceno`) AS tab1
	GROUP BY suppliername
	with rollup;
    END */$$
DELIMITER ;

/* Procedure structure for procedure `spgetaccountsreceivableaginganalysis` */

/*!50003 DROP PROCEDURE IF EXISTS  `spgetaccountsreceivableaginganalysis` */;

DELIMITER $$

/*!50003 CREATE DEFINER=`root`@`localhost` PROCEDURE `spgetaccountsreceivableaginganalysis`($basedate datetime)
BEGIN
	SET @cutoffdate=(SELECT DATE_FORMAT(`cutoffdate`,'%Y-%m-%d') FROM `startingparameters`);
	SET @basedate=$basedate;
	SELECT IFNULL(customername,'TOTAL') AS `customername`, 
		SUM(`balance`) AS `total`,
		SUM(IF(`range`='thirty',`balance`,0)) AS `thirty` ,
		SUM(IF(`range`='sixty',`balance`,0)) AS `sixty` ,
		SUM(IF(`range`='ninety',`balance`,0)) AS `ninety` ,
		SUM(IF(`range`='onetwenty',`balance`,0)) AS `onetwenty` ,
		SUM(IF(`range`='aboveonetwenty',`balance`,0)) AS `aboveonetwenty` 
	FROM(
	SELECT c.`customerid`, p.id,c.`customername`,
	CASE 
		WHEN DATEDIFF(@basedate,DATE_FORMAT(`receiptdate`,'%Y-%m-%d'))<=30 THEN 'thirty' 
		WHEN DATEDIFF(@basedate,DATE_FORMAT(`receiptdate`,'%Y-%m-%d')) BETWEEN 31 AND 60 THEN 'sixty'
		WHEN DATEDIFF(@basedate,DATE_FORMAT(`receiptdate`,'%Y-%m-%d')) BETWEEN 61 AND 90 THEN 'ninety'
		WHEN DATEDIFF(@basedate,DATE_FORMAT(`receiptdate`,'%Y-%m-%d')) BETWEEN 91 AND 120 THEN 'onetwenty'
		WHEN DATEDIFF(@basedate,DATE_FORMAT(`receiptdate`,'%Y-%m-%d'))>120 THEN 'aboveonetwenty' 
	END `range`,
	pp.amount -
	IFNULL((SELECT SUM(`amount`) FROM `customerreceiptdetails` WHERE `possaleid`=p.`id`),0) /**/ AS balance
	FROM `possales` p, `possalesdetails` pd, `possalespayments` pp, `customers` c
	WHERE p.`id`=pd.`possaleid` AND pp.`possaleid`=p.`id` AND pp.`paymentmode`=4  AND c.`customerid`=p.`customerid`-- AND p.`customerid`=$customerid  
	AND  pp.amount - IFNULL((SELECT SUM(`amount`) FROM `customerreceiptdetails` WHERE `possaleid`=p.`id`),0)>0
	and date_format(`receiptdate`,'%Y-%m-%d')>=@cutoffdate
	GROUP BY c.`customerid`,p.id,c.`customername`) AS tab1
	GROUP BY customername
	WITH ROLLUP;
    END */$$
DELIMITER ;

/* Procedure structure for procedure `spgetallusers` */

/*!50003 DROP PROCEDURE IF EXISTS  `spgetallusers` */;

DELIMITER $$

/*!50003 CREATE DEFINER=`root`@`localhost` PROCEDURE `spgetallusers`()
BEGIN
	select u.*, ifnull(concat(a.firstname,' ',a.middlename,' ',a.lastname),'System') as addedbyname 
	from `user` u  left OUTER join `user` a on u.addedby=a.id -- where u.`accountactive`=1 
	order by u.`firstname`,u.`middlename`,u.`lastname`;
    END */$$
DELIMITER ;

/* Procedure structure for procedure `spgetavailableproductserialnumbers` */

/*!50003 DROP PROCEDURE IF EXISTS  `spgetavailableproductserialnumbers` */;

DELIMITER $$

/*!50003 CREATE DEFINER=`root`@`localhost` PROCEDURE `spgetavailableproductserialnumbers`($itemid int)
BEGIN
	select `serialno` from `goodsreceiveddetails` g
	where `serialno` not in(select `serialno` from `possalesdetails` where `itemcode`=$itemid)
	and `itemcode`=$itemid
	order by `serialno`;
    END */$$
DELIMITER ;

/* Procedure structure for procedure `spgetbalancesheet` */

/*!50003 DROP PROCEDURE IF EXISTS  `spgetbalancesheet` */;

DELIMITER $$

/*!50003 CREATE DEFINER=`root`@`localhost` PROCEDURE `spgetbalancesheet`($startdate datetime,$enddate datetime)
BEGIN
	
	SET @startdate=$startdate,@enddate=$enddate;
	SELECT 'PROFIT' `accountcode`,CASE WHEN SUM(`debit`-`credit`)>0 THEN 'Profit Before Tax' ELSE 'Loss Before Tax' END `accountname`,'Financed By' classname,
	'Profit / Loss'`groupname`,SUM(`credit`-`debit`) AS `total`
	FROM `glaccounts` g, `gltransactions` t, `glaccountgroups` p, `glaccountclasses` c
	WHERE g.`id`=t.`glaccount` AND p.`id`=g.`groupid` AND p.`glaccountclass`=c.`id` 
	AND DATE_FORMAT(`transactiondate`,'%Y-%m-%d') BETWEEN @startdate AND @enddate
	AND classname IN('Income','Expense')
		
	UNION 
	SELECT `accountcode`,`accountname`,classname,
	`groupname`,ABS(SUM(`debit`-`credit`)) AS `total`
	FROM `glaccounts` g, `gltransactions` t, `glaccountgroups` p, `glaccountclasses` c
	WHERE g.`id`=t.`glaccount` AND p.`id`=g.`groupid` AND p.`glaccountclass`=c.`id` 
	AND DATE_FORMAT(`transactiondate`,'%Y-%m-%d') BETWEEN @startdate AND @enddate
	AND classname NOT IN('Income','Expense')
	GROUP BY `accountcode`,`accountname` , `groupname`
	ORDER BY classname ,`accountcode`;
	
    END */$$
DELIMITER ;

/* Procedure structure for procedure `spgetbestcustomer` */

/*!50003 DROP PROCEDURE IF EXISTS  `spgetbestcustomer` */;

DELIMITER $$

/*!50003 CREATE DEFINER=`root`@`localhost` PROCEDURE `spgetbestcustomer`($startdate datetime,$enddate datetime)
BEGIN
	select customername, sum(receipttotal) total 
	from `vwsalessummary`
	where  DATE_FORMAT(`transactiondate`,'%Y-%m-%d')  between $startdate and $enddate
	group by customername
	order by SUM(receipttotal) desc 
	LIMIt 5;
    END */$$
DELIMITER ;

/* Procedure structure for procedure `spgetbestpos` */

/*!50003 DROP PROCEDURE IF EXISTS  `spgetbestpos` */;

DELIMITER $$

/*!50003 CREATE DEFINER=`root`@`localhost` PROCEDURE `spgetbestpos`($startdate datetime,$enddate datetime)
BEGIN
	select pointofsale, sum(receipttotal) as total 
	from `vwsalessummary` 
	where transactiondate between $startdate and $enddate
	group by pointofsale
	order by sum(receipttotal) desc
	limit 5;
    END */$$
DELIMITER ;

/* Procedure structure for procedure `spgetbestproduct` */

/*!50003 DROP PROCEDURE IF EXISTS  `spgetbestproduct` */;

DELIMITER $$

/*!50003 CREATE DEFINER=`root`@`localhost` PROCEDURE `spgetbestproduct`($startdate datetime,$enddate datetime)
BEGIN
	select p.`itemcode`,`itemname`, sum(quantity) sold from `products` p, `possales` s, `possalesdetails` sd
	where `productid`=sd.itemcode and s.`id`=sd.`possaleid` and DATE_FORMAT(`receiptdate`,'%Y-%m-%d')  between $startdate and $enddate
	group by p.`itemcode`,`itemname`
	order by SUM(quantity) desc
	LIMIt 5;
    END */$$
DELIMITER ;

/* Procedure structure for procedure `spgetbestsellingcategory` */

/*!50003 DROP PROCEDURE IF EXISTS  `spgetbestsellingcategory` */;

DELIMITER $$

/*!50003 CREATE DEFINER=`root`@`localhost` PROCEDURE `spgetbestsellingcategory`($startdate datetime,$enddate datetime)
BEGIN
	SELECT `categoryname`,SUM(s.`quantity`) quantity,AVG(s.`unitprice`) unitprice
	FROM `categories` c,`products` p,`possales` o,`possalesdetails` s
	WHERE c.`categoryid`=p.`categoryid` AND p.`productid`=s.`itemcode` AND s.`possaleid`=o.id
	AND DATE_FORMAT(`receiptdate`,'%Y-%m-%d') BETWEEN $startdate AND $enddate
	GROUP BY `categoryname`
	ORDER BY SUM(quantity) DESC 
	LIMIT 5;
    END */$$
DELIMITER ;

/* Procedure structure for procedure `spgetbestsellingproducts` */

/*!50003 DROP PROCEDURE IF EXISTS  `spgetbestsellingproducts` */;

DELIMITER $$

/*!50003 CREATE DEFINER=`root`@`localhost` PROCEDURE `spgetbestsellingproducts`($startdate datetime,$enddate datetime,$userid int)
BEGIN
	if $userid=0 then
		SELECT `categoryname`,`itemname`,SUM(s.`quantity`) quantity,AVG(s.`unitprice`) unitprice
		FROM `categories` c,`products` p,`possales` o,`possalesdetails` s
		WHERE c.`categoryid`=p.`categoryid` AND p.`productid`=s.`itemcode` AND s.`possaleid`=o.id
		AND DATE_FORMAT(`receiptdate`,'%Y-%m-%d') BETWEEN $startdate AND $enddate
		GROUP BY `categoryname`,`itemname`
		ORDER BY SUM(quantity) DESC 
		LIMIT 5;
	else
		SELECT `categoryname`,`itemname`,SUM(s.`quantity`) quantity,AVG(s.`unitprice`) unitprice
		FROM `categories` c,`products` p,`possales` o,`possalesdetails` s
		WHERE c.`categoryid`=p.`categoryid` AND p.`productid`=s.`itemcode` AND s.`possaleid`=o.id
		AND DATE_FORMAT(`receiptdate`,'%Y-%m-%d') BETWEEN $startdate AND $enddate and o.addedby=$userid
		GROUP BY `categoryname`,`itemname`
		ORDER BY SUM(quantity) DESC 
		LIMIT 5;
	end if;
    END */$$
DELIMITER ;

/* Procedure structure for procedure `spgetbundleitems` */

/*!50003 DROP PROCEDURE IF EXISTS  `spgetbundleitems` */;

DELIMITER $$

/*!50003 CREATE DEFINER=`root`@`localhost` PROCEDURE `spgetbundleitems`()
BEGIN
	select * from products where bundleitem=1 and ifnull(deleted,0)=0
	order by `itemname`;
    END */$$
DELIMITER ;

/* Procedure structure for procedure `spgetcashbookaccounts` */

/*!50003 DROP PROCEDURE IF EXISTS  `spgetcashbookaccounts` */;

DELIMITER $$

/*!50003 CREATE DEFINER=`root`@`localhost` PROCEDURE `spgetcashbookaccounts`()
BEGIN
	select g.`id`,`accountcode`,`accountname`, `groupname` from `glaccounts` g, `glaccountgroups` p
	where p.`id`=g.`groupid` and p.`cashbookaccount`=1 order by `accountname`;
    END */$$
DELIMITER ;

/* Procedure structure for procedure `spgetcategories` */

/*!50003 DROP PROCEDURE IF EXISTS  `spgetcategories` */;

DELIMITER $$

/*!50003 CREATE DEFINER=`root`@`localhost` PROCEDURE `spgetcategories`()
BEGIN
	select c.*,concat(firstname,' ',middlename,' ' ,lastname) addedbyname from `categories` c, `user` u where u.id=c.addedby
	order by `categoryname`;
    END */$$
DELIMITER ;

/* Procedure structure for procedure `spgetcategorydetails` */

/*!50003 DROP PROCEDURE IF EXISTS  `spgetcategorydetails` */;

DELIMITER $$

/*!50003 CREATE DEFINER=`root`@`localhost` PROCEDURE `spgetcategorydetails`($id int)
BEGIN
	select * from `categories` where `categoryid`=$id;
    END */$$
DELIMITER ;

/* Procedure structure for procedure `spgetcrateadditionparameters` */

/*!50003 DROP PROCEDURE IF EXISTS  `spgetcrateadditionparameters` */;

DELIMITER $$

/*!50003 CREATE DEFINER=`root`@`localhost` PROCEDURE `spgetcrateadditionparameters`()
BEGIN
	select p.*,(select `buyingprice` from `products` where productid=p.productid) as price
	from `cratesinventorysettings` p;
    END */$$
DELIMITER ;

/* Procedure structure for procedure `spgetcrateinventorysettings` */

/*!50003 DROP PROCEDURE IF EXISTS  `spgetcrateinventorysettings` */;

DELIMITER $$

/*!50003 CREATE DEFINER=`root`@`localhost` PROCEDURE `spgetcrateinventorysettings`()
BEGIN
	select s.*,ifnull((select `buyingprice` from `products` where productid=s.productid),0) as price
	from `cratesinventorysettings` s;
    END */$$
DELIMITER ;

/* Procedure structure for procedure `spgetcreditnotevalue` */

/*!50003 DROP PROCEDURE IF EXISTS  `spgetcreditnotevalue` */;

DELIMITER $$

/*!50003 CREATE DEFINER=`root`@`localhost` PROCEDURE `spgetcreditnotevalue`($creditnotenumber varchar(50))
BEGIN
	select `noteno`,`dateadded`,sum(`quantity`*`unitprice`) as creditnotetotal
	from `creditnotes` c, `creditnotedetails` cd
	where c.`id`=cd.`noteid` and `noteno`=$creditnotenumber;
    END */$$
DELIMITER ;

/* Procedure structure for procedure `spgetcustomeraginganalysis` */

/*!50003 DROP PROCEDURE IF EXISTS  `spgetcustomeraginganalysis` */;

DELIMITER $$

/*!50003 CREATE DEFINER=`root`@`localhost` PROCEDURE `spgetcustomeraginganalysis`($customerid int,$basedate datetime)
BEGIN
	SET @basedate=$basedate,@customerid=$customerid;
	
	select `cutoffdate` into @cutoffdate from `startingparameters`;
	set @cutoffdate=ifnull(@cutoffdate,'2022-01-01');
	
	SELECT 
		
		SUM(IF(`range`='thirty',`balance`,0)) AS `thirty` ,
		SUM(IF(`range`='sixty',`balance`,0)) AS `sixty` ,
		SUM(IF(`range`='ninety',`balance`,0)) AS `ninety` ,
		SUM(IF(`range`='onetwenty',`balance`,0)) AS `onetwenty` ,
		SUM(IF(`range`='aboveonetwenty',`balance`,0)) AS `aboveonetwenty`,
		SUM(`balance`) AS `total`
	FROM(
	SELECT c.`customerid`, p.id,c.`customername`,
	CASE 
		WHEN DATEDIFF(@basedate,DATE_FORMAT(`receiptdate`,'%Y-%m-%d'))<=30 THEN 'thirty' 
		WHEN DATEDIFF(@basedate,DATE_FORMAT(`receiptdate`,'%Y-%m-%d')) BETWEEN 31 AND 60 THEN 'sixty'
		WHEN DATEDIFF(@basedate,DATE_FORMAT(`receiptdate`,'%Y-%m-%d')) BETWEEN 61 AND 90 THEN 'ninety'
		WHEN DATEDIFF(@basedate,DATE_FORMAT(`receiptdate`,'%Y-%m-%d')) BETWEEN 91 AND 120 THEN 'onetwenty'
		WHEN DATEDIFF(@basedate,DATE_FORMAT(`receiptdate`,'%Y-%m-%d'))>120 THEN 'aboveonetwenty' 
	END `range`,
	pp.amount -
	IFNULL((SELECT SUM(`amount`) FROM `customerreceiptdetails` WHERE `possaleid`=p.`id`),0) /**/ AS balance
	FROM `possales` p, `possalesdetails` pd, `possalespayments` pp, `customers` c
	WHERE p.`id`=pd.`possaleid` AND pp.`possaleid`=p.`id` AND pp.`paymentmode`=4  AND c.`customerid`=p.`customerid` AND p.`customerid`=$customerid  
	AND  pp.amount - IFNULL((SELECT SUM(`amount`) FROM `customerreceiptdetails` WHERE `possaleid`=p.`id`),0)>0
	-- Filter by date from the cut off date
	and date_format(p.`receiptdate`,'%Y-%m-%d')>=@cutoffdate
	GROUP BY c.`customerid`,p.id,c.`customername`) AS tab1;
    END */$$
DELIMITER ;

/* Procedure structure for procedure `spgetcustomercategories` */

/*!50003 DROP PROCEDURE IF EXISTS  `spgetcustomercategories` */;

DELIMITER $$

/*!50003 CREATE DEFINER=`root`@`localhost` PROCEDURE `spgetcustomercategories`()
BEGIN
	select * from `customercategories` order by `description`;
    END */$$
DELIMITER ;

/* Procedure structure for procedure `spgetcustomercreditnotes` */

/*!50003 DROP PROCEDURE IF EXISTS  `spgetcustomercreditnotes` */;

DELIMITER $$

/*!50003 CREATE DEFINER=`root`@`localhost` PROCEDURE `spgetcustomercreditnotes`($customerid numeric)
BEGIN
	select `noteno` as creditnotenumber from `creditnotes` where `customerid`=$customerid and `used`=0
	order by `noteno`;
    END */$$
DELIMITER ;

/* Procedure structure for procedure `spgetcustomerdetails` */

/*!50003 DROP PROCEDURE IF EXISTS  `spgetcustomerdetails` */;

DELIMITER $$

/*!50003 CREATE DEFINER=`root`@`localhost` PROCEDURE `spgetcustomerdetails`($customerid numeric)
BEGIN
	select c.* ,(select `parent` from `zones` where `id`=`subzoneid`) mainzone
	from `customers` c
	where `customerid`=$customerid;
    END */$$
DELIMITER ;

/* Procedure structure for procedure `spgetcustomerdiscountsettings` */

/*!50003 DROP PROCEDURE IF EXISTS  `spgetcustomerdiscountsettings` */;

DELIMITER $$

/*!50003 CREATE DEFINER=`root`@`localhost` PROCEDURE `spgetcustomerdiscountsettings`($customerid int)
BEGIN
	select c.`id`,`itemcode`,`itemname`,`sellingprice`, `discount`,`percentage`,`expirydate` from `products` p, `customerdiscountsettings` c
	where c.`productid`=p.`productid` and `customerid`=$customerid and c.`deleted`=0 order by `itemname`;
    END */$$
DELIMITER ;

/* Procedure structure for procedure `spgetcustomeropenreceivables` */

/*!50003 DROP PROCEDURE IF EXISTS  `spgetcustomeropenreceivables` */;

DELIMITER $$

/*!50003 CREATE DEFINER=`root`@`localhost` PROCEDURE `spgetcustomeropenreceivables`($customerid int)
BEGIN
	SET @cutoffdate=(SELECT DATE_FORMAT(`cutoffdate`,'%Y-%m-%d') FROM `startingparameters`);
	SELECT p.`id`,`customerid`,`receiptdate` AS transactiondate, SUM(`quantity`*(`unitprice`-ifnull(discount,0))) AS total,IFNULL((SELECT SUM(`amount`) FROM `customerreceiptdetails`
	WHERE `possaleid`=p.`id`),0) AS paid,SUM(`quantity`*(`unitprice`-IFNULL(discount,0))) -
	IFNULL((SELECT SUM(`amount`) FROM `customerreceiptdetails` WHERE `possaleid`=p.`id`),0) AS balance
	FROM `possales` p, `possalesdetails` pd, `possalespayments` pp
	WHERE p.`id`=pd.`possaleid` and pp.`possaleid`=p.`id` AND pp.`paymentmode`=4 and p.`customerid`=$customerid  
	and date_format(`receiptdate`,'%Y-%m-%d')>=@cutoffdate
	GROUP BY p.`id`,`customerid`,`receiptdate`
	having SUM(`quantity`*(`unitprice`-IFNULL(discount,0))) - IFNULL((SELECT SUM(`amount`) FROM `customerreceiptdetails` WHERE `possaleid`=p.`id`),0) >0
	ORDER BY `receiptdate`, p.`id`;
    END */$$
DELIMITER ;

/* Procedure structure for procedure `spgetcustomerreceiptdetails` */

/*!50003 DROP PROCEDURE IF EXISTS  `spgetcustomerreceiptdetails` */;

DELIMITER $$

/*!50003 CREATE DEFINER=`root`@`localhost` PROCEDURE `spgetcustomerreceiptdetails`($receiptno varchar(50))
BEGIN
	SELECT c.`customerid` , `customername`, `receiptno`,`receiptdate`,
	p.`description` AS paymentmode, `referenceno`, CONCAT(`firstname`,' ',`middlename`,' ' ,`lastname`) servedby,
	CONCAT('Settlement of POS bill #' , `possaleid`) AS narration, `amount`
	FROM `customerreceipts` c, `customerreceiptdetails` cr, `paymentmethods` p, `user` u, `customers` m
	WHERE c.`id`=cr.`receiptid` AND c.`customerid`=m.customerid AND c.`addedby`=u.`id` AND c.`modeofpayment`=p.`id`
	AND c.`receiptno`=$receiptno
	
	UNION 
	
	SELECT c.`customerid` , `customername`, `receiptno`,`receiptdate`,
	p.`description` AS paymentmode, c.`referenceno`, CONCAT(`firstname`,`middlename`,`lastname`) servedby,
	'Customer amount overpaid'  AS narration, `credit` as amount
	FROM `customerreceipts` c, `customersuspenseaccount` cr, `paymentmethods` p, `user` u, `customers` m
	WHERE c.`receiptno`=cr.`referenceno` AND c.`customerid`=m.customerid AND c.`addedby`=u.`id` AND c.`modeofpayment`=p.`id`
	AND c.`receiptno`=$receiptno;
    END */$$
DELIMITER ;

/* Procedure structure for procedure `spgetcustomers` */

/*!50003 DROP PROCEDURE IF EXISTS  `spgetcustomers` */;

DELIMITER $$

/*!50003 CREATE DEFINER=`root`@`localhost` PROCEDURE `spgetcustomers`($posid int,$regular int,$onetime int)
BEGIN
	if $posid=0 then
		if $regular=1 then
			if $onetime=1 then
				select c.*,concat(`firstname`,' ',`middlename`,' ',`lastname`) as addedbyname , r.`description` as categoryname
				from `customers` c, `customercategories` r, `user` u where `deleted`=0  and r. `id`=c.`catid` and u.`id`=c.`addedby`  
				order by customername;
			else
				SELECT c.*,CONCAT(`firstname`,' ',`middlename`,' ',`lastname`) AS addedbyname , r.`description` AS categoryname
				FROM `customers` c, `customercategories` r, `user` u WHERE `deleted`=0  AND r. `id`=c.`catid` AND u.`id`=c.`addedby` 
				and ifnull(`onetimecustomer`,0)=0
				ORDER BY customername;
			end if;
		else
			IF $onetime=1 THEN
				SELECT c.*,CONCAT(`firstname`,' ',`middlename`,' ',`lastname`) AS addedbyname , r.`description` AS categoryname
				FROM `customers` c, `customercategories` r, `user` u WHERE `deleted`=0  AND r. `id`=c.`catid` AND u.`id`=c.`addedby`  
				AND IFNULL(`onetimecustomer`,0)=1
				ORDER BY customername;
			/*ELSE
				 Get no customers 
				 Since both regular and onetime hasnot been selected
			*/
			END IF;
		end if;
	else
		IF $regular=1 THEN
			IF $onetime=1 THEN
				SELECT c.*,CONCAT(`firstname`,' ',`middlename`,' ',`lastname`) AS addedbyname , r.`description` AS categoryname
				FROM `customers` c, `customercategories` r, `user` u WHERE `deleted`=0  AND r. `id`=c.`catid` AND u.`id`=c.`addedby` 
				and c.posid=$posid 
				ORDER BY customername;
			ELSE
				SELECT c.*,CONCAT(`firstname`,' ',`middlename`,' ',`lastname`) AS addedbyname , r.`description` AS categoryname
				FROM `customers` c, `customercategories` r, `user` u WHERE `deleted`=0  AND r. `id`=c.`catid` AND u.`id`=c.`addedby` 
				AND IFNULL(`onetimecustomer`,0)=0 AND c.posid=$posid 
				ORDER BY customername;
			END IF;
		ELSE
			IF $onetime=1 THEN
				SELECT c.*,CONCAT(`firstname`,' ',`middlename`,' ',`lastname`) AS addedbyname , r.`description` AS categoryname
				FROM `customers` c, `customercategories` r, `user` u WHERE `deleted`=0  AND r. `id`=c.`catid` AND u.`id`=c.`addedby`  
				AND IFNULL(`onetimecustomer`,0)=1 AND c.posid=$posid 
				ORDER BY customername;
			/*ELSE
				 Get no customers 
				 Since both regular and onetime hasnot been selected
			*/
			END IF;
		END IF;
	end if;
    END */$$
DELIMITER ;

/* Procedure structure for procedure `spgetcustomerstatement` */

/*!50003 DROP PROCEDURE IF EXISTS  `spgetcustomerstatement` */;

DELIMITER $$

/*!50003 CREATE DEFINER=`root`@`localhost` PROCEDURE `spgetcustomerstatement`($customerid int,$startdate datetime,$enddate datetime)
BEGIN
	SET @startdate=$startdate,@enddate=$enddate;
	SET @customerid=$customerid;
	
	select case when date_format(`cutoffdate`,'%Y-%m-%d')>@startdate then DATE_FORMAT(`cutoffdate`,'%Y-%m-%d') else @startdate end
	into @startdate from `startingparameters`;
	
	select customerid,customername,physicaladdress,postaladdress,mobile,email, DATE_FORMAT(`date`,'%d-%b-%Y') `date`,`narration`,reference, invoiceamount,invoicepayment,
	ifnull((select sum(invoiceamount)-sum(invoicepayment) from vwcustomerstomerstatement v where v.customerid=s.customerid and  DATE_FORMAT(`date`,'%Y-%m-%d')<=@startdate),0) as `openingbalance`,
	ifnull((SELECT SUM(invoiceamount)-SUM(invoicepayment) FROM vwcustomerstomerstatement v WHERE v.customerid=s.customerid AND  DATE_FORMAT(`date`,'%Y-%m-%d')<=@enddate),0) AS `closingbalance`,
	IFNULL((SELECT SUM(invoiceamount) FROM vwcustomerstomerstatement v WHERE v.customerid=s.customerid AND  DATE_FORMAT(`date`,'%Y-%m-%d') between @startdate and @enddate),0) AS `invoices`,
	IFNULL((SELECT SUM(invoicepayment) FROM vwcustomerstomerstatement v WHERE v.customerid=s.customerid AND  DATE_FORMAT(`date`,'%Y-%m-%d') BETWEEN @startdate AND @enddate),0) AS `payments`
	
	from vwcustomerstomerstatement s
	where `customerid`=@customerid AND date_format(`date`,'%Y-%m-%d')  BETWEEN @startdate AND @enddate
	ORDER BY  DATE_FORMAT(`date`,'%Y-%m-%d'), `order`;
	
    END */$$
DELIMITER ;

/* Procedure structure for procedure `spgetcustomerunbankedreceipts` */

/*!50003 DROP PROCEDURE IF EXISTS  `spgetcustomerunbankedreceipts` */;

DELIMITER $$

/*!50003 CREATE DEFINER=`root`@`localhost` PROCEDURE `spgetcustomerunbankedreceipts`($startdate datetime,$enddate datetime,$paymentmethod int)
BEGIN
	if $paymentmethod=0 then 
		select id,date_format(`date`,'%d-%b-%Y') as `date`, customername,posname,description,receiptno,reference,amount,addedby
		from vwcustomerreceipts where date between $startdate and $enddate and banked=0
		order by receiptno;
	else
		SELECT id,DATE_FORMAT(`date`,'%d-%b-%Y') AS `date`, customername,posname,description,receiptno,reference,amount,addedby
		FROM vwcustomerreceipts WHERE DATE BETWEEN $startdate AND $enddate AND banked=0 and paymentmodeid=$paymentmethod
		ORDER BY receiptno;
	end if;
    END */$$
DELIMITER ;

/* Procedure structure for procedure `spgetcustomesuspenseaccountstatement` */

/*!50003 DROP PROCEDURE IF EXISTS  `spgetcustomesuspenseaccountstatement` */;

DELIMITER $$

/*!50003 CREATE DEFINER=`root`@`localhost` PROCEDURE `spgetcustomesuspenseaccountstatement`($customerid int,$startdate date,$enddate date)
BEGIN
	select date_format($startdate,'%d-%b-%Y') `date`,''  `referenceno`,'Opening balance' `narration`,
	case when sum(ifnull(credit,0)-ifnull(debit,0))>0 then credit else 0 end credit, 
	CASE WHEN SUM(IFNULL(credit,0)-IFNULL(debit,0))<0 THEN credit ELSE 0 END debit,'' as addedby
	FROM `customersuspenseaccount` where  DATE_FORMAT(`transactiondate`,'%Y-%m-%d') < $startdate and  `customerid`=$customerid
	
	union
	
	select * from (select date_format(`transactiondate`,'%d-%b-%Y') `date`,`referenceno`,`narration`,`credit`,`debit`, concat(`firstname`,' ',`lastname`) addedby
	from `customersuspenseaccount` c, `user` u
	where c.`addedby`=u.`id` and date_format(`transactiondate`,'%Y-%m-%d') between $startdate and $enddate and c.`customerid`=$customerid
	order by `transactiondate`, `referenceno`) as a;
    END */$$
DELIMITER ;

/* Procedure structure for procedure `spgetdashboardheaders` */

/*!50003 DROP PROCEDURE IF EXISTS  `spgetdashboardheaders` */;

DELIMITER $$

/*!50003 CREATE DEFINER=`root`@`localhost` PROCEDURE `spgetdashboardheaders`( $summarydate DATETIME)
BEGIN
	DECLARE $activecustomers NUMERIC(18,2);
	DECLARE $openreceivables NUMERIC(18,2);
	DECLARE $openpayables NUMERIC(18,2);
	DECLARE $openorders NUMERIC(18,2);
	SET @cutoffdate=(SELECT DATE_FORMAT(`cutoffdate`,'%Y-%m-%d') FROM `startingparameters`);
	
	SET $activecustomers=IFNULL((SELECT COUNT(DISTINCT customername) FROM `vwsalessummary2` WHERE DATE_FORMAT(`transactiondate`,'%Y-%m-%d')=$summarydate),0);
	SET $openreceivables=IFNULL((SELECT COUNT(*) FROM `possales` p, `possalesdetails` pd, `possalespayments` pp, `customers` c
		WHERE p.`id`=pd.`possaleid` AND pp.`possaleid`=p.`id` AND pp.`paymentmode`=4  AND c.`customerid`=p.`customerid` 
		AND  pp.amount - IFNULL((SELECT SUM(`amount`) FROM `customerreceiptdetails` WHERE `possaleid`=p.`id`),0)>0 and date_format(`receiptdate`,'%Y-%m-%d')>@cutoffdate),0);
	SET $openpayables=IFNULL((SELECT COUNT(*) FROM vwopenpayables),0);
	SET $openorders=ifnull((SELECT COUNT(*) FROM `purchaseorders` p,`purchaseorderdetails` pd WHERE p.`id`=pd.`purchaseorderid`
			AND quanity>IFNULL((SELECT SUM(quantity) FROM `goodsreceived` g, `goodsreceiveddetails` gd WHERE g.`grnno`=gd.`grnno` AND gd.`itemcode`=pd.`itemcode`),0)
			AND DATE_FORMAT(p.`date`,'%Y-%m-%d')>=@cutoffdate),0);
	SELECT $activecustomers AS activecustomers,$openreceivables openreceivables,$openpayables  openpayables,$openorders openorders;
	
    END */$$
DELIMITER ;

/* Procedure structure for procedure `spgetdashboardsummary` */

/*!50003 DROP PROCEDURE IF EXISTS  `spgetdashboardsummary` */;

DELIMITER $$

/*!50003 CREATE DEFINER=`root`@`localhost` PROCEDURE `spgetdashboardsummary`($startdate datetime,$enddate datetime)
BEGIN
	DECLARE $totalsales NUMERIC(18,2) DEFAULT 0;
	DECLARE $margin NUMERIC(18,2) DEFAULT 0;
	DECLARE $topstorevalue NUMERIC(18,2) DEFAULT 0;
	DECLARE $topstorename VARCHAR(100)DEFAULT '';
	DECLARE $averagesale NUMERIC(18,2) DEFAULT 0;
    
	set $totalsales=(select sum(receipttotal) from `vwsalessummary` where transactiondate between $startdate and $enddate);
	set $margin=$totalsales - (SELECT sum(buyingprice*quantity)
		FROM `products` m, `possales` p, `possalesdetails` pd WHERE m.`productid`=pd.`itemcode` AND pd.`possaleid`=p.`id` 
		AND DATE_FORMAT(p.`receiptdate`,'%Y-%m-%d') BETWEEN $startdate AND $enddate);
	set $topstorevalue=(select sum(receipttotal) from `vwsalessummary` WHERE transactiondate BETWEEN $startdate AND $enddate group by pointofsale order by sum(receipttotal) desc LIMIT 1);
	set $topstorename=(SELECT pointofsale FROM `vwsalessummary` WHERE transactiondate BETWEEN $startdate AND $enddate GROUP BY pointofsale ORDER BY SUM(receipttotal) DESC LIMIT 1);
	set $averagesale=(SELECT AVG(receipttotal) FROM `vwsalessummary` WHERE transactiondate BETWEEN $startdate AND $enddate);
	
	select ifnull($totalsales,0) as totalsales,ifnull($margin,0) as margin, ifnull($topstorevalue,0) as topstorevalue,ifnull($topstorename,'') topstorename,
	ifnull($averagesale,0) averagesale;
	
    END */$$
DELIMITER ;

/* Procedure structure for procedure `spgetdiscountreport` */

/*!50003 DROP PROCEDURE IF EXISTS  `spgetdiscountreport` */;

DELIMITER $$

/*!50003 CREATE DEFINER=`root`@`localhost` PROCEDURE `spgetdiscountreport`($startdate datetime,$enddate datetime)
BEGIN
	/*SET @startdate=date_format($startdate,'%d-%m-%Y');
	SET @enddate=date_format($enddate,'%d-%m-%Y');*/
	set @startdate=$startdate;
	set @enddate=$enddate;
	
	SELECT * FROM (SELECT p.`itemcode` `Item Code`,`itemname` `Item Name`,format(`buyingprice`,0) `Buying Price`,format(`sellingprice`,0) `Selling Price`,format(SUM(quantity),2) AS `Units Sold`, 
	format(SUM(quantity*unitprice),2) AS `Total Sales`, format(SUM(discount),2) `Discount`
	FROM `products` p, `possales` s, `possalesdetails` sd
	WHERE p.`productid`=sd.`itemcode` AND sd.`possaleid`=s.`id`
	AND `receiptdate` BETWEEN @startdate AND @enddate and ifnull(s.deleted,0)=0
	GROUP BY p.`itemcode`,`itemname`,`buyingprice`,`sellingprice` ORDER BY itemname) AS q1
	UNION
	SELECT '' AS itemcode, 'TOTAL' AS itemname,0 AS `Buying Price`, 0 AS `Selling Price`, format(SUM(quantity),2) `Units Sold`, format(SUM(quantity*unitprice),2) AS `Total Sales`, format(SUM(discount),2) `Discount`
	FROM `products` p, `possales` s, `possalesdetails` sd
	WHERE p.`productid`=sd.`itemcode` AND sd.`possaleid`=s.`id` AND IFNULL(s.deleted,0)=0
	AND `receiptdate` BETWEEN @startdate AND @enddate;
	
    END */$$
DELIMITER ;

/* Procedure structure for procedure `spgetemailconfiguration` */

/*!50003 DROP PROCEDURE IF EXISTS  `spgetemailconfiguration` */;

DELIMITER $$

/*!50003 CREATE DEFINER=`root`@`localhost` PROCEDURE `spgetemailconfiguration`()
BEGIN
	select * from `emailconfiguration`;
    END */$$
DELIMITER ;

/* Procedure structure for procedure `spgetglaccountclasses` */

/*!50003 DROP PROCEDURE IF EXISTS  `spgetglaccountclasses` */;

DELIMITER $$

/*!50003 CREATE DEFINER=`root`@`localhost` PROCEDURE `spgetglaccountclasses`()
BEGIN
	select `id`,`classname`,replace(concat(`classname`, case when RIGHT(`classname`,1)='y' then 'ies' else 's' end),'y','') as newname 
	from glaccountclasses order by `classname`;
    END */$$
DELIMITER ;

/* Procedure structure for procedure `spgetglaccountdetails` */

/*!50003 DROP PROCEDURE IF EXISTS  `spgetglaccountdetails` */;

DELIMITER $$

/*!50003 CREATE DEFINER=`root`@`localhost` PROCEDURE `spgetglaccountdetails`($id int)
BEGIN
	SELECT a.* , g.id AS subgroupid, gg.`id` AS parentgroupid, c.`id` AS classid 
	FROM `glaccounts` a, `glaccountgroups` g, `glaccountgroups` gg, `glaccountclasses` c 
	WHERE  a.`groupid`=g.id AND g.`subactegoryof`=gg.id AND g.`glaccountclass`=c.id  and a.`id`=$id;
    END */$$
DELIMITER ;

/* Procedure structure for procedure `spgetglaccounts` */

/*!50003 DROP PROCEDURE IF EXISTS  `spgetglaccounts` */;

DELIMITER $$

/*!50003 CREATE DEFINER=`root`@`localhost` PROCEDURE `spgetglaccounts`($groupid int)
BEGIN
	if $groupid=0 then
		select * from `glaccounts` where deleted=0 order by `accountname`;
	else
		SELECT * FROM `glaccounts` WHERE deleted=0 and `groupid`=$groupid ORDER BY `accountname`;
	end if;
    END */$$
DELIMITER ;

/* Procedure structure for procedure `spgetglgroups` */

/*!50003 DROP PROCEDURE IF EXISTS  `spgetglgroups` */;

DELIMITER $$

/*!50003 CREATE DEFINER=`root`@`localhost` PROCEDURE `spgetglgroups`($category int)
BEGIN
	if $category=0 then
		select * from `glaccountgroups` order by `groupname`;
	else
		select * from `glaccountgroups` where `glaccountclass`=$category
		order by `groupname`;
	end if ;
    END */$$
DELIMITER ;

/* Procedure structure for procedure `spgetglstatement` */

/*!50003 DROP PROCEDURE IF EXISTS  `spgetglstatement` */;

DELIMITER $$

/*!50003 CREATE DEFINER=`root`@`localhost` PROCEDURE `spgetglstatement`($startdate datetime,$enddate datetime,$accountid int)
BEGIN
    
	SET @startdate=$startdate,@enddate=$enddate,@accountid=$accountid;
	SET @openingbalancedate=DATE_SUB(@startdate, INTERVAL 1 DAY );
	set @cutoffdate=(select date_format(`cutoffdate`,'%Y-%m-%d') from `startingparameters`);
	
	SELECT `accountcode`,`accountname`,`classname`, DATE_FORMAT(`transactiondate`,'%d-%b-%Y') AS `transactiondate`,`referenceno`, `narration`, `debit`,`credit`,
	CONCAT(`firstname`,' ',`middlename`) AS `addedby` ,
	IFNULL((SELECT SUM(IFNULL(`debit`,0)-IFNULL(`credit`,0)) FROM `gltransactions` WHERE `glaccount`=a.id AND DATE_FORMAT(`transactiondate`,'%Y-%m-%d') BETWEEN @cutoffdate and @openingbalancedate),0) `openingbalance`,
	IFNULL((SELECT SUM(IFNULL(`debit`,0)) FROM `gltransactions` WHERE `glaccount`=a.id AND DATE_FORMAT(`transactiondate`,'%Y-%m-%d') BETWEEN @startdate AND @enddate),0) `debits`,
	IFNULL((SELECT SUM(IFNULL(`credit`,0)) FROM `gltransactions` WHERE `glaccount`=a.id AND DATE_FORMAT(`transactiondate`,'%Y-%m-%d') BETWEEN @startdate AND @enddate),0) `credits` ,
	IFNULL((SELECT SUM(IFNULL(`debit`,0)-IFNULL(`credit`,0)) FROM `gltransactions` WHERE `glaccount`=a.id  AND DATE_FORMAT(`transactiondate`,'%Y-%m-%d') BETWEEN @cutoffdate AND @enddate),0) AS `closingbalance`
	FROM `glaccounts` a, `glaccountgroups` g, `glaccountclasses` c, `user` u, `gltransactions` t
	WHERE a.`groupid`=g.`id` AND g.`glaccountclass`=c.id  AND a.`id`=t.`glaccount` AND t.`addedby`=u.`id`
	AND DATE_FORMAT(`transactiondate`,'%Y-%m-%d') BETWEEN @startdate AND @enddate AND a.`id`=@accountid
	ORDER BY `transactiondate`;
    END */$$
DELIMITER ;

/* Procedure structure for procedure `spgetglsubgroups` */

/*!50003 DROP PROCEDURE IF EXISTS  `spgetglsubgroups` */;

DELIMITER $$

/*!50003 CREATE DEFINER=`root`@`localhost` PROCEDURE `spgetglsubgroups`($groupid int)
BEGIN
	if $groupid=0 then
		select * from `glaccountgroups` where `subactegoryof`<>0 order by `groupname`;
	else
		select * from `glaccountgroups` where `subactegoryof`=$groupid order by `groupname`;
	end if;
    END */$$
DELIMITER ;

/* Procedure structure for procedure `spgetgrnitemdetails` */

/*!50003 DROP PROCEDURE IF EXISTS  `spgetgrnitemdetails` */;

DELIMITER $$

/*!50003 CREATE DEFINER=`root`@`localhost` PROCEDURE `spgetgrnitemdetails`($grnno varchar(50),$productid int)
BEGIN
	SELECT p.productid,p.`itemcode`, `itemname`,gd.`quantity`,od.`unitprice`,`serialno`
	FROM  goodsreceived g,`goodsreceiveddetails` gd, `products` p, `purchaseorders` o, `purchaseorderdetails` od
	WHERE g.grnno=gd.grnno and gd.`itemcode`=p.productid and o.`id`=od.`purchaseorderid` and od.`itemcode`=p.productid 
	and gd.`purchaseorderno`=o.`purchaseorderno` AND p.productid=$productid AND (gd.grnno=$grnno or g.invoiceno=$grnno);
    END */$$
DELIMITER ;

/* Procedure structure for procedure `spgetgrnproducts` */

/*!50003 DROP PROCEDURE IF EXISTS  `spgetgrnproducts` */;

DELIMITER $$

/*!50003 CREATE DEFINER=`root`@`localhost` PROCEDURE `spgetgrnproducts`($grnno varchar(50))
BEGIN
	SELECT DISTINCT gd.`itemcode` AS productid, p.`itemcode`,`itemname` 
	FROM `goodsreceiveddetails` gd,`products` p, `goodsreceived` g
	WHERE  g.grnno=gd.grnno and gd.itemcode=p.productid 
	AND (gd.`grnno`=$grnno or g.`invoiceno`=$grnno) -- AND IFNULL(s.deleted,0)=0
	ORDER BY `itemname`;
    END */$$
DELIMITER ;

/* Procedure structure for procedure `spgetheldsaledetails` */

/*!50003 DROP PROCEDURE IF EXISTS  `spgetheldsaledetails` */;

DELIMITER $$

/*!50003 CREATE DEFINER=`root`@`localhost` PROCEDURE `spgetheldsaledetails`($id int)
BEGIN
	select `itemcode`, `itemname`, `quantity`,`unitprice`,`discount`,
	`fn_getitemstorebalance`(p.productid ,posid)itembalance 
	from `heldsalesdetails` hd, `products` p, `heldsales` h
	where h.`id`=hd.`heldsaleid` and p.`productid`=hd.`productid` and `heldsaleid`=$id
	order by `itemname`;
    END */$$
DELIMITER ;

/* Procedure structure for procedure `spgetheldsaleheader` */

/*!50003 DROP PROCEDURE IF EXISTS  `spgetheldsaleheader` */;

DELIMITER $$

/*!50003 CREATE DEFINER=`root`@`localhost` PROCEDURE `spgetheldsaleheader`($id int)
BEGIN
	select `customerid`,`posid` from `heldsales` where `id`=$id;
    END */$$
DELIMITER ;

/* Procedure structure for procedure `spgetheldsales` */

/*!50003 DROP PROCEDURE IF EXISTS  `spgetheldsales` */;

DELIMITER $$

/*!50003 CREATE DEFINER=`root`@`localhost` PROCEDURE `spgetheldsales`($userid int)
BEGIN
	select h.`id`,`dateheld`,`customername`,`posname`
	from `heldsales` h, `customers` c, `pointsofsale` s
	where h.`customerid`=c.`customerid` and h.`posid`=s.`id` 
	and h.`addedby`=$userid order by h.`id` desc;
    END */$$
DELIMITER ;

/* Procedure structure for procedure `spgetinsertedcustomer` */

/*!50003 DROP PROCEDURE IF EXISTS  `spgetinsertedcustomer` */;

DELIMITER $$

/*!50003 CREATE DEFINER=`root`@`localhost` PROCEDURE `spgetinsertedcustomer`()
BEGIN
	select max(customerid)as customerid from `customers` ;
    END */$$
DELIMITER ;

/* Procedure structure for procedure `spgetinstitutiondetails` */

/*!50003 DROP PROCEDURE IF EXISTS  `spgetinstitutiondetails` */;

DELIMITER $$

/*!50003 CREATE DEFINER=`root`@`localhost` PROCEDURE `spgetinstitutiondetails`()
BEGIN
	select * from `institution`;
    END */$$
DELIMITER ;

/* Procedure structure for procedure `spgetinvoicegrns` */

/*!50003 DROP PROCEDURE IF EXISTS  `spgetinvoicegrns` */;

DELIMITER $$

/*!50003 CREATE DEFINER=`root`@`localhost` PROCEDURE `spgetinvoicegrns`($id int)
BEGIN
	declare $suppliercontrolaccount int;
	set $suppliercontrolaccount=(select id from `glaccounts` where `accountcode`=(select `account` from `glaccountsettings` where `description`='Suppliers Control Account'));
	select p.`itemcode`,description,sum(`quantity`) quantity,avg(`unitprice`) unitprice,$suppliercontrolaccount as accountcharged 
	from `supplierinvoicedetails` id, `products` p where p.`productid`=id.`itemcode` and `invoiceid`=$id
	group by p.`itemcode`,description;
    END */$$
DELIMITER ;

/* Procedure structure for procedure `spgetitemstatement` */

/*!50003 DROP PROCEDURE IF EXISTS  `spgetitemstatement` */;

DELIMITER $$

/*!50003 CREATE DEFINER=`root`@`localhost` PROCEDURE `spgetitemstatement`($itemcode varchar(50),$startdate date,$enddate date)
BEGIN
	SET @startdate=$startdate;
	select case when `cutoffdate`<=@startdate then @startdate else date_format(cutoffdate,'%Y-%m-%d') end into @startdate from `startingparameters`;
	SET @enddate=$enddate;
	SET @balancedate=DATE_SUB(@startdate, INTERVAL 1 DAY);
	SET @itemcode=$itemcode;
	
	select @startdate startdate,@enddate enddate,@balancedate balancedate;
	
	-- get opening balance
	SELECT `productid`,`itemcode`,`itemname`,'Opening balance' description,NULL AS reference, DATE_FORMAT(@balancedate,'%d-%b-%Y') AS `date`,0 AS `sortkey`,NULL AS stockin, NULL AS stockout,fn_getitemstockbalance(productid,@balancedate) openingbalance, @balancedate AS unmodifieddate
	FROM `products` WHERE itemcode=@itemcode
	-- get purchases
	UNION
	SELECT productid, p.itemcode,`itemname`, 'Purchase' description, CONCAT(g.`grnno`,' : ',`deliverynono`) reference, DATE_FORMAT(`datereceived`,'%d-%b-%Y') AS `date`,1 AS `sortkey`,SUM(quantity) AS stockin, NULL AS stockout,NULL openingbalance,`datereceived` AS unmodifieddate
	FROM products p INNER JOIN `goodsreceiveddetails` gd ON p.productid=gd.`itemcode`
	INNER JOIN goodsreceived g ON gd.grnno=g.grnno
	WHERE p.itemcode=@itemcode AND DATE_FORMAT(`datereceived`,'%Y-%m-%d') BETWEEN @startdate AND @enddate
	GROUP BY  productid, p.itemcode,`itemname`, DATE_FORMAT(`datereceived`,'%d-%b-%Y'), g.`grnno`,`deliverynono`
	
	-- get sales
	UNION
	SELECT productid, p.itemcode,`itemname`, 'Sale' dscription,s.receiptno reference, DATE_FORMAT(`receiptdate`,'%d-%b-%Y') AS `date`,2 AS `sortkey`,NULL  AS stockin,SUM(quantity)AS stockout,NULL openingbalance, receiptdate AS unmodifieddate
	FROM products p INNER JOIN `possalesdetails` pd ON p.productid=pd.`itemcode`
	INNER JOIN `possales` s ON pd.`possaleid`=s.`id`
	WHERE p.itemcode=@itemcode AND DATE_FORMAT(`receiptdate`,'%Y-%m-%d') BETWEEN @startdate AND @enddate
	GROUP BY  productid, p.itemcode,`itemname`, DATE_FORMAT(`receiptdate`,'%d-%b-%Y'), receiptno
	ORDER BY unmodifieddate,sortkey;
    END */$$
DELIMITER ;

/* Procedure structure for procedure `spgetmasterstocksheet` */

/*!50003 DROP PROCEDURE IF EXISTS  `spgetmasterstocksheet` */;

DELIMITER $$

/*!50003 CREATE DEFINER=`root`@`localhost` PROCEDURE `spgetmasterstocksheet`($enddate date)
BEGIN
	SET @basedate=date_format(ifnull((SELECT `stockcutoffdate` FROM `startingparameters`),'2020-01-01'),'%Y-%m-%d');
	SET @enddate=$enddate;
	SET @obdate=DATE_SUB(@enddate, INTERVAL 1 DAY);
	SELECT `itemcode` `Product Code`,`itemname` `Product Name`,
		IFNULL((SELECT SUM(`quantity`) FROM `goodsreceived` g, `goodsreceiveddetails` gd 
			WHERE g.`grnno`=gd.grnno AND gd.`itemcode`=p.productid AND DATE_FORMAT(g.`datereceived`,'%Y-%m-%d') BETWEEN @basedate AND @obdate),0)-
		IFNULL((SELECT SUM(`quantity`) FROM `possales` s, `possalesdetails` sd 
			WHERE s.`id`=sd.`possaleid` AND sd.`itemcode`=p.productid AND  DATE_FORMAT(`receiptdate`,'%Y-%m-%d') BETWEEN @basedate AND @obdate AND IFNULL(s.deleted,0)=0),0) AS `Opening Balance`,
		
		IFNULL((SELECT SUM(`quantity`) FROM `goodsreceived` g, `goodsreceiveddetails` gd 
			WHERE g.`grnno`=gd.grnno AND gd.`itemcode`=p.productid AND DATE_FORMAT(g.`datereceived`,'%Y-%m-%d')=@enddate),0) AS `Purchases`,
		
		IFNULL((SELECT SUM(`quantity`) FROM `possales` s, `possalesdetails` sd 
			WHERE s.`id`=sd.`possaleid` AND sd.`itemcode`=p.productid AND  DATE_FORMAT(`receiptdate`,'%Y-%m-%d')=@enddate AND IFNULL(s.deleted,0)=0),0) AS `Sales`,
			
		IFNULL((SELECT SUM(`quantity`) FROM `goodsreceived` g, `goodsreceiveddetails` gd 
			WHERE g.`grnno`=gd.grnno AND gd.`itemcode`=p.productid AND DATE_FORMAT(g.`datereceived`,'%Y-%m-%d') BETWEEN @basedate AND @obdate),0)-
		IFNULL((SELECT SUM(`quantity`) FROM `possales` s, `possalesdetails` sd 
			WHERE s.`id`=sd.`possaleid` AND sd.`itemcode`=p.productid AND  DATE_FORMAT(`receiptdate`,'%Y-%m-%d') BETWEEN @basedate AND @obdate  AND IFNULL(s.deleted,0)=0),0) +
		
		IFNULL((SELECT SUM(`quantity`) FROM `goodsreceived` g, `goodsreceiveddetails` gd 
			WHERE g.`grnno`=gd.grnno AND gd.`itemcode`=p.productid AND DATE_FORMAT(g.`datereceived`,'%Y-%m-%d')=@enddate),0) -
		
		IFNULL((SELECT SUM(`quantity`) FROM `possales` s, `possalesdetails` sd 
			WHERE s.`id`=sd.`possaleid` AND sd.`itemcode`=p.productid AND  DATE_FORMAT(`receiptdate`,'%Y-%m-%d')=@enddate AND IFNULL(s.deleted,0)=0),0) AS `Closing Balance`
	FROM products p	ORDER BY itemname;
    END */$$
DELIMITER ;

/* Procedure structure for procedure `spgetmpesac2bparameters` */

/*!50003 DROP PROCEDURE IF EXISTS  `spgetmpesac2bparameters` */;

DELIMITER $$

/*!50003 CREATE DEFINER=`root`@`localhost` PROCEDURE `spgetmpesac2bparameters`()
BEGIN
	select c2burl,c2bshortcode,c2bmsisdn from mpesaconfiguration;
    END */$$
DELIMITER ;

/* Procedure structure for procedure `spgetmpesaconfiguration` */

/*!50003 DROP PROCEDURE IF EXISTS  `spgetmpesaconfiguration` */;

DELIMITER $$

/*!50003 CREATE DEFINER=`root`@`localhost` PROCEDURE `spgetmpesaconfiguration`()
BEGIN
	select * from `mpesaconfiguration`;
    END */$$
DELIMITER ;

/* Procedure structure for procedure `spgetmpesatransaction` */

/*!50003 DROP PROCEDURE IF EXISTS  `spgetmpesatransaction` */;

DELIMITER $$

/*!50003 CREATE DEFINER=`root`@`localhost` PROCEDURE `spgetmpesatransaction`($amount int,$reference varchar(50))
BEGIN
	if $reference='' then
		select * from `mpesaconfirmation` where `amount`=$amount and date_format(`date`,'%Y-%m-%d')=date_format(now(),'%Y-%m-%d') AND IFNULL(`used`,0)=0;
	else
		SELECT * FROM `mpesaconfirmation` WHERE `reference`=$reference and ifnull(`used`,0)=0;
	end if;
    END */$$
DELIMITER ;

/* Procedure structure for procedure `spgetnonuseroutlets` */

/*!50003 DROP PROCEDURE IF EXISTS  `spgetnonuseroutlets` */;

DELIMITER $$

/*!50003 CREATE DEFINER=`root`@`localhost` PROCEDURE `spgetnonuseroutlets`($userid int)
BEGIN
	SELECT *
	FROM  `pointsofsale` s  
	WHERE id not in(select `outletid` from `useroutlets` where `userid`=$userid and ifnull(`deleted`,0)=0)
	and ifnull(s.deleted,0)=0
	ORDER BY posname;
    END */$$
DELIMITER ;

/* Procedure structure for procedure `spgetnonuserroles` */

/*!50003 DROP PROCEDURE IF EXISTS  `spgetnonuserroles` */;

DELIMITER $$

/*!50003 CREATE DEFINER=`root`@`localhost` PROCEDURE `spgetnonuserroles`($userid int)
BEGIN
	select * from `roles` 
	where roleid not in(select `roleid` from `roleusers` where `userid`=$userid)
	order by rolename;
    END */$$
DELIMITER ;

/* Procedure structure for procedure `spgetobjectdetails` */

/*!50003 DROP PROCEDURE IF EXISTS  `spgetobjectdetails` */;

DELIMITER $$

/*!50003 CREATE DEFINER=`root`@`localhost` PROCEDURE `spgetobjectdetails`($objectid int)
BEGIN
	select * from `objects` where `id`=$objectid;
    END */$$
DELIMITER ;

/* Procedure structure for procedure `spgetobjects` */

/*!50003 DROP PROCEDURE IF EXISTS  `spgetobjects` */;

DELIMITER $$

/*!50003 CREATE DEFINER=`root`@`localhost` PROCEDURE `spgetobjects`($module varchar(50))
BEGIN
	if $module='' then
		select `id`,`description`,`module` from `objects` order by `description`;
	else
		select `id`,`description`,`module`  from `objects` where `module`=$module order by `description`;
	end if;
    END */$$
DELIMITER ;

/* Procedure structure for procedure `spgetparentgroups` */

/*!50003 DROP PROCEDURE IF EXISTS  `spgetparentgroups` */;

DELIMITER $$

/*!50003 CREATE DEFINER=`root`@`localhost` PROCEDURE `spgetparentgroups`($classid int)
BEGIN
	if $classid=0 then
		select * from `glaccountgroups`where ifnull(`subactegoryof`,0)=0 order by `groupname`;
	else
		SELECT * FROM `glaccountgroups`WHERE IFNULL(`subactegoryof`,0)=0  and `glaccountclass`=$classid ORDER BY `groupname`;
	end if;
    END */$$
DELIMITER ;

/* Procedure structure for procedure `spgetpaymentmethods` */

/*!50003 DROP PROCEDURE IF EXISTS  `spgetpaymentmethods` */;

DELIMITER $$

/*!50003 CREATE DEFINER=`root`@`localhost` PROCEDURE `spgetpaymentmethods`()
BEGIN
	SELECT `id`,`description`,`image`,
	case when `requiresrefno`=true then 1 else 0 end as`requiresrefno`,
	CASE WHEN `supplierslist`=TRUE THEN 1 ELSE 0 END AS`supplierslist` 
	FROM `paymentmethods` 
	where ifnull(`show`,1)=1
	ORDER BY `description`;
    END */$$
DELIMITER ;

/* Procedure structure for procedure `spgetpaymentmethodsummary` */

/*!50003 DROP PROCEDURE IF EXISTS  `spgetpaymentmethodsummary` */;

DELIMITER $$

/*!50003 CREATE DEFINER=`root`@`localhost` PROCEDURE `spgetpaymentmethodsummary`($startdate datetime,$enddate datetime)
BEGIN
	select paymentmode, sum(receipttotal) as total from `vwsalessummary`
	where transactiondate between $startdate and $enddate
	group by paymentmode  
	order by SUM(receipttotal) desc;
    END */$$
DELIMITER ;

/* Procedure structure for procedure `spgetpaymentvoucher` */

/*!50003 DROP PROCEDURE IF EXISTS  `spgetpaymentvoucher` */;

DELIMITER $$

/*!50003 CREATE DEFINER=`root`@`localhost` PROCEDURE `spgetpaymentvoucher`($id varchar(50))
BEGIN
	select `suppliername`,`physicaladdress`,`postaladdress`,s.`mobile`,s.`email`, v.`voucherno`,date_format(v.`date`,'%d-%b-%Y') as voucherdate, `invoicenumber`,p.`description` as paymentmethod,`referenceno`,
	`itemcode`,vd.`description`,`quantity`,`unitprice`, concat(`firstname`, ' ',`middlename`,' ',`lastname`) as preparedby, o.`posname`
	from `paymentvouchers` v, `paymentvoucherdetails` vd, `paymentmethods` p, `suppliers` s, `user` u, `pointsofsale` o
	where v.`id`=vd.`voucherid` and v.`paymentmode`=p.id and v.`supplier`=s.supplierid and v.`addedby`=u.id and  o.id=v.`pos` 
	and v.`voucherno`=$id; -- v.`id`=$id;
	
    END */$$
DELIMITER ;

/* Procedure structure for procedure `spgetpaymentvoucherdetails` */

/*!50003 DROP PROCEDURE IF EXISTS  `spgetpaymentvoucherdetails` */;

DELIMITER $$

/*!50003 CREATE DEFINER=`root`@`localhost` PROCEDURE `spgetpaymentvoucherdetails`($id varchar(50))
BEGIN
	select p.id,`voucherno`, DATE_FORMAT(`date`,'%d-%b-%Y')`date`,`dateadded`,`addedby`,`paymentmode`,`pos`,`supplier`,`invoicenumber`,`cashbookaccount`,`referenceno`,`status`,`lastmodifiedby`,`lastmodifieddate` 
	from `paymentvouchers` p, paymentvoucherdetails pd  
	where p.`id`=pd.`voucherid` and voucherno=$id;
    END */$$
DELIMITER ;

/* Procedure structure for procedure `spgetpaymentvouchers` */

/*!50003 DROP PROCEDURE IF EXISTS  `spgetpaymentvouchers` */;

DELIMITER $$

/*!50003 CREATE DEFINER=`root`@`localhost` PROCEDURE `spgetpaymentvouchers`($supplierid int,$posid int, $stat varchar(50),$paymentmode int, $startdate datetime,$enddate datetime,$pettycashvoucher boolean)
BEGIN
	if $pettycashvoucher=0 then 
		-- Get payment vouchers 
		if $supplierid=0 then 
			begin
				if $posid=0 then 
					begin
						if $stat='all' then 
							begin
								if $paymentmode=0 then
									SELECT voucherid,pettycashvoucher,voucherno,DATE_FORMAT(voucherdate,'%d-%b-%Y') voucherdate,paymentmodeid,paymentmodedescription,posid,posname,
									supplierid,suppliername,invoicenumber,cashbookaccountid,accountcode,accountname,referenceno,`status`,vouchertotal,userid,username 
									FROM `vwpaymentvouchers`  where voucherdate between $startdate and $enddate  AND `pettycashvoucher`=0
									order by voucherno,voucherdate;
								else
									SELECT voucherid,pettycashvoucher,voucherno,DATE_FORMAT(voucherdate,'%d-%b-%Y') voucherdate,paymentmodeid,paymentmodedescription,posid,posname,
									supplierid,suppliername,invoicenumber,cashbookaccountid,accountcode,accountname,referenceno,`status`,vouchertotal,userid,username 
									FROM `vwpaymentvouchers` WHERE voucherdate BETWEEN $startdate AND $enddate and paymentmodeid=$paymentmode AND `pettycashvoucher`=0
									ORDER BY voucherno,voucherdate;
								end if;
							end;
						else
							BEGIN
								IF $paymentmode=0 THEN
									SELECT voucherid,pettycashvoucher,voucherno,DATE_FORMAT(voucherdate,'%d-%b-%Y') voucherdate,paymentmodeid,paymentmodedescription,posid,posname,
									supplierid,suppliername,invoicenumber,cashbookaccountid,accountcode,accountname,referenceno,`status`,vouchertotal,userid,username 
									FROM `vwpaymentvouchers`  WHERE voucherdate BETWEEN $startdate AND $enddate and `status`=$stat  AND `pettycashvoucher`=0
									ORDER BY voucherno,voucherdate;
								ELSE
									SELECT voucherid,pettycashvoucher,voucherno,DATE_FORMAT(voucherdate,'%d-%b-%Y') voucherdate,paymentmodeid,paymentmodedescription,posid,posname,
									supplierid,suppliername,invoicenumber,cashbookaccountid,accountcode,accountname,referenceno,`status`,vouchertotal,userid,username 
									FROM `vwpaymentvouchers` WHERE voucherdate BETWEEN $startdate AND $enddate AND paymentmodeid=$paymentmode  AND `status`=$stat  AND `pettycashvoucher`=0
									ORDER BY voucherno,voucherdate;
								END IF;
							END;
						end if;
					end;
				else
					BEGIN
						IF $stat='all' THEN 
							BEGIN
								IF $paymentmode=0 THEN
									SELECT voucherid,pettycashvoucher,voucherno,DATE_FORMAT(voucherdate,'%d-%b-%Y') voucherdate,paymentmodeid,paymentmodedescription,posid,posname,
									supplierid,suppliername,invoicenumber,cashbookaccountid,accountcode,accountname,referenceno,`status`,vouchertotal,userid,username 
									FROM `vwpaymentvouchers` WHERE voucherdate BETWEEN $startdate AND $enddate and `posid`=$posid AND `pettycashvoucher`=0
									ORDER BY voucherno,voucherdate;
								ELSE
									SELECT voucherid,pettycashvoucher,voucherno,DATE_FORMAT(voucherdate,'%d-%b-%Y') voucherdate,paymentmodeid,paymentmodedescription,posid,posname,
									supplierid,suppliername,invoicenumber,cashbookaccountid,accountcode,accountname,referenceno,`status`,vouchertotal,userid,username 
									FROM `vwpaymentvouchers` WHERE voucherdate BETWEEN $startdate AND $enddate AND paymentmodeid=$paymentmode  AND `posid`=$posid AND `pettycashvoucher`=0
									ORDER BY voucherno,voucherdate;
								END IF;
							END;
						ELSE
							BEGIN
								IF $paymentmode=0 THEN
									SELECT voucherid,pettycashvoucher,voucherno,DATE_FORMAT(voucherdate,'%d-%b-%Y') voucherdate,paymentmodeid,paymentmodedescription,posid,posname,
									supplierid,suppliername,invoicenumber,cashbookaccountid,accountcode,accountname,referenceno,`status`,vouchertotal,userid,username 
									FROM `vwpaymentvouchers` WHERE voucherdate BETWEEN $startdate AND $enddate AND `status`=$stat  AND `posid`=$posid AND `pettycashvoucher`=0
									ORDER BY voucherno,voucherdate;
								ELSE
									SELECT voucherid,pettycashvoucher,voucherno,DATE_FORMAT(voucherdate,'%d-%b-%Y') voucherdate,paymentmodeid,paymentmodedescription,posid,posname,
									supplierid,suppliername,invoicenumber,cashbookaccountid,accountcode,accountname,referenceno,`status`,vouchertotal,userid,username 
									FROM `vwpaymentvouchers` WHERE voucherdate BETWEEN $startdate AND $enddate AND paymentmodeid=$paymentmode  AND `status`=$stat AND `posid`=$posid AND `pettycashvoucher`=0 
									ORDER BY voucherno,voucherdate;
								END IF;
							END;
						END IF;
					END;
				end if;
			end;
		else
			BEGIN
				IF $posid=0 THEN 
					BEGIN
						IF $stat='all' THEN 
							BEGIN
								IF $paymentmode=0 THEN
									SELECT voucherid,pettycashvoucher,voucherno,DATE_FORMAT(voucherdate,'%d-%b-%Y') voucherdate,paymentmodeid,paymentmodedescription,posid,posname,
									supplierid,suppliername,invoicenumber,cashbookaccountid,accountcode,accountname,referenceno,`status`,vouchertotal,userid,username 
									FROM `vwpaymentvouchers` WHERE voucherdate BETWEEN $startdate AND $enddate and `supplierid`=$supplierid AND `pettycashvoucher`=0
									ORDER BY voucherno,voucherdate;
								ELSE
									SELECT voucherid,pettycashvoucher,voucherno,DATE_FORMAT(voucherdate,'%d-%b-%Y') voucherdate,paymentmodeid,paymentmodedescription,posid,posname,
									supplierid,suppliername,invoicenumber,cashbookaccountid,accountcode,accountname,referenceno,`status`,vouchertotal,userid,username 
									FROM `vwpaymentvouchers` WHERE voucherdate BETWEEN $startdate AND $enddate AND paymentmodeid=$paymentmode  AND `supplierid`=$supplierid AND `pettycashvoucher`=0
									ORDER BY voucherno,voucherdate;
								END IF;
							END;
						ELSE
							BEGIN
								IF $paymentmode=0 THEN
									SELECT voucherid,pettycashvoucher,voucherno,DATE_FORMAT(voucherdate,'%d-%b-%Y') voucherdate,paymentmodeid,paymentmodedescription,posid,posname,
									supplierid,suppliername,invoicenumber,cashbookaccountid,accountcode,accountname,referenceno,`status`,vouchertotal,userid,username 
									FROM `vwpaymentvouchers` WHERE voucherdate BETWEEN $startdate AND $enddate AND `status`=$stat  AND `supplierid`=$supplierid AND `pettycashvoucher`=0
									ORDER BY voucherno,voucherdate;
								ELSE
									SELECT voucherid,pettycashvoucher,voucherno,DATE_FORMAT(voucherdate,'%d-%b-%Y') voucherdate,paymentmodeid,paymentmodedescription,posid,posname,
									supplierid,suppliername,invoicenumber,cashbookaccountid,accountcode,accountname,referenceno,`status`,vouchertotal,userid,username 
									FROM `vwpaymentvouchers` WHERE voucherdate BETWEEN $startdate AND $enddate AND paymentmodeid=$paymentmode  AND `status`=$stat  AND `supplierid`=$supplierid AND `pettycashvoucher`=0
									ORDER BY voucherno,voucherdate;
								END IF;
							END;
						END IF;
					END;
				ELSE
					BEGIN
						IF $stat='all' THEN 
							BEGIN
								IF $paymentmode=0 THEN
									SELECT voucherid,pettycashvoucher,voucherno,DATE_FORMAT(voucherdate,'%d-%b-%Y') voucherdate,paymentmodeid,paymentmodedescription,posid,posname,
									supplierid,suppliername,invoicenumber,cashbookaccountid,accountcode,accountname,referenceno,`status`,vouchertotal,userid,username 
									FROM `vwpaymentvouchers` WHERE voucherdate BETWEEN $startdate AND $enddate AND `posid`=$posid  AND `supplierid`=$supplierid AND `pettycashvoucher`=0
									ORDER BY voucherno,voucherdate;
								ELSE
									SELECT voucherid,pettycashvoucher,voucherno,DATE_FORMAT(voucherdate,'%d-%b-%Y') voucherdate,paymentmodeid,paymentmodedescription,posid,posname,
									supplierid,suppliername,invoicenumber,cashbookaccountid,accountcode,accountname,referenceno,`status`,vouchertotal,userid,username 
									FROM `vwpaymentvouchers` WHERE voucherdate BETWEEN $startdate AND $enddate AND paymentmodeid=$paymentmode  AND `posid`=$posid  AND `supplierid`=$supplierid AND `pettycashvoucher`=0
									ORDER BY voucherno,voucherdate;
								END IF;
							END;
						ELSE
							BEGIN
								IF $paymentmode=0 THEN
									SELECT voucherid,pettycashvoucher,voucherno,DATE_FORMAT(voucherdate,'%d-%b-%Y') voucherdate,paymentmodeid,paymentmodedescription,posid,posname,
									supplierid,suppliername,invoicenumber,cashbookaccountid,accountcode,accountname,referenceno,`status`,vouchertotal,userid,username 
									FROM `vwpaymentvouchers` WHERE voucherdate BETWEEN $startdate AND $enddate AND `status`=$stat  AND `posid`=$posid  AND `supplierid`=$supplierid AND `pettycashvoucher`=0
									ORDER BY voucherno,voucherdate;
								ELSE
									SELECT voucherid,pettycashvoucher,voucherno,DATE_FORMAT(voucherdate,'%d-%b-%Y') voucherdate,paymentmodeid,paymentmodedescription,posid,posname,
									supplierid,suppliername,invoicenumber,cashbookaccountid,accountcode,accountname,referenceno,`status`,vouchertotal,userid,username 
									FROM `vwpaymentvouchers` WHERE voucherdate BETWEEN $startdate AND $enddate AND paymentmodeid=$paymentmode  AND `status`=$stat AND `posid`=$posid  AND `supplierid`=$supplierid AND `pettycashvoucher`=0
									ORDER BY voucherno,voucherdate;
								END IF;
							END;
						END IF;
					END;
				end if;
			END;
		end if;
	else
		-- get pettycash vouchers
		IF $supplierid=0 THEN 
			BEGIN
				IF $posid=0 THEN 
					BEGIN
						IF $stat='all' THEN 
							BEGIN
								IF $paymentmode=0 THEN
									SELECT voucherid,pettycashvoucher,voucherno,DATE_FORMAT(voucherdate,'%d-%b-%Y') voucherdate,paymentmodeid,paymentmodedescription,posid,posname,
									supplierid,suppliername,invoicenumber,cashbookaccountid,accountcode,accountname,referenceno,`status`,vouchertotal,userid,username 
									FROM `vwpaymentvouchers` WHERE voucherdate BETWEEN $startdate AND $enddate and `pettycashvoucher`=1
									ORDER BY voucherno,voucherdate;
								ELSE
									SELECT voucherid,pettycashvoucher,voucherno,DATE_FORMAT(voucherdate,'%d-%b-%Y') voucherdate,paymentmodeid,paymentmodedescription,posid,posname,
									supplierid,suppliername,invoicenumber,cashbookaccountid,accountcode,accountname,referenceno,`status`,vouchertotal,userid,username 
									FROM `vwpaymentvouchers` WHERE voucherdate BETWEEN $startdate AND $enddate AND paymentmodeid=$paymentmode  AND `pettycashvoucher`=1
									ORDER BY voucherno,voucherdate;
								END IF;
							END;
						ELSE
							BEGIN
								IF $paymentmode=0 THEN
									SELECT voucherid,pettycashvoucher,voucherno,DATE_FORMAT(voucherdate,'%d-%b-%Y') voucherdate,paymentmodeid,paymentmodedescription,posid,posname,
									supplierid,suppliername,invoicenumber,cashbookaccountid,accountcode,accountname,referenceno,`status`,vouchertotal,userid,username 
									FROM `vwpaymentvouchers` WHERE voucherdate BETWEEN $startdate AND $enddate AND `status`=$stat  AND `pettycashvoucher`=1
									ORDER BY voucherno,voucherdate;
								ELSE
									SELECT voucherid,pettycashvoucher,voucherno,DATE_FORMAT(voucherdate,'%d-%b-%Y') voucherdate,paymentmodeid,paymentmodedescription,posid,posname,
									supplierid,suppliername,invoicenumber,cashbookaccountid,accountcode,accountname,referenceno,`status`,vouchertotal,userid,username 
									FROM `vwpaymentvouchers` WHERE voucherdate BETWEEN $startdate AND $enddate AND paymentmodeid=$paymentmode  AND `status`=$stat  AND `pettycashvoucher`=1
									ORDER BY voucherno,voucherdate;
								END IF;
							END;
						END IF;
					END;
				ELSE
					BEGIN
						IF $stat='all' THEN 
							BEGIN
								IF $paymentmode=0 THEN
									SELECT voucherid,pettycashvoucher,voucherno,DATE_FORMAT(voucherdate,'%d-%b-%Y') voucherdate,paymentmodeid,paymentmodedescription,posid,posname,
									supplierid,suppliername,invoicenumber,cashbookaccountid,accountcode,accountname,referenceno,`status`,vouchertotal,userid,username 
									FROM `vwpaymentvouchers` WHERE voucherdate BETWEEN $startdate AND $enddate AND `posid`=$posid AND `pettycashvoucher`=1
									ORDER BY voucherno,voucherdate;
								ELSE
									SELECT voucherid,pettycashvoucher,voucherno,DATE_FORMAT(voucherdate,'%d-%b-%Y') voucherdate,paymentmodeid,paymentmodedescription,posid,posname,
									supplierid,suppliername,invoicenumber,cashbookaccountid,accountcode,accountname,referenceno,`status`,vouchertotal,userid,username 
									FROM `vwpaymentvouchers` WHERE voucherdate BETWEEN $startdate AND $enddate AND paymentmodeid=$paymentmode  AND `posid`=$posid AND `pettycashvoucher`=1
									ORDER BY voucherno,voucherdate;
								END IF;
							END;
						ELSE
							BEGIN
								IF $paymentmode=0 THEN
									SELECT voucherid,pettycashvoucher,voucherno,DATE_FORMAT(voucherdate,'%d-%b-%Y') voucherdate,paymentmodeid,paymentmodedescription,posid,posname,
									supplierid,suppliername,invoicenumber,cashbookaccountid,accountcode,accountname,referenceno,`status`,vouchertotal,userid,username 
									FROM `vwpaymentvouchers` WHERE voucherdate BETWEEN $startdate AND $enddate AND `status`=$stat  AND `posid`=$posid AND `pettycashvoucher`=1
									ORDER BY voucherno,voucherdate;
								ELSE
									SELECT voucherid,pettycashvoucher,voucherno,DATE_FORMAT(voucherdate,'%d-%b-%Y') voucherdate,paymentmodeid,paymentmodedescription,posid,posname,
									supplierid,suppliername,invoicenumber,cashbookaccountid,accountcode,accountname,referenceno,`status`,vouchertotal,userid,username 
									FROM `vwpaymentvouchers` WHERE voucherdate BETWEEN $startdate AND $enddate AND paymentmodeid=$paymentmode  AND `status`=$stat AND `posid`=$posid  AND `pettycashvoucher`=1
									ORDER BY voucherno,voucherdate;
								END IF;
							END;
						END IF;
					END;
				END IF;
			END;
		ELSE
			BEGIN
				IF $posid=0 THEN 
					BEGIN
						IF $stat='all' THEN 
							BEGIN
								IF $paymentmode=0 THEN
									SELECT voucherid,pettycashvoucher,voucherno,DATE_FORMAT(voucherdate,'%d-%b-%Y') voucherdate,paymentmodeid,paymentmodedescription,posid,posname,
									supplierid,suppliername,invoicenumber,cashbookaccountid,accountcode,accountname,referenceno,`status`,vouchertotal,userid,username 
									FROM `vwpaymentvouchers`  WHERE voucherdate BETWEEN $startdate AND $enddate AND `supplierid`=$supplierid AND `pettycashvoucher`=1
									ORDER BY voucherno,voucherdate;
								ELSE
									SELECT voucherid,pettycashvoucher,voucherno,DATE_FORMAT(voucherdate,'%d-%b-%Y') voucherdate,paymentmodeid,paymentmodedescription,posid,posname,
									supplierid,suppliername,invoicenumber,cashbookaccountid,accountcode,accountname,referenceno,`status`,vouchertotal,userid,username 
									FROM `vwpaymentvouchers`  WHERE voucherdate BETWEEN $startdate AND $enddate AND paymentmodeid=$paymentmode  AND `supplierid`=$supplierid AND `pettycashvoucher`=1
									ORDER BY voucherno,voucherdate;
								END IF;
							END;
						ELSE
							BEGIN
								IF $paymentmode=0 THEN
									SELECT voucherid,pettycashvoucher,voucherno,DATE_FORMAT(voucherdate,'%d-%b-%Y') voucherdate,paymentmodeid,paymentmodedescription,posid,posname,
									supplierid,suppliername,invoicenumber,cashbookaccountid,accountcode,accountname,referenceno,`status`,vouchertotal,userid,username 
									FROM `vwpaymentvouchers` WHERE voucherdate BETWEEN $startdate AND $enddate AND `status`=$stat  AND `supplierid`=$supplierid AND `pettycashvoucher`=1
									ORDER BY voucherno,voucherdate;
								ELSE
									SELECT voucherid,pettycashvoucher,voucherno,DATE_FORMAT(voucherdate,'%d-%b-%Y') voucherdate,paymentmodeid,paymentmodedescription,posid,posname,
									supplierid,suppliername,invoicenumber,cashbookaccountid,accountcode,accountname,referenceno,`status`,vouchertotal,userid,username 
									FROM `vwpaymentvouchers` WHERE voucherdate BETWEEN $startdate AND $enddate AND paymentmodeid=$paymentmode  AND `status`=$stat  AND `supplierid`=$supplierid AND `pettycashvoucher`=1
									ORDER BY voucherno,voucherdate;
								END IF;
							END;
						END IF;
					END;
				ELSE
					BEGIN
						IF $stat='all' THEN 
							BEGIN
								IF $paymentmode=0 THEN
									SELECT voucherid,pettycashvoucher,voucherno,DATE_FORMAT(voucherdate,'%d-%b-%Y') voucherdate,paymentmodeid,paymentmodedescription,posid,posname,
									supplierid,suppliername,invoicenumber,cashbookaccountid,accountcode,accountname,referenceno,`status`,vouchertotal,userid,username 
									FROM `vwpaymentvouchers` WHERE voucherdate BETWEEN $startdate AND $enddate AND `posid`=$posid  AND `supplierid`=$supplierid AND `pettycashvoucher`=1
									ORDER BY voucherno,voucherdate;
								ELSE
									SELECT voucherid,pettycashvoucher,voucherno,DATE_FORMAT(voucherdate,'%d-%b-%Y') voucherdate,paymentmodeid,paymentmodedescription,posid,posname,
									supplierid,suppliername,invoicenumber,cashbookaccountid,accountcode,accountname,referenceno,`status`,vouchertotal,userid,username 
									FROM `vwpaymentvouchers`  WHERE voucherdate BETWEEN $startdate AND $enddate AND paymentmodeid=$paymentmode  AND `posid`=$posid  AND `supplierid`=$supplierid AND `pettycashvoucher`=1
									ORDER BY voucherno,voucherdate;
								END IF;
							END;
						ELSE
							BEGIN
								IF $paymentmode=0 THEN
									SELECT voucherid,pettycashvoucher,voucherno,DATE_FORMAT(voucherdate,'%d-%b-%Y') voucherdate,paymentmodeid,paymentmodedescription,posid,posname,
									supplierid,suppliername,invoicenumber,cashbookaccountid,accountcode,accountname,referenceno,`status`,vouchertotal,userid,username 
									FROM `vwpaymentvouchers` WHERE voucherdate BETWEEN $startdate AND $enddate AND `status`=$stat  AND `posid`=$posid  AND `supplierid`=$supplierid AND `pettycashvoucher`=1
									ORDER BY voucherno,voucherdate;
								ELSE
									SELECT voucherid,pettycashvoucher,voucherno,DATE_FORMAT(voucherdate,'%d-%b-%Y') voucherdate,paymentmodeid,paymentmodedescription,posid,posname,
									supplierid,suppliername,invoicenumber,cashbookaccountid,accountcode,accountname,referenceno,`status`,vouchertotal,userid,username 
									FROM `vwpaymentvouchers`  WHERE voucherdate BETWEEN $startdate AND $enddate AND paymentmodeid=$paymentmode  AND `status`=$stat AND `posid`=$posid  AND `supplierid`=$supplierid AND `pettycashvoucher`=1
									ORDER BY voucherno,voucherdate;
								END IF;
							END;
						END IF;
					END;
				END IF;
			END;
		END IF;
	end if;
    END */$$
DELIMITER ;

/* Procedure structure for procedure `spgetpaymentvoucherstatus` */

/*!50003 DROP PROCEDURE IF EXISTS  `spgetpaymentvoucherstatus` */;

DELIMITER $$

/*!50003 CREATE DEFINER=`root`@`localhost` PROCEDURE `spgetpaymentvoucherstatus`($id int)
BEGIN
	select `status` from `paymentvouchers` where `id`=$id;
    END */$$
DELIMITER ;

/* Procedure structure for procedure `spgetpoitemsundelivered` */

/*!50003 DROP PROCEDURE IF EXISTS  `spgetpoitemsundelivered` */;

DELIMITER $$

/*!50003 CREATE DEFINER=`root`@`localhost` PROCEDURE `spgetpoitemsundelivered`($purchaseorderid varchar(50))
BEGIN
	SELECT p.`purchaseorderno`, pd.`itemcode`,`itemname`,`unitprice`,`quanity` AS ordered,ifnull(r.serializable,0) `serializable`,
	`quanity`-IFNULL((SELECT SUM(quantity) FROM `goodsreceiveddetails` WHERE `purchaseorderno`=p.`purchaseorderno` AND `itemcode`=pd.itemcode),0) AS undelivered
	FROM `purchaseorders` p, `purchaseorderdetails` pd, `products` r
	WHERE p.`id`=pd.`purchaseorderid` AND pd.`itemcode`=r.productid 
	AND p.`purchaseorderno`=$purchaseorderid
	AND `quanity`-IFNULL((SELECT SUM(quantity) FROM `goodsreceiveddetails` WHERE `purchaseorderno`=p.`purchaseorderno` AND `itemcode`=pd.itemcode),0) >0 ;
    END */$$
DELIMITER ;

/* Procedure structure for procedure `spgetpos` */

/*!50003 DROP PROCEDURE IF EXISTS  `spgetpos` */;

DELIMITER $$

/*!50003 CREATE DEFINER=`root`@`localhost` PROCEDURE `spgetpos`()
BEGIN
	select p.*, concat(firstname,' ',middlename,' ',lastname) as addedbyname 
	from `pointsofsale` p, `user` u where u.id=p.addedby and `deleted`=0 order by `posname`;
    END */$$
DELIMITER ;

/* Procedure structure for procedure `spgetposdetails` */

/*!50003 DROP PROCEDURE IF EXISTS  `spgetposdetails` */;

DELIMITER $$

/*!50003 CREATE DEFINER=`root`@`localhost` PROCEDURE `spgetposdetails`($id numeric)
BEGIN
	select * from `pointsofsale` where `id`=$id;
    END */$$
DELIMITER ;

/* Procedure structure for procedure `spgetposreceipts` */

/*!50003 DROP PROCEDURE IF EXISTS  `spgetposreceipts` */;

DELIMITER $$

/*!50003 CREATE DEFINER=`root`@`localhost` PROCEDURE `spgetposreceipts`($startdate datetime,$enddate datetime,$posid int, $modeofpay int)
BEGIN
	declare modeofpayname varchar(50) default "";
	if $modeofpay>0 then
		set modeofpayname=(select `description` from `paymentmethods` where `id`=$modeofpay);
	end if;
	
	if $posid=0 then 
		if $modeofpay=0 then
			SELECT s.`id`,`posname` ,`receiptno` , DATE_FORMAT(`receiptdate`,'%d-%b-%Y') AS `date`,`customername`,
			GROUP_CONCAT(DISTINCT m.description ORDER BY m.description) AS description, 
			GROUP_CONCAT( DISTINCT CASE WHEN p.`reference`='' THEN ' - ' ELSE p.reference END) reference, 
			CASE WHEN s.`deleted`=0 THEN 'Valid' ELSE 'Cancelled' END AS `status`,
			SUM((`quantity`*`unitprice`)-(`quantity`*`discount`)) AS `amount`,
			(SELECT CONCAT (`firstname`,' ',`middlename`) FROM `user` u WHERE u.id=s.`addedby`) AS `addedby`
			FROM `possales` s, `possalesdetails` sd,`customers` c, `pointsofsale` o, `possalespayments` p, `paymentmethods` m
			WHERE s.`id`=sd.`possaleid`  AND s.`customerid`=c.`customerid` AND s.`pointofsaleid`=o.`id` AND p.`possaleid`=s.`id` AND m.`id`=p.`paymentmode`
			AND DATE_FORMAT(`s`.`receiptdate`,'%Y-%m-%d') BETWEEN $startdate AND $enddate
			GROUP BY  s.id,`receiptno`, DATE_FORMAT(`receiptdate`,'%d-%b-%Y') , `customername`,s.deleted, `posname`,s.`addedby`
			ORDER BY s.id DESC;
		else
			SELECT s.`id`,`posname` ,`receiptno` , DATE_FORMAT(`receiptdate`,'%d-%b-%Y') AS `date`,`customername`,
			GROUP_CONCAT(DISTINCT m.description ORDER BY m.description) AS description, 
			GROUP_CONCAT( DISTINCT CASE WHEN p.`reference`='' THEN ' - ' ELSE p.reference END) reference, 
			CASE WHEN s.`deleted`=0 THEN 'Valid' ELSE 'Cancelled' END AS `status`,
			SUM((`quantity`*`unitprice`)-(`quantity`*`discount`)) AS `amount`,
			(SELECT CONCAT (`firstname`,' ',`middlename`) FROM `user` u WHERE u.id=s.`addedby`) AS `addedby`
			FROM `possales` s, `possalesdetails` sd,`customers` c, `pointsofsale` o, `possalespayments` p, `paymentmethods` m
			WHERE s.`id`=sd.`possaleid`  AND s.`customerid`=c.`customerid` AND s.`pointofsaleid`=o.`id` AND p.`possaleid`=s.`id` AND m.`id`=p.`paymentmode`
			AND DATE_FORMAT(`s`.`receiptdate`,'%Y-%m-%d') BETWEEN $startdate AND $enddate
			GROUP BY  s.id,`receiptno`, DATE_FORMAT(`receiptdate`,'%d-%b-%Y') , `customername`,s.deleted, `posname`,s.`addedby`
			having description like CONCAT('%',modeofpayname,'%')
			ORDER BY s.id DESC;
		end if;
	else	
	
		IF $modeofpay=0 THEN
			SELECT s.`id`,`posname` ,`receiptno` , DATE_FORMAT(`receiptdate`,'%d-%b-%Y') AS `date`,`customername`,
			GROUP_CONCAT(DISTINCT m.description ORDER BY m.description) AS description, 
			GROUP_CONCAT( DISTINCT CASE WHEN p.`reference`='' THEN ' - ' ELSE p.reference END) reference, 
			CASE WHEN s.`deleted`=0 THEN 'Valid' ELSE 'Cancelled' END AS `status`,
			SUM((`quantity`*`unitprice`)-(`quantity`*`discount`)) AS `amount`,
			(SELECT CONCAT (`firstname`,' ',`middlename`) FROM `user` u WHERE u.id=s.`addedby`) AS `addedby`
			FROM `possales` s, `possalesdetails` sd,`customers` c, `pointsofsale` o, `possalespayments` p, `paymentmethods` m
			WHERE s.`id`=sd.`possaleid`  AND s.`customerid`=c.`customerid` AND s.`pointofsaleid`=o.`id` AND p.`possaleid`=s.`id` AND m.`id`=p.`paymentmode`
			AND DATE_FORMAT(`s`.`receiptdate`,'%Y-%m-%d') BETWEEN $startdate AND $enddate AND s.`pointofsaleid`=$posid
			GROUP BY  s.id,`receiptno`, DATE_FORMAT(`receiptdate`,'%d-%b-%Y') , `customername`,s.deleted, `posname`,s.`addedby`
			ORDER BY s.id DESC;
		ELSE
			SELECT s.`id`,`posname` ,`receiptno` , DATE_FORMAT(`receiptdate`,'%d-%b-%Y') AS `date`,`customername`,
			GROUP_CONCAT(DISTINCT m.description ORDER BY m.description) AS description, 
			GROUP_CONCAT( DISTINCT CASE WHEN p.`reference`='' THEN ' - ' ELSE p.reference END) reference, 
			CASE WHEN s.`deleted`=0 THEN 'Valid' ELSE 'Cancelled' END AS `status`,
			SUM((`quantity`*`unitprice`)-(`quantity`*`discount`)) AS `amount`,
			(SELECT CONCAT (`firstname`,' ',`middlename`) FROM `user` u WHERE u.id=s.`addedby`) AS `addedby`
			FROM `possales` s, `possalesdetails` sd,`customers` c, `pointsofsale` o, `possalespayments` p, `paymentmethods` m
			WHERE s.`id`=sd.`possaleid`  AND s.`customerid`=c.`customerid` AND s.`pointofsaleid`=o.`id` AND p.`possaleid`=s.`id` AND m.`id`=p.`paymentmode`
			AND DATE_FORMAT(`s`.`receiptdate`,'%Y-%m-%d') BETWEEN $startdate AND $enddate AND s.`pointofsaleid`=$posid
			GROUP BY  s.id,`receiptno`, DATE_FORMAT(`receiptdate`,'%d-%b-%Y') , `customername`,s.deleted, `posname`,s.`addedby`
			HAVING description LIKE CONCAT('%',modeofpayname,'%')
			ORDER BY s.id DESC;
		END IF;
	end if;
    END */$$
DELIMITER ;

/* Procedure structure for procedure `spgetposreceiptsforbanking` */

/*!50003 DROP PROCEDURE IF EXISTS  `spgetposreceiptsforbanking` */;

DELIMITER $$

/*!50003 CREATE DEFINER=`root`@`localhost` PROCEDURE `spgetposreceiptsforbanking`($startdate datetime,$enddate datetime,$posid int,$modeofpay int)
BEGIN
	DECLARE $modeofpayname VARCHAR(50) DEFAULT "";
	IF $modeofpay>0 THEN
		SET $modeofpayname=(SELECT `description` FROM `paymentmethods` WHERE `id`=$modeofpay);
	END IF;
	
	if $posid=0 then
		begin
			if $modeofpay=0 then
				SELECT id,pointofsale AS posname, receiptno,DATE_FORMAT(`transactiondate`,'%d-%b-%Y') `date`, paymentmode AS `description`, paymentmodereference reference, receipttotal amount, 
				userfullname `addedby`, customername
				FROM `vwsalessummary` where DATE_FORMAT(`transactiondate`,'%Y-%m-%d') BETWEEN $startdate AND $enddate and banked=0
				order by DATE_FORMAT(`transactiondate`,'%d-%b-%Y') , receiptno;
			else
				SELECT id,pointofsale AS posname, receiptno,DATE_FORMAT(`transactiondate`,'%d-%b-%Y') `date`, paymentmode AS `description`, paymentmodereference reference, receipttotal amount, 
				userfullname `addedby`, customername
				FROM `vwsalessummary` WHERE DATE_FORMAT(`transactiondate`,'%Y-%m-%d') BETWEEN $startdate AND $enddate and paymentmode=$modeofpayname and banked=0
				ORDER BY DATE_FORMAT(`transactiondate`,'%d-%b-%Y') , receiptno;
			end if;
		end;
	else
		begin
			IF $modeofpay=0 THEN
				SELECT id,pointofsale AS posname, receiptno,DATE_FORMAT(`transactiondate`,'%d-%b-%Y') `date`, paymentmode AS `description`, paymentmodereference reference, receipttotal amount, 
				userfullname `addedby`, customername
				FROM `vwsalessummary` WHERE DATE_FORMAT(`transactiondate`,'%Y-%m-%d') BETWEEN $startdate AND $enddate and posid=$posid and banked=0
				ORDER BY DATE_FORMAT(`transactiondate`,'%d-%b-%Y') , receiptno;
			ELSE
				SELECT id,pointofsale AS posname, receiptno,DATE_FORMAT(`transactiondate`,'%d-%b-%Y') `date`, paymentmode AS `description`, paymentmodereference reference, receipttotal amount, 
				userfullname `addedby`, customername
				FROM `vwsalessummary` WHERE DATE_FORMAT(`transactiondate`,'%Y-%m-%d') BETWEEN $startdate AND $enddate AND paymentmode=$modeofpayname  AND posid=$posid and banked=0
				ORDER BY DATE_FORMAT(`transactiondate`,'%d-%b-%Y') , receiptno;
			END IF;
		end;
	end if;
		
    END */$$
DELIMITER ;

/* Procedure structure for procedure `spgetpossalespayments` */

/*!50003 DROP PROCEDURE IF EXISTS  `spgetpossalespayments` */;

DELIMITER $$

/*!50003 CREATE DEFINER=`root`@`localhost` PROCEDURE `spgetpossalespayments`($receiptno varchar(50))
BEGIN
	SELECT `description` AS paymentmethod, case when `reference`='' then '-' else `reference` end as reference,`amount` 
	FROM `possalespayments` p, `paymentmethods` m, `possales` ps
	WHERE ps.`id`=p.`possaleid` AND p.`paymentmode`=m.`id` AND `receiptno`=$receiptno;
    END */$$
DELIMITER ;

/* Procedure structure for procedure `spgetposstockbalanceasatdate` */

/*!50003 DROP PROCEDURE IF EXISTS  `spgetposstockbalanceasatdate` */;

DELIMITER $$

/*!50003 CREATE DEFINER=`root`@`localhost` PROCEDURE `spgetposstockbalanceasatdate`($asatdate datetime,$posid int)
BEGIN	
	
	SET @startdate= (SELECT DATE_SUB($asatdate, INTERVAL 1 DAY));
	set @basedate=date_format(IFNULL((SELECT `stockcutoffdate` FROM `startingparameters`),NOW()),'%Y-%m-%d'); -- This is the cut off date 
	SELECT `itemcode`,`itemname`,`buyingprice`,`sellingprice`, 
	-- Compute opening Balance
	-- Transfers In
	IFNULL((SELECT SUM(`quantity`) FROM `stocktransfer` s, `stocktransferdetails` sd WHERE s.`id`=sd.`transferid` AND `destinationtype`='pos' AND `destinationid`=$posid AND 
	DATE_FORMAT(`dateadded`,'%Y-%m-%d')>=@basedate and DATE_FORMAT(`dateadded`,'%Y-%m-%d')<=@startdate AND sd.`itemcode`=p.`productid`),0) -
	-- Less Transfers Out
	IFNULL((SELECT SUM(`quantity`) FROM `stocktransfer` s, `stocktransferdetails` sd WHERE s.`id`=sd.`transferid` AND `sourcetype`='pos' AND `sourceid`=$posid AND 
	DATE_FORMAT(`dateadded`,'%Y-%m-%d')>=@basedate AND  DATE_FORMAT(`dateadded`,'%Y-%m-%d')<=@startdate AND sd.`itemcode`=p.`productid`),0) -
	-- Less Sales 
	IFNULL((SELECT SUM(quantity) FROM `possales` s,`possalesdetails` sd WHERE s.`id`=sd.`possaleid` AND
	DATE_FORMAT(`receiptdate`,'%Y-%m-%d')>=@basedate AND  DATE_FORMAT(`receiptdate`,'%Y-%m-%d')<=@startdate
	AND s.`pointofsaleid`=$posid AND s.deleted=0 AND sd.`itemcode`=p.`productid` and ifnull(`deleted`,0)=0),0) AS `openingbalance`,
	-- Compute Day's Transfers and Sales
	IFNULL((SELECT SUM(`quantity`) FROM `stocktransfer` s, `stocktransferdetails` sd WHERE s.`id`=sd.`transferid` AND `destinationtype`='pos' AND `destinationid`=$posid AND 
	DATE_FORMAT(`dateadded`,'%Y-%m-%d')>=@basedate and DATE_FORMAT(`dateadded`,'%Y-%m-%d')=$asatdate AND sd.`itemcode`=p.`productid`),0) AS transfersin,
	IFNULL((SELECT SUM(`quantity`) FROM `stocktransfer` s, `stocktransferdetails` sd WHERE s.`id`=sd.`transferid` AND `sourcetype`='pos' AND `sourceid`=$posid AND 
	DATE_FORMAT(`dateadded`,'%Y-%m-%d')>=@basedate and DATE_FORMAT(`dateadded`,'%Y-%m-%d')=$asatdate AND sd.`itemcode`=p.`productid`),0) AS transfersout,
	IFNULL((SELECT SUM(quantity) FROM `possales` s,`possalesdetails` sd WHERE s.`id`=sd.`possaleid` AND 
	DATE_FORMAT(`receiptdate`,'%Y-%m-%d')>=@basedate and DATE_FORMAT(`receiptdate`,'%Y-%m-%d')=$asatdate
	AND s.`pointofsaleid`=$posid AND s.deleted=0 AND sd.`itemcode`=p.`productid` AND IFNULL(`deleted`,0)=0),0) AS sales,
	-- Compute closing balance
	-- Previous Day's summary
	IFNULL((SELECT SUM(`quantity`) FROM `stocktransfer` s, `stocktransferdetails` sd WHERE s.`id`=sd.`transferid` AND `destinationtype`='pos' AND `destinationid`=$posid AND 
	DATE_FORMAT(`dateadded`,'%Y-%m-%d')>=@basedate and DATE_FORMAT(`dateadded`,'%Y-%m-%d')<=@startdate AND sd.`itemcode`=p.`productid`),0) -
	-- Less Transfers Out
	IFNULL((SELECT SUM(`quantity`) FROM `stocktransfer` s, `stocktransferdetails` sd WHERE s.`id`=sd.`transferid` AND `sourcetype`='pos' AND `sourceid`=$posid AND 
	DATE_FORMAT(`dateadded`,'%Y-%m-%d')>=@basedate and DATE_FORMAT(`dateadded`,'%Y-%m-%d')<=@startdate AND sd.`itemcode`=p.`productid`),0) -
	-- Less Sales 
	IFNULL((SELECT SUM(quantity) FROM `possales` s,`possalesdetails` sd WHERE s.`id`=sd.`possaleid` AND 
	DATE_FORMAT(`receiptdate`,'%Y-%m-%d')>=@basedate and DATE_FORMAT(`receiptdate`,'%Y-%m-%d')<=@startdate
	AND s.`pointofsaleid`=$posid AND s.deleted=0 AND sd.`itemcode`=p.`productid` AND IFNULL(`deleted`,0)=0),0)  +
	-- Add Todays Transactions
	-- Compute Day's Transfers and Sales
	IFNULL((SELECT SUM(`quantity`) FROM `stocktransfer` s, `stocktransferdetails` sd WHERE s.`id`=sd.`transferid` AND `destinationtype`='pos' AND `destinationid`=$posid AND 
	DATE_FORMAT(`dateadded`,'%Y-%m-%d')=$asatdate AND sd.`itemcode`=p.`productid`),0) -
	IFNULL((SELECT SUM(`quantity`) FROM `stocktransfer` s, `stocktransferdetails` sd WHERE s.`id`=sd.`transferid` AND `sourcetype`='pos' AND `sourceid`=$posid AND 
	DATE_FORMAT(`dateadded`,'%Y-%m-%d')=$asatdate AND sd.`itemcode`=p.`productid`),0) -
	IFNULL((SELECT SUM(quantity) FROM `possales` s,`possalesdetails` sd WHERE s.`id`=sd.`possaleid` AND DATE_FORMAT(`receiptdate`,'%Y-%m-%d')=$asatdate
	AND s.`pointofsaleid`=$posid AND s.deleted=0 AND sd.`itemcode`=p.`productid` AND IFNULL(`deleted`,0)=0),0) AS `closingbalance`
	FROM `categories` c, `products` p
	WHERE p.`categoryid`=c.`categoryid` AND 
	-- Compute closing balance
	-- Previous Day's summary
	IFNULL((SELECT SUM(`quantity`) FROM `stocktransfer` s, `stocktransferdetails` sd WHERE s.`id`=sd.`transferid` AND `destinationtype`='pos' AND `destinationid`=$posid AND 
	DATE_FORMAT(`dateadded`,'%Y-%m-%d')>=@basedate AND DATE_FORMAT(`dateadded`,'%Y-%m-%d')<=@startdate AND sd.`itemcode`=p.`productid`),0) -
	-- Less Transfers Out
	IFNULL((SELECT SUM(`quantity`) FROM `stocktransfer` s, `stocktransferdetails` sd WHERE s.`id`=sd.`transferid` AND `sourcetype`='pos' AND `sourceid`=$posid AND 
	DATE_FORMAT(`dateadded`,'%Y-%m-%d')>=@basedate AND DATE_FORMAT(`dateadded`,'%Y-%m-%d')<=@startdate AND sd.`itemcode`=p.`productid`),0) -
	-- Less Sales 
	IFNULL((SELECT SUM(quantity) FROM `possales` s,`possalesdetails` sd WHERE s.`id`=sd.`possaleid` AND 
	DATE_FORMAT(`receiptdate`,'%Y-%m-%d')>=@basedate AND DATE_FORMAT(`receiptdate`,'%Y-%m-%d')<=@startdate
	AND s.`pointofsaleid`=$posid AND s.deleted=0 AND sd.`itemcode`=p.`productid` AND IFNULL(`deleted`,0)=0),0)  +
	-- Add Todays Transactions
	-- Compute Day's Transfers and Sales
	IFNULL((SELECT SUM(`quantity`) FROM `stocktransfer` s, `stocktransferdetails` sd WHERE s.`id`=sd.`transferid` AND `destinationtype`='pos' AND `destinationid`=$posid AND 
	DATE_FORMAT(`dateadded`,'%Y-%m-%d')=$asatdate AND sd.`itemcode`=p.`productid`),0) -
	IFNULL((SELECT SUM(`quantity`) FROM `stocktransfer` s, `stocktransferdetails` sd WHERE s.`id`=sd.`transferid` AND `sourcetype`='pos' AND `sourceid`=$posid AND 
	DATE_FORMAT(`dateadded`,'%Y-%m-%d')=$asatdate AND sd.`itemcode`=p.`productid`),0) -
	IFNULL((SELECT SUM(quantity) FROM `possales` s,`possalesdetails` sd WHERE s.`id`=sd.`possaleid` AND DATE_FORMAT(`receiptdate`,'%Y-%m-%d')=$asatdate
	AND s.`pointofsaleid`=$posid AND s.deleted=0 AND sd.`itemcode`=p.`productid` AND IFNULL(`deleted`,0)=0),0) !=0
	ORDER BY itemname, p.itemcode;
    END */$$
DELIMITER ;

/* Procedure structure for procedure `spgetproductbycategory` */

/*!50003 DROP PROCEDURE IF EXISTS  `spgetproductbycategory` */;

DELIMITER $$

/*!50003 CREATE DEFINER=`root`@`localhost` PROCEDURE `spgetproductbycategory`($categoryid int)
BEGIN
	if $categoryid=0 then
		select * from `products` where `deleted`=0 order by `itemname`;
	else
		select * from `products` where `deleted`=0 and `categoryid`=$categoryid order by `itemname`;
	end if;
    END */$$
DELIMITER ;

/* Procedure structure for procedure `spgetproductdetails` */

/*!50003 DROP PROCEDURE IF EXISTS  `spgetproductdetails` */;

DELIMITER $$

/*!50003 CREATE DEFINER=`root`@`localhost` PROCEDURE `spgetproductdetails`($itemcode varchar(50),$customerid numeric,$storeid int)
BEGIN
		if $customerid=0 then
			select p.*, `fn_getitemstorebalance`(p.productid ,$storeid)itembalance,0 as discount  from `products` p where `itemcode`=$itemcode and p.deleted=0;
		else
			SELECT p.*,`fn_getitemstorebalance`(p.productid ,$storeid)itembalance, 
			IFNULL((SELECT CASE WHEN `percentage`=1 THEN (`value`/100)*`sellingprice` ELSE `value` END 
			FROM customercategories r INNER JOIN  customerpricematrix m ON m.`customercategoryid`=r.`id` 
			INNER JOIN `customers` c ON c.`catid`=r.`id` WHERE p.`productid`=m.`itemid` AND c.`customerid`=$customerid)
			,IFNULL((SELECT CASE WHEN percentage=1 THEN (`discount`/100)*`sellingprice` ELSE `discount` END FROM `customerdiscountsettings` cs
			WHERE cs.`customerid`=$customerid AND cs.`productid`=p.`productid` AND IFNULL(`deleted`,0)=0 -- AND DATE_FORMAT(`expirydate`,'%d-%b-%Y')>=DATE_FORMAT(NOW(),'%d-%b-%Y') 
			ORDER BY `expirydate` DESC LIMIT 1),0)) AS discount 
			FROM products p WHERE p.`itemcode`=$itemcode and p.deleted=0;
		end if;
	END */$$
DELIMITER ;

/* Procedure structure for procedure `spgetproductdiscountmatrix` */

/*!50003 DROP PROCEDURE IF EXISTS  `spgetproductdiscountmatrix` */;

DELIMITER $$

/*!50003 CREATE DEFINER=`root`@`localhost` PROCEDURE `spgetproductdiscountmatrix`($itemcode varchar(50))
BEGIN
	select c.`id` as customercategoryid, `description` as customercategory, `percentage`,`value` 
	from `customerpricematrix` m,`customercategories` c, `products` p
	where c.`id`=m.`customercategoryid` and p.`productid`=m.`itemid` and p.`itemcode`=$itemcode;
    END */$$
DELIMITER ;

/* Procedure structure for procedure `spgetprofitabilityreport` */

/*!50003 DROP PROCEDURE IF EXISTS  `spgetprofitabilityreport` */;

DELIMITER $$

/*!50003 CREATE PROCEDURE `spgetprofitabilityreport`($branchid INT, $startdate VARCHAR(50), $enddate VARCHAR(50), $posid INT)
BEGIN
	IF $posid = 0 THEN 
		SELECT m.`itemcode`, `itemname`, FORMAT(`buyingprice`, 2) AS `Buying Price`, FORMAT(AVG(`unitprice`), 2) AS sellingprice, FORMAT(SUM(`quantity`), 2) AS unitssold, 
		FORMAT(SUM(`buyingprice` * `quantity`), 2) AS `Total Purchases`, FORMAT(SUM((`unitprice` - IFNULL(discount, 0)) * `quantity`), 2) AS `Total Sales`,
		FORMAT((SUM((`unitprice` - IFNULL(discount, 0)) * `quantity`)) - (`buyingprice` * SUM(`quantity`)), 2) AS Margin
		FROM `products` m, `possales` p, `possalesdetails` pd
		WHERE m.`productid` = pd.`itemcode` AND pd.`possaleid` = p.`possaleid` AND p.`branchid` = $branchid AND DATE_FORMAT(p.`receiptdate`, '%Y-%m-%d') BETWEEN $startdate AND $enddate
		AND IFNULL(p.`deleted`, 0) = 0
		GROUP BY `itemcode`, `itemname`, `buyingprice`
		UNION 
		SELECT 'TOTAL: ' AS itemcode, '' AS itemname,
		FORMAT(AVG(`buyingprice`), 2) AS `Buying Price`, FORMAT(AVG(`unitprice`), 2) AS sellingprice, FORMAT(SUM(`quantity`), 2) AS unitssold, 
		FORMAT(SUM(`buyingprice` * `quantity`), 2) AS `Total Purchases`, 
		FORMAT(SUM(`quantity` * (`unitprice` - IFNULL(discount, 0))), 2) AS `Total Sales`,
		FORMAT(SUM((`unitprice` - IFNULL(discount, 0)) * `quantity`) - SUM(`buyingprice` * `quantity`), 2) AS Margin
		FROM `products` m, `possales` p, `possalesdetails` pd
		WHERE m.`productid` = pd.`itemcode` AND pd.`possaleid` = p.`possaleid` AND p.`branchid` = $branchid AND DATE_FORMAT(p.`receiptdate`, '%Y-%m-%d') BETWEEN $startdate AND $enddate
		AND IFNULL(p.`deleted`, 0) = 0
		;
	ELSE
		SELECT m.`itemcode`, `itemname`, FORMAT(`buyingprice`, 2) AS `Buying Price`, FORMAT(AVG(`unitprice`), 2) AS sellingprice, FORMAT(SUM(`quantity`), 2) AS unitssold, 
		FORMAT(SUM(`buyingprice` * `quantity`), 2) AS `Total Purchases`, FORMAT(SUM((`unitprice` - IFNULL(discount, 0)) * `quantity`), 2) AS `Total Sales`,
		FORMAT((SUM((`unitprice` - IFNULL(discount, 0)) * `quantity`)) - (`buyingprice` * SUM(`quantity`)), 2) AS Margin
		FROM `products` m, `possales` p, `possalesdetails` pd
		WHERE m.`productid` = pd.`itemcode` AND pd.`possaleid` = p.`possaleid` AND p.`branchid` = $branchid
		AND DATE_FORMAT(p.`receiptdate`, '%Y-%m-%d') BETWEEN $startdate AND $enddate AND `pointofsaleid` = $posid
		AND IFNULL(p.`deleted`, 0) = 0
		GROUP BY `itemcode`, `itemname`, `buyingprice`
		UNION 
		SELECT 'TOTAL: ' AS itemcode, '' AS itemname,
		FORMAT(AVG(`buyingprice`), 2) AS `Buying Price`, FORMAT(AVG(`unitprice`), 2) AS sellingprice, FORMAT(SUM(`quantity`), 2) AS unitssold, 
		FORMAT(SUM(`buyingprice` * `quantity`), 2) AS `Total Purchases`, 
		FORMAT(SUM(`quantity` * (`unitprice` - IFNULL(discount, 0))), 2) AS `Total Sales`,
		FORMAT(SUM((`unitprice` - IFNULL(discount, 0)) * `quantity`) - SUM(`buyingprice` * `quantity`), 2) AS Margin
		FROM `products` m, `possales` p, `possalesdetails` pd
		WHERE m.`productid` = pd.`itemcode` AND pd.`possaleid` = p.`possaleid` AND p.`branchid` = $branchid AND DATE_FORMAT(p.`receiptdate`, '%Y-%m-%d') BETWEEN $startdate AND $enddate 
		AND IFNULL(p.`deleted`, 0) = 0
		AND `pointofsaleid` = $posid 
		;
	END IF;
    END */$$
DELIMITER ;

/* Procedure structure for procedure `spgetprofitandlossaccount` */

/*!50003 DROP PROCEDURE IF EXISTS  `spgetprofitandlossaccount` */;

DELIMITER $$

/*!50003 CREATE DEFINER=`root`@`localhost` PROCEDURE `spgetprofitandlossaccount`($startdate datetime,$enddate datetime)
BEGIN
	SET @startdate=$startdate,@enddate=$enddate;
	SELECT `accountcode`,`accountname`,classname,
	ABS(SUM(`debit`-`credit`)) AS `total`
	FROM `glaccounts` g, `gltransactions` t, `glaccountgroups` p, `glaccountclasses` c
	WHERE g.`id`=t.`glaccount` AND p.`id`=g.`groupid` AND p.`glaccountclass`=c.`id` 
	AND DATE_FORMAT(`transactiondate`,'%Y-%m-%d') BETWEEN @startdate AND @enddate
	AND classname IN('Income','Expense')
	GROUP BY `accountcode`,`accountname` 
	ORDER BY classname DESC,`accountcode`;
    END */$$
DELIMITER ;

/* Procedure structure for procedure `spgetprofitandlossaccountdetails` */

/*!50003 DROP PROCEDURE IF EXISTS  `spgetprofitandlossaccountdetails` */;

DELIMITER $$

/*!50003 CREATE DEFINER=`root`@`localhost` PROCEDURE `spgetprofitandlossaccountdetails`($startdate datetime,$enddate datetime)
BEGIN
    
	SET @startdate=date_format($startdate,'%Y-%m-%d');
	SET @enddate=DATE_FORMAT($enddate,'%Y-%m-%d');
	SELECT `classname`,`accountcode`,`accountname`,SUM(IFNULL(debit,0)-IFNULL(credit,0)) AS amount
	FROM `glaccounts` g,`gltransactions` t, `glaccountgroups` r,`glaccountclasses` c
	WHERE g.`groupid`=r.`id` AND r.`glaccountclass`=c.`id` AND c.classname IN('Expense','Income')
	AND g.`accountcode` NOT IN(SELECT account FROM `glaccountsettings`) 
	AND t.`glaccount`=g.`id`
	AND DATE_FORMAT(transactiondate,'%Y-%m-%d') BETWEEN @startdate AND @enddate
	GROUP BY  `classname`,`accountcode`,`accountname`;
	
    END */$$
DELIMITER ;

/* Procedure structure for procedure `spgetprofitandlossaccountheader` */

/*!50003 DROP PROCEDURE IF EXISTS  `spgetprofitandlossaccountheader` */;

DELIMITER $$

/*!50003 CREATE DEFINER=`root`@`localhost` PROCEDURE `spgetprofitandlossaccountheader`($startdate datetime,$enddate datetime)
BEGIN
	
	SET @salesaccount=(SELECT id FROM glaccounts WHERE`accountcode`=(SELECT `account` FROM `glaccountsettings` WHERE `description`='Sales'));
	SET @stockaccount=(SELECT id FROM glaccounts WHERE `accountcode`=(SELECT `account` FROM `glaccountsettings` WHERE `description`='Cost of Goods Sold'));
	SET @startdate=date_format($startdate,'%Y-%m-%d');
	SET @enddate=date_format($enddate,'%Y-%m-%d');
	SET @cutoffdate=DATE_FORMAT((SELECT `cutoffdate` FROM `startingparameters`),'%Y-%m-%d');
	SET @salesamount=ifnull((select sum(quantity*unitprice) from possales p, possalesdetails pd where p.id=pd.possaleid and date_format(p.receiptdate,'%Y-%m-%d') between @startdate and @enddate and ifnull(p.deleted,0)=0),0);-- IFNULL((SELECT SUM(IFNULL(credit,0)-IFNULL(debit,0)) FROM `gltransactions` WHERE DATE_FORMAT(`transactiondate`,'%Y-%m-%d') BETWEEN @startdate AND @enddate AND `glaccount`=@salesaccount),0);
	SET @purchases=(SELECT SUM(gd.quantity*pd.unitprice) purchases FROM goodsreceived g, goodsreceiveddetails gd, purchaseorders p, purchaseorderdetails pd WHERE g.`grnno`=gd.`grnno` AND p.id=pd.`purchaseorderid` 
			AND gd.`purchaseorderno`=p.purchaseorderno AND pd.`itemcode`=gd.`itemcode` AND DATE_FORMAT(g.`datereceived`,'%Y-%m-%d') BETWEEN @startdate AND @enddate);
	-- select @purchases as 'Purchases',@startdate startdate,@enddate enddate;
	
	SET @startdate=DATE_SUB(@startdate, INTERVAL 1 DAY);
	set @reconcilliationid=ifnull((select `id` from `stockreconciledbalance` where date_format(`reconciliationdate`,'%Y-%m-%d')<$startdate ORDER BY `reconciliationdate` desc limit 1 ),0);
	set @reconciliationdate=ifnull((select date_format(`reconciliationdate`,'%Y-%m-%d') from `stockreconciledbalance` where DATE_FORMAT(`reconciliationdate`,'%Y-%m-%d')<$startdate ORDER BY `reconciliationdate` DESC LIMIT 1),$startdate);
	set @tentativestartdate=date_sub(@startdate, interval 1 day);
	/* SET @openingstock=IFNULL((SELECT SUM(quantity*buyingprice) FROM goodsreceiveddetails g, products p 
	WHERE p.`productid`=g.`itemcode` AND 
	grnno IN(SELECT grnno FROM `goodsreceived` WHERE DATE_FORMAT(datereceived,'%Y-%m-%d') BETWEEN @cutoffdate AND @startdate)),0)-
	-- Purchases 
	IFNULL((SELECT SUM(quantity*buyingprice) FROM `possales` p, `possalesdetails` pd, products r 
	WHERE p.`id`=pd.`possaleid` AND r.`productid`=pd.`itemcode` AND DATE_FORMAT(`receiptdate`,'%Y-%m-%d') BETWEEN @cutoffdate AND @startdate AND IFNULL(p.deleted,0)=0),0);
	SET @closingstock=IFNULL((SELECT SUM(quantity*buyingprice) FROM goodsreceiveddetails g, products p 
	WHERE p.`productid`=g.`itemcode` AND 
	grnno IN(SELECT grnno FROM `goodsreceived` WHERE DATE_FORMAT(datereceived,'%Y-%m-%d') BETWEEN @cutoffdate AND @enddate)),0)-
	-- Less Sales
	IFNULL((SELECT SUM(quantity*buyingprice) FROM `possales` p, `possalesdetails` pd, products r 
	WHERE p.`id`=pd.`possaleid` AND r.`productid`=pd.`itemcode` AND DATE_FORMAT(`receiptdate`,'%Y-%m-%d') BETWEEN @cutoffdate AND @enddate AND IFNULL(p.deleted,0)=0),0);*/
	
	
	
	set @openingstock=ifnull((select sum(quantity*unitprice) from `stockreconciledbalance` s, `stockreconciledbalancedetails` sb 
				where s.`id`=sb.`reconciliationid` and s.`id`= @reconcilliationid),0);
	
	-- Get purchases since last reconciliation
	set @purchasessincelastreconciliation=IFNULL((SELECT SUM(quantity*buyingprice) FROM goodsreceiveddetails g, products p 
	WHERE p.`productid`=g.`itemcode` AND 
	grnno IN(SELECT grnno FROM `goodsreceived` WHERE DATE_FORMAT(datereceived,'%Y-%m-%d') BETWEEN @reconciliationdate AND @tentativestartdate)),0);
	
	-- get sales since last reconciliation
	set @salessincelastreconciliation=IFNULL((SELECT SUM(quantity*buyingprice) FROM `possales` p, `possalesdetails` pd, products r 
	WHERE p.`id`=pd.`possaleid` AND r.`productid`=pd.`itemcode` AND DATE_FORMAT(`receiptdate`,'%Y-%m-%d') BETWEEN @reconciliationdate AND @tentativestartdate AND IFNULL(p.deleted,0)=0),0);
	
	-- compute the correct opening balance
	set @openingbalance=@openingbalance+@purchasessincelastreconciliation-	@salessincelastreconciliation;
	
	-- get the closing balance
	
	-- get purchases since start date
	set @purchasessincestartdate=IFNULL((SELECT SUM(quantity*buyingprice) FROM goodsreceiveddetails g, products p 
	WHERE p.`productid`=g.`itemcode` AND 
	grnno IN(SELECT grnno FROM `goodsreceived` WHERE DATE_FORMAT(datereceived,'%Y-%m-%d') BETWEEN @startdate AND @enddate)),0);
	
	-- get sales since start date
	set @salessincestartdate=IFNULL((SELECT SUM(quantity*buyingprice) FROM `possales` p, `possalesdetails` pd, products r 
	WHERE p.`id`=pd.`possaleid` AND r.`productid`=pd.`itemcode` AND DATE_FORMAT(`receiptdate`,'%Y-%m-%d') BETWEEN @startdate AND @enddate AND IFNULL(p.deleted,0)=0),0);
	
	-- Compute the closing balance
	
	set @closingstock=@openingstock+@purchasessincestartdate- @salessincestartdate;
			
	SELECT  @salesamount AS `sales`, @openingstock AS `openingstock`,@purchases AS `purchases`, @closingstock AS `closingstock`;
	
    END */$$
DELIMITER ;

/* Procedure structure for procedure `spgetpropertydocumenttemplates` */

/*!50003 DROP PROCEDURE IF EXISTS  `spgetpropertydocumenttemplates` */;

DELIMITER $$

/*!50003 CREATE DEFINER=`root`@`localhost` PROCEDURE `spgetpropertydocumenttemplates`()
BEGIN
	select * from `propertydocumenttemplates` order by `description`;
    END */$$
DELIMITER ;

/* Procedure structure for procedure `spgetpurchaseorderdetails` */

/*!50003 DROP PROCEDURE IF EXISTS  `spgetpurchaseorderdetails` */;

DELIMITER $$

/*!50003 CREATE DEFINER=`root`@`localhost` PROCEDURE `spgetpurchaseorderdetails`($id numeric)
BEGIN
    
	select p.departmentid,p.`purchaseorderno`,p.`date`,p.`supplierid`,p.`expecteddate`,`fn_purchaseorderstatus`($id)`status`,
	p.`terms`, pd.`itemcode` as itemid, pd.`quanity`,pd.`unitprice`, i.`itemcode`,`itemname`
	from `purchaseorders` p, `purchaseorderdetails` pd, `products` i
	where p.`id`=pd.`purchaseorderid` and pd.`itemcode`=i.`productid` and p.id=$id;
	
    END */$$
DELIMITER ;

/* Procedure structure for procedure `spgetpurchaseorders` */

/*!50003 DROP PROCEDURE IF EXISTS  `spgetpurchaseorders` */;

DELIMITER $$

/*!50003 CREATE DEFINER=`root`@`localhost` PROCEDURE `spgetpurchaseorders`()
BEGIN
	set @cutoffdate=(select date_format(`cutoffdate`,'%Y-%m-%d') from `startingparameters`);
	SELECT p.`id`,p.departmentid,`purchaseorderno`,DATE_FORMAT(`date`,'%Y-%m-%d') `date`,p.`supplierid`,
	-- case when exists(select * from `goodsreceiveddetails` where `purchaseorderno`=p.`purchaseorderno`) then 'received' else `status` end 
	`fn_purchaseorderstatus`(p.id)`status`,SUM(`quanity`*`unitprice`) ordertotal, 
	CONCAT(`firstname`,' ',`middlename`/*,' ',`lastname`*/) addedby, `suppliername` 
	FROM `purchaseorders` p, `purchaseorderdetails` pd, `suppliers` s, `user` u
	WHERE p.`id`=pd.`purchaseorderid` AND p.`supplierid`=s.`supplierid` AND p.`addedby`=u.`id`
	and DATE_FORMAT(`date`,'%Y-%m-%d')>=@cutoffdate
	GROUP BY p.`id`,`purchaseorderno`,`date`,`supplierid`,`status`, `suppliername` 
	ORDER BY `date` DESC;
    END */$$
DELIMITER ;

/* Procedure structure for procedure `spgetquotationterms` */

/*!50003 DROP PROCEDURE IF EXISTS  `spgetquotationterms` */;

DELIMITER $$

/*!50003 CREATE DEFINER=`root`@`localhost` PROCEDURE `spgetquotationterms`()
BEGIN
	select * from `quotationterms`
	order by `termname`;
    END */$$
DELIMITER ;

/* Procedure structure for procedure `spgetreceiptdetails` */

/*!50003 DROP PROCEDURE IF EXISTS  `spgetreceiptdetails` */;

DELIMITER $$

/*!50003 CREATE DEFINER=`root`@`localhost` PROCEDURE `spgetreceiptdetails`($receiptno varchar(50))
BEGIN
	SELECT `posname`,`receiptno`,date_format(`receiptdate`,'%d-%b-%Y') receiptdate,`customername`,r.`itemcode`,
	case when ifnull(`serialno`,'')<>'' then  concat (r.`itemname`,' [SN: ',`serialno`,']') else trim(CONCAT(`itemname`, ' ',case when `description`!='' then `description` else '' end)) end as `itemname`,
	sum(`quantity`) quantity,`unitprice`,`discount`,CONCAT(`firstname`,' ',`middlename`) AS servedby,
	c.postaladdress,c.email, c.mobile,c.town,c.postalcode, c.physicaladdress
	FROM `possales` p, `possalesdetails` pd, `customers` c, `pointsofsale` s, `products` r, `user` u
	WHERE p.`id`=pd.`possaleid`  AND p.`customerid`=c.`customerid` AND p.`pointofsaleid`=s.`id` 
	AND r.`productid`=pd.`itemcode` AND u.`id`=p.`addedby` AND p.`receiptno`=$receiptno
	group by `posname`,`receiptno`,`receiptdate`,`customername`,r.`itemcode`,r.`itemname`,`unitprice`,`discount`,`serialno`,servedby,
	c.postaladdress,c.email, c.mobile;
    END */$$
DELIMITER ;

/* Procedure structure for procedure `spgetreceiptitems` */

/*!50003 DROP PROCEDURE IF EXISTS  `spgetreceiptitems` */;

DELIMITER $$

/*!50003 CREATE DEFINER=`root`@`localhost` PROCEDURE `spgetreceiptitems`($receiptno varchar(50))
BEGIN
	select distinct sd.`itemcode` as productid, p.`itemcode`,
	trim(concat(`itemname` ,' ', case when `description`!='' then `description` else '' end)) itemname
	from `possalesdetails` sd,`products` p, `possales` s
	where sd.itemcode=p.productid and s.`id`=sd.`possaleid` and s.`receiptno`=$receiptno and ifnull(s.deleted,0)=0
	order by `itemname`;
    END */$$
DELIMITER ;

/* Procedure structure for procedure `spgetreceiptitemsdetails` */

/*!50003 DROP PROCEDURE IF EXISTS  `spgetreceiptitemsdetails` */;

DELIMITER $$

/*!50003 CREATE DEFINER=`root`@`localhost` PROCEDURE `spgetreceiptitemsdetails`($receiptno varchar(50),$productid int)
BEGIN
	select p.productid,p.`itemcode`, `itemname`,`quantity`,`unitprice`,`serialno`
	from `possales` s, `possalesdetails` sd, `products` p
	where s.`id`=sd.`possaleid` and sd.`itemcode`=p.productid 
	and p.productid=$productid and s.receiptno=$receiptno;
    END */$$
DELIMITER ;

/* Procedure structure for procedure `spgetreceiptvatanalysis` */

/*!50003 DROP PROCEDURE IF EXISTS  `spgetreceiptvatanalysis` */;

DELIMITER $$

/*!50003 CREATE DEFINER=`root`@`localhost` PROCEDURE `spgetreceiptvatanalysis`($receiptnumber varchar(50))
BEGIN
	select `abbreviation`,pd.`taxrate`,sum(quantity*unitprice) as total,sum(quantity*unitprice)*pd.`taxrate`/100 as vat
	from `possalesdetails` pd, `possales` p, `taxtypes` t
	where pd.`possaleid`=p.`id` and pd.`taxtypeid`=t.`id` and p.`receiptno`=$receiptnumber
	group by `abbreviation`,pd.`taxrate`
	order by pd.`taxrate`;
    END */$$
DELIMITER ;

/* Procedure structure for procedure `spgetreturninwards` */

/*!50003 DROP PROCEDURE IF EXISTS  `spgetreturninwards` */;

DELIMITER $$

/*!50003 CREATE DEFINER=`root`@`localhost` PROCEDURE `spgetreturninwards`($startdate date,$enddate date)
BEGIN
	SELECT r.id, DATE_FORMAT(r.`dateadded`,'%d-%b-%Y') dateadded, s.receiptno,p.itemcode,itemname,r.serialno,r.quantity,
	sd.unitprice,r.quantity*sd.unitprice total, refno, ifnull(collected,0) collected
	FROM `possales` s, `possalesdetails` sd, `products` p, `returninwards` r
	WHERE s.`id`=sd.`possaleid` AND sd.`itemcode`=p.productid AND p.productid=r.`productid` AND r.`possaleid`=s.id
	AND DATE_FORMAT(r.`dateadded`,'%Y-%m-%d') BETWEEN $startdate AND $enddate
	ORDER BY r.`dateadded`;
    END */$$
DELIMITER ;

/* Procedure structure for procedure `spgetreturninwardsdetails` */

/*!50003 DROP PROCEDURE IF EXISTS  `spgetreturninwardsdetails` */;

DELIMITER $$

/*!50003 CREATE DEFINER=`root`@`localhost` PROCEDURE `spgetreturninwardsdetails`($refno varchar(50))
BEGIN
	select itemcode, itemname, serialno,quantity,narration
	from `returninwards` ri, products p
	where p.`productid`=ri.`productid` and `refno`=$refno
	order by itemname;
    END */$$
DELIMITER ;

/* Procedure structure for procedure `spgetreturninwardsheader` */

/*!50003 DROP PROCEDURE IF EXISTS  `spgetreturninwardsheader` */;

DELIMITER $$

/*!50003 CREATE DEFINER=`root`@`localhost` PROCEDURE `spgetreturninwardsheader`($refno varchar(50))
BEGIN
	SELECT ri.id,c.customerid, customername, receiptno,DATE_FORMAT(ri.`dateadded`,'%d-%b-%Y') dateadded,refno, CONCAT(firstname,' ',lastname) username
	FROM returninwards ri, `possales` p, customers c, `user` u
	WHERE ri.`possaleid`=p.`id` AND p.`customerid`=c.`customerid` 
	AND ri.refno=$refno AND u.id=ri.addedby;
    END */$$
DELIMITER ;

/* Procedure structure for procedure `spgetreturninwardssummary` */

/*!50003 DROP PROCEDURE IF EXISTS  `spgetreturninwardssummary` */;

DELIMITER $$

/*!50003 CREATE DEFINER=`root`@`localhost` PROCEDURE `spgetreturninwardssummary`($asatdate date)
BEGIN
	SELECT itemcode,itemname, SUM(quantity) quantity,serialno,narration,DATE_FORMAT(ro.dateadded,'%d-%b-%Y') dateadded,refno
	FROM `returninwards` ro, products p
	WHERE ro.productid=p.productid AND DATE_FORMAT(ro.`dateadded`,'%Y-%m%-%d') <=$asatdate 
	AND ifnull(`collected`,0)=0
	GROUP BY itemcode,itemname,serialno,narration, refno
	ORDER BY itemname;
    END */$$
DELIMITER ;

/* Procedure structure for procedure `spgetreturnoutwards` */

/*!50003 DROP PROCEDURE IF EXISTS  `spgetreturnoutwards` */;

DELIMITER $$

/*!50003 CREATE DEFINER=`root`@`localhost` PROCEDURE `spgetreturnoutwards`($startdate date,$enddate date)
BEGIN
	SELECT r.id, DATE_FORMAT(r.`dateadded`,'%d-%b-%Y') dateadded, s.grnno,p.itemcode,itemname,r.serialno,r.quantity,
	od.unitprice  unitprice,r.quantity*od.`unitprice` total,r.refno, ifnull(r.delivered,0) delivered
	FROM `goodsreceived` s, `goodsreceiveddetails` sd, `products` p, `returnoutwards` r,
	purchaseorders o, purchaseorderdetails od
	WHERE o.`id`=od.`purchaseorderid` AND sd.`purchaseorderno`=o.`purchaseorderno` AND od.`itemcode`=r.`productid`
	AND s.`grnno`=sd.`grnno` AND sd.`itemcode`=p.productid AND p.productid=r.`productid` AND r.`grnid`=s.id
	AND DATE_FORMAT(r.`dateadded`,'%Y-%m-%d') BETWEEN $startdate AND $enddate
	ORDER BY r.`dateadded`;
    END */$$
DELIMITER ;

/* Procedure structure for procedure `spgetreturnoutwardsdetails` */

/*!50003 DROP PROCEDURE IF EXISTS  `spgetreturnoutwardsdetails` */;

DELIMITER $$

/*!50003 CREATE DEFINER=`root`@`localhost` PROCEDURE `spgetreturnoutwardsdetails`($refno varchar(50))
BEGIN
	select itemcode, itemname, serialno,quantity,narration
	from `returnoutwards` ro, products p
	where p.`productid`=ro.`productid` and `refno`=$refno
	order by itemname;
    END */$$
DELIMITER ;

/* Procedure structure for procedure `spgetreturnoutwardsheader` */

/*!50003 DROP PROCEDURE IF EXISTS  `spgetreturnoutwardsheader` */;

DELIMITER $$

/*!50003 CREATE DEFINER=`root`@`localhost` PROCEDURE `spgetreturnoutwardsheader`($refno varchar(50))
BEGIN
	SELECT ro.id,g.supplierid, suppliername, invoiceno,DATE_FORMAT(ro.`dateadded`,'%d-%b-%Y') dateadded,refno, concat(firstname,' ',lastname) username
	FROM returnoutwards ro, goodsreceived  g, suppliers s, user u
	WHERE ro.`grnid`=g.`id` AND s.`supplierid`=g.`supplierid` 
	and ro.refno=$refno and u.id=ro.addedby;
    END */$$
DELIMITER ;

/* Procedure structure for procedure `spgetreturnoutwardssummary` */

/*!50003 DROP PROCEDURE IF EXISTS  `spgetreturnoutwardssummary` */;

DELIMITER $$

/*!50003 CREATE DEFINER=`root`@`localhost` PROCEDURE `spgetreturnoutwardssummary`($asatdate date)
BEGIN
	select itemcode,itemname, sum(quantity) quantity,serialno,narration,date_format(ro.dateadded,'%d-%b-%Y') dateadded,refno
	from `returnoutwards` ro, products p
	where ro.productid=p.productid and date_format(ro.`dateadded`,'%Y-%m%-%d') <=$asatdate 
	and `delivered`=0
	group by itemcode,itemname,serialno,narration, refno
	order by itemname;
    END */$$
DELIMITER ;

/* Procedure structure for procedure `spgetroledetails` */

/*!50003 DROP PROCEDURE IF EXISTS  `spgetroledetails` */;

DELIMITER $$

/*!50003 CREATE DEFINER=`root`@`localhost` PROCEDURE `spgetroledetails`($roleid int)
BEGIN
	select * from `roles` where `roleid`=$roleid;
    END */$$
DELIMITER ;

/* Procedure structure for procedure `spgetroleprivileges` */

/*!50003 DROP PROCEDURE IF EXISTS  `spgetroleprivileges` */;

DELIMITER $$

/*!50003 CREATE DEFINER=`root`@`localhost` PROCEDURE `spgetroleprivileges`($roleid int)
BEGIN
	select * from `roleprivileges` where `roleid`=$roleid;
    END */$$
DELIMITER ;

/* Procedure structure for procedure `spgetroles` */

/*!50003 DROP PROCEDURE IF EXISTS  `spgetroles` */;

DELIMITER $$

/*!50003 CREATE DEFINER=`root`@`localhost` PROCEDURE `spgetroles`()
BEGIN
	select * from `roles` where ifnull(`deleted`,0)=0
	order by `rolename`;
    END */$$
DELIMITER ;

/* Procedure structure for procedure `spgetrolesforuserassignment` */

/*!50003 DROP PROCEDURE IF EXISTS  `spgetrolesforuserassignment` */;

DELIMITER $$

/*!50003 CREATE DEFINER=`root`@`localhost` PROCEDURE `spgetrolesforuserassignment`()
BEGIN
	select `roleid`,`rolename` from `roles` order by `rolename`;
    END */$$
DELIMITER ;

/* Procedure structure for procedure `spgetroleusers` */

/*!50003 DROP PROCEDURE IF EXISTS  `spgetroleusers` */;

DELIMITER $$

/*!50003 CREATE DEFINER=`root`@`localhost` PROCEDURE `spgetroleusers`($roleid int)
BEGIN
	select r.`userid`, `username`,`firstname`,`middlename`,`lastname` from `roleusers` r, `user` u
	where r.`userid`=u.`id` and `roleid`=$roleid
	order by `firstname`,`middlename`,`lastname`;
    END */$$
DELIMITER ;

/* Procedure structure for procedure `spgetsalebycustomervalue` */

/*!50003 DROP PROCEDURE IF EXISTS  `spgetsalebycustomervalue` */;

DELIMITER $$

/*!50003 CREATE DEFINER=`root`@`localhost` PROCEDURE `spgetsalebycustomervalue`($startdate datetime,$enddate datetime,$daterange varchar(50))
BEGIN
	IF $daterange='Day' THEN
		SELECT DATE_FORMAT(transactiondate,'%H') AS `transactiondate`,
		ifnull(SUM(IF(customername='WALKIN CUSTOMER',receipttotal,NULL)),0) AS walkin,
		ifnull(SUM(IF(customername<>'WALKIN CUSTOMER',receipttotal,NULL)),0) AS regular
		FROM `vwsalessummary2` v WHERE  DATE_FORMAT(`transactiondate`,'%Y-%m-%d') BETWEEN $startdate AND $enddate
		GROUP BY DATE_FORMAT(transactiondate,'%H') 
		ORDER BY v.transactiondate;
	ELSEIF $daterange='Week' THEN
		SELECT DATE_FORMAT(transactiondate,'%a') AS `transactiondate`,
		IFNULL(SUM(IF(customername='WALKIN CUSTOMER',receipttotal,NULL)),0) AS walkin,
		IFNULL(SUM(IF(customername<>'WALKIN CUSTOMER',receipttotal,NULL)),0) AS regular
		FROM `vwsalessummary2` v WHERE  DATE_FORMAT(`transactiondate`,'%Y-%m-%d') BETWEEN $startdate AND $enddate
		GROUP BY DATE_FORMAT(transactiondate,'%a')
		ORDER BY v.transactiondate;
	ELSEIF $daterange='Month' THEN
		SELECT DATE_FORMAT(transactiondate,'%d') AS `transactiondate`,
		IFNULL(SUM(IF(customername='WALKIN CUSTOMER',receipttotal,NULL)),0) AS walkin,
		IFNULL(SUM(IF(customername<>'WALKIN CUSTOMER',receipttotal,NULL)),0) AS regular
		FROM `vwsalessummary2` v WHERE  DATE_FORMAT(`transactiondate`,'%Y-%m-%d') BETWEEN $startdate AND $enddate
		GROUP BY DATE_FORMAT(transactiondate,'%d') 
		ORDER BY v.transactiondate;
	ELSEIF $daterange='Year' THEN
		SELECT DATE_FORMAT(transactiondate,'%b') AS `transactiondate`,
		IFNULL(SUM(IF(customername='WALKIN CUSTOMER',receipttotal,NULL)),0) AS walkin,
		IFNULL(SUM(IF(customername<>'WALKIN CUSTOMER',receipttotal,NULL)),0) AS regular
		FROM `vwsalessummary2` v WHERE  DATE_FORMAT(`transactiondate`,'%Y-%m-%d') BETWEEN $startdate AND $enddate
		GROUP BY DATE_FORMAT(transactiondate,'%b')
		ORDER BY v.transactiondate; -- transactiondate;
	END IF;
    END */$$
DELIMITER ;

/* Procedure structure for procedure `spgetsalesbycustomercount` */

/*!50003 DROP PROCEDURE IF EXISTS  `spgetsalesbycustomercount` */;

DELIMITER $$

/*!50003 CREATE DEFINER=`root`@`localhost` PROCEDURE `spgetsalesbycustomercount`($startdate datetime,$enddate datetime,$daterange varchar(50))
BEGIN
	IF $daterange='Day' THEN
		SELECT DATE_FORMAT(transactiondate,'%H') AS `transactiondate`, 
		COUNT(IF(customername='WALKIN CUSTOMER',id,NULL)) AS `walkin`, 
		COUNT(IF(customername<>'WALKIN CUSTOMER',id,NULL)) AS `Regular` 
		FROM `vwsalessummary2` v
		WHERE DATE_FORMAT(`transactiondate`,'%Y-%m-%d') BETWEEN $startdate AND $enddate
		GROUP BY DATE_FORMAT(transactiondate,'%H') 
		ordER BY v.transactiondate;
	ELSEIF $daterange='Week' THEN
		SELECT DATE_FORMAT(transactiondate,'%a') AS `transactiondate`, 
		COUNT(IF(customername='WALKIN CUSTOMER',id,NULL)) AS `walkin`, 
		COUNT(IF(customername<>'WALKIN CUSTOMER',id,NULL)) AS `Regular` 
		FROM `vwsalessummary2` v
		WHERE DATE_FORMAT(`transactiondate`,'%Y-%m-%d') BETWEEN $startdate AND $enddate
		GROUP BY DATE_FORMAT(transactiondate,'%a') 
		ORDER BY v.transactiondate;
	ELSEIF $daterange='Month' THEN
		SELECT DATE_FORMAT(transactiondate,'%d') AS `transactiondate`, 
		COUNT(IF(customername='WALKIN CUSTOMER',id,NULL)) AS `walkin`, 
		COUNT(IF(customername<>'WALKIN CUSTOMER',id,NULL)) AS `Regular` 
		FROM `vwsalessummary2` v
		WHERE DATE_FORMAT(`transactiondate`,'%Y-%m-%d') BETWEEN $startdate AND $enddate
		GROUP BY DATE_FORMAT(transactiondate,'%d') 
		ORDER BY v.transactiondate;
	ELSEIF $daterange='Year' THEN
		SELECT DATE_FORMAT(transactiondate,'%b') AS `transactiondate`, 
		COUNT(IF(customername='WALKIN CUSTOMER',id,NULL)) AS `walkin`, 
		COUNT(IF(customername<>'WALKIN CUSTOMER',id,NULL)) AS `Regular` 
		FROM `vwsalessummary2` v
		WHERE DATE_FORMAT(`transactiondate`,'%Y-%m-%d') BETWEEN $startdate AND $enddate
		GROUP BY DATE_FORMAT(transactiondate,'%b') 
		ORDER BY v.transactiondate;
	END IF;
    END */$$
DELIMITER ;

/* Procedure structure for procedure `spgetsalesbyoutlet` */

/*!50003 DROP PROCEDURE IF EXISTS  `spgetsalesbyoutlet` */;

DELIMITER $$

/*!50003 CREATE DEFINER=`root`@`localhost` PROCEDURE `spgetsalesbyoutlet`($startdate datetime,$enddate datetime)
BEGIN
	select pointofsale,sum(receipttotal) as total 
	from `vwsalessummary2` 
	where DATE_FORMAT(`transactiondate`,'%Y-%m-%d') between $startdate and $enddate
	group by pointofsale
	order by SUM(receipttotal) desc;
    END */$$
DELIMITER ;

/* Procedure structure for procedure `spgetsalesbypaymentmode` */

/*!50003 DROP PROCEDURE IF EXISTS  `spgetsalesbypaymentmode` */;

DELIMITER $$

/*!50003 CREATE DEFINER=`root`@`localhost` PROCEDURE `spgetsalesbypaymentmode`($startdate datetime,$enddate datetime,$userid int)
BEGIN
	if $userid=0 then 
		SELECT paymentmode AS `paymentmode`,SUM(receipttotal) AS amount
		FROM `vwsalessummary2` 
		WHERE DATE_FORMAT(transactiondate,'%Y-%m-%d')  BETWEEN $startdate AND $enddate
		GROUP BY paymentmode 
		order BY transactiondate;
	else
		SELECT paymentmode AS `paymentmode`,SUM(receipttotal) AS amount
		FROM `vwsalessummary2` 
		WHERE DATE_FORMAT(transactiondate,'%Y-%m-%d')  BETWEEN $startdate AND $enddate
		and userid=$userid
		GROUP BY paymentmode 
		ORDER BY transactiondate;
	end if;
    END */$$
DELIMITER ;

/* Procedure structure for procedure `spgetsalesbypaymentmode2` */

/*!50003 DROP PROCEDURE IF EXISTS  `spgetsalesbypaymentmode2` */;

DELIMITER $$

/*!50003 CREATE DEFINER=`root`@`localhost` PROCEDURE `spgetsalesbypaymentmode2`($startdate datetime,$enddate datetime,$userid int)
BEGIN
	if $userid=0 then 
		SELECT paymentmode AS `paymentmode`,SUM(receipttotal) AS amount, count(*) as appears
		FROM `vwsalessummary2` 
		WHERE DATE_FORMAT(transactiondate,'%Y-%m-%d')  BETWEEN $startdate AND $enddate
		GROUP BY paymentmode 
		ORDER BY transactiondate;
	else
		SELECT paymentmode AS `paymentmode`,SUM(receipttotal) AS amount, COUNT(*) AS appears
		FROM `vwsalessummary2` 
		WHERE DATE_FORMAT(transactiondate,'%Y-%m-%d')  BETWEEN $startdate AND $enddate
		and userid=$userid
		GROUP BY paymentmode 
		ORDER BY transactiondate;
	end if;
    END */$$
DELIMITER ;

/* Procedure structure for procedure `spgetsalesbyquantity` */

/*!50003 DROP PROCEDURE IF EXISTS  `spgetsalesbyquantity` */;

DELIMITER $$

/*!50003 CREATE DEFINER=`root`@`localhost` PROCEDURE `spgetsalesbyquantity`($startdate datetime,$enddate datetime,$daterange varchar(50),$userid int)
BEGIN
	if $userid=0 then
		IF $daterange='Day' THEN
			SELECT DATE_FORMAT(transactiondate,'%H') AS `transactiondate`,SUM(quantity) AS quantity
			FROM `vwsalessummary2` v where DATE_FORMAT(`transactiondate`,'%Y-%m-%d') BETWEEN $startdate AND $enddate
			GROUP BY DATE_FORMAT(transactiondate,'%H') 
			ORDER BY v.transactiondate;
		ELSEIF $daterange='Week' THEN
			SELECT DATE_FORMAT(transactiondate,'%a') AS `transactiondate`,SUM(quantity) AS quantity
			FROM `vwsalessummary2` v where DATE_FORMAT(`transactiondate`,'%Y-%m-%d') BETWEEN $startdate AND $enddate
			GROUP BY DATE_FORMAT(transactiondate,'%a')
			ORDER BY v.transactiondate;
		ELSEIF $daterange='Month' THEN
			SELECT DATE_FORMAT(transactiondate,'%d') AS `transactiondate`,SUM(quantity) AS quantity
			FROM `vwsalessummary2` v where DATE_FORMAT(`transactiondate`,'%Y-%m-%d') BETWEEN $startdate AND $enddate
			GROUP BY DATE_FORMAT(transactiondate,'%d') 
			ORDER BY v.transactiondate;
		ELSEIF $daterange='Year' THEN
			SELECT DATE_FORMAT(transactiondate,'%b') AS `transactiondate`,SUM(quantity) AS quantity
			FROM `vwsalessummary2` v where DATE_FORMAT(`transactiondate`,'%Y-%m-%d') BETWEEN $startdate AND $enddate
			GROUP BY DATE_FORMAT(transactiondate,'%b')
			ORDER BY v.transactiondate;
		END IF;
	else
		IF $daterange='Day' THEN
			SELECT DATE_FORMAT(transactiondate,'%H') AS `transactiondate`,SUM(quantity) AS quantity
			FROM `vwsalessummary2` v WHERE DATE_FORMAT(`transactiondate`,'%Y-%m-%d') BETWEEN $startdate AND $enddate
			and userid=$userid
			GROUP BY DATE_FORMAT(transactiondate,'%H') 
			ORDER BY v.transactiondate;
		ELSEIF $daterange='Week' THEN
			SELECT DATE_FORMAT(transactiondate,'%a') AS `transactiondate`,SUM(quantity) AS quantity
			FROM `vwsalessummary2` v WHERE DATE_FORMAT(`transactiondate`,'%Y-%m-%d') BETWEEN $startdate AND $enddate
			AND userid=$userid
			GROUP BY DATE_FORMAT(transactiondate,'%a')
			ORDER BY v.transactiondate;
		ELSEIF $daterange='Month' THEN
			SELECT DATE_FORMAT(transactiondate,'%d') AS `transactiondate`,SUM(quantity) AS quantity
			FROM `vwsalessummary2` v WHERE DATE_FORMAT(`transactiondate`,'%Y-%m-%d') BETWEEN $startdate AND $enddate
			AND userid=$userid
			GROUP BY DATE_FORMAT(transactiondate,'%d') 
			ORDER BY v.transactiondate;
		ELSEIF $daterange='Year' THEN
			SELECT DATE_FORMAT(transactiondate,'%b') AS `transactiondate`,SUM(quantity) AS quantity
			FROM `vwsalessummary2` v WHERE DATE_FORMAT(`transactiondate`,'%Y-%m-%d') BETWEEN $startdate AND $enddate
			AND userid=$userid
			GROUP BY DATE_FORMAT(transactiondate,'%b')
			ORDER BY v.transactiondate;
		END IF;
	end if;
    END */$$
DELIMITER ;

/* Procedure structure for procedure `spgetsalesbysalesperson` */

/*!50003 DROP PROCEDURE IF EXISTS  `spgetsalesbysalesperson` */;

DELIMITER $$

/*!50003 CREATE DEFINER=`root`@`localhost` PROCEDURE `spgetsalesbysalesperson`($startdate datetime,$enddate datetime)
BEGIN
	SELECT userfullname,SUM(receipttotal) AS total 
	FROM `vwsalessummary2` 
	WHERE DATE_FORMAT(`transactiondate`,'%Y-%m-%d') BETWEEN $startdate AND $enddate
	group by userfullname
	ORDER BY SUM(receipttotal);
    END */$$
DELIMITER ;

/* Procedure structure for procedure `spgetsalessettings` */

/*!50003 DROP PROCEDURE IF EXISTS  `spgetsalessettings` */;

DELIMITER $$

/*!50003 CREATE DEFINER=`root`@`localhost` PROCEDURE `spgetsalessettings`()
BEGIN
	select * from `salessettings`;
    END */$$
DELIMITER ;

/* Procedure structure for procedure `spgetsalessummarybycustomer` */

/*!50003 DROP PROCEDURE IF EXISTS  `spgetsalessummarybycustomer` */;

DELIMITER $$

/*!50003 CREATE DEFINER=`root`@`localhost` PROCEDURE `spgetsalessummarybycustomer`($startdate datetime,$enddate datetime,$posname varchar(100), $userid int)
BEGIN
	if $posname='<All>' then 
		if $userid=0 then 
			SELECT date_format(transactiondate,'%d-%b-%Y') as transactiondate, pointofsale, customername,
			SUM(IF (paymentmode = 'Cash', receipttotal, 0 )) AS Cash,
			SUM(IF (paymentmode = 'MPESA', receipttotal , 0)) AS Mpesa,
			SUM(IF (paymentmode = 'Credit', receipttotal , 0 )) AS Credit,
			SUM(IF (paymentmode = 'Cheque', receipttotal , 0 )) AS Cheque,
			SUM(receipttotal) AS Total
			FROM vwsalessummary
			where transactiondate between $startdate and $enddate
			GROUP BY transactiondate, pointofsale, customername
			ORDER BY customername,transactiondate desc;
		else
			SELECT date_format(transactiondate,'%d-%b-%Y') as transactiondate, pointofsale, customername,
			SUM(IF (paymentmode = 'Cash', receipttotal, 0 )) AS Cash,
			SUM(IF (paymentmode = 'MPESA', receipttotal , 0)) AS Mpesa,
			SUM(IF (paymentmode = 'Credit', receipttotal , 0 )) AS Credit,
			SUM(IF (paymentmode = 'Cheque', receipttotal , 0 )) AS Cheque,
			SUM(receipttotal) AS Total
			FROM vwsalessummary
			WHERE transactiondate BETWEEN $startdate AND $enddate AND userid=$userid
			GROUP BY transactiondate, pointofsale, customername
			ORDER BY transactiondate DESC;
		end if;
	else
		IF $userid=0 THEN 
			SELECT date_format(transactiondate,'%d-%b-%Y') as transactiondate, pointofsale, customername,
			SUM(IF (paymentmode = 'Cash', receipttotal, 0 )) AS Cash,
			SUM(IF (paymentmode = 'MPESA', receipttotal , 0)) AS Mpesa,
			SUM(IF (paymentmode = 'Credit', receipttotal , 0 )) AS Credit,
			SUM(IF (paymentmode = 'Cheque', receipttotal , 0 )) AS Cheque,
			SUM(receipttotal) AS Total
			FROM vwsalessummary
			WHERE transactiondate BETWEEN $startdate AND $enddate and pointofsale=$posname
			GROUP BY transactiondate, pointofsale, customername
			ORDER BY customername,transactiondate desc;
		ELSE
			SELECT date_format(transactiondate,'%d-%b-%Y') as transactiondate, pointofsale, customername,
			SUM(IF (paymentmode = 'Cash', receipttotal, 0 )) AS Cash,
			SUM(IF (paymentmode = 'MPESA', receipttotal , 0)) AS Mpesa,
			SUM(IF (paymentmode = 'Credit', receipttotal , 0 )) AS Credit,
			SUM(IF (paymentmode = 'Cheque', receipttotal , 0 )) AS Cheque,
			SUM(receipttotal) AS Total
			FROM vwsalessummary
			WHERE transactiondate BETWEEN $startdate AND $enddate AND pointofsale=$posname and userid=$userid
			GROUP BY transactiondate, pointofsale, customername
			ORDER BY transactiondate desc;
		END IF;
	end  if;
    END */$$
DELIMITER ;

/* Procedure structure for procedure `spgetsalessummarybyuser` */

/*!50003 DROP PROCEDURE IF EXISTS  `spgetsalessummarybyuser` */;

DELIMITER $$

/*!50003 CREATE DEFINER=`root`@`localhost` PROCEDURE `spgetsalessummarybyuser`($startdate datetime,$enddate datetime,$posname varchar(100), $userid int)
BEGIN
	if $posname='<All>' then 
		if $userid=0 then 
			SELECT date_format(transactiondate,'%d-%b-%Y') as transactiondate, pointofsale, userfullname,
			SUM(IF (paymentmode = 'Cash', receipttotal, 0 )) AS Cash,
			SUM(IF (paymentmode = 'MPESA', receipttotal , 0)) AS Mpesa,
			SUM(IF (paymentmode = 'Credit', receipttotal , 0 )) AS Credit,
			SUM(IF (paymentmode = 'Cheque', receipttotal , 0 )) AS Cheque,
			SUM(receipttotal) AS Total
			FROM vwsalessummary
			where transactiondate between $startdate and $enddate
			GROUP BY transactiondate, pointofsale, userfullname
			ORDER BY userfullname,transactiondate desc;
		else
			SELECT date_format(transactiondate,'%d-%b-%Y') as transactiondate, pointofsale, userfullname,
			SUM(IF (paymentmode = 'Cash', receipttotal, 0 )) AS Cash,
			SUM(IF (paymentmode = 'MPESA', receipttotal , 0)) AS Mpesa,
			SUM(IF (paymentmode = 'Credit', receipttotal , 0 )) AS Credit,
			SUM(IF (paymentmode = 'Cheque', receipttotal , 0 )) AS Cheque,
			SUM(receipttotal) AS Total
			FROM vwsalessummary
			WHERE transactiondate BETWEEN $startdate AND $enddate AND userid=$userid
			GROUP BY transactiondate, pointofsale, userfullname
			ORDER BY transactiondate DESC;
		end if;
	else
		IF $userid=0 THEN 
			SELECT date_format(transactiondate,'%d-%b-%Y') as transactiondate, pointofsale, userfullname,
			SUM(IF (paymentmode = 'Cash', receipttotal, 0 )) AS Cash,
			SUM(IF (paymentmode = 'MPESA', receipttotal , 0)) AS Mpesa,
			SUM(IF (paymentmode = 'Credit', receipttotal , 0 )) AS Credit,
			SUM(IF (paymentmode = 'Cheque', receipttotal , 0 )) AS Cheque,
			SUM(receipttotal) AS Total
			FROM vwsalessummary
			WHERE transactiondate BETWEEN $startdate AND $enddate and pointofsale=$posname
			GROUP BY transactiondate, pointofsale, userfullname
			ORDER BY userfullname,transactiondate desc;
		ELSE
			SELECT date_format(transactiondate,'%d-%b-%Y') as transactiondate, pointofsale, userfullname,
			SUM(IF (paymentmode = 'Cash', receipttotal, 0 )) AS Cash,
			SUM(IF (paymentmode = 'MPESA', receipttotal , 0)) AS Mpesa,
			SUM(IF (paymentmode = 'Credit', receipttotal , 0 )) AS Credit,
			SUM(IF (paymentmode = 'Cheque', receipttotal , 0 )) AS Cheque,
			SUM(receipttotal) AS Total
			FROM vwsalessummary
			WHERE transactiondate BETWEEN $startdate AND $enddate AND pointofsale=$posname and userid=$userid
			GROUP BY transactiondate, pointofsale, userfullname
			ORDER BY transactiondate desc;
		END IF;
	end  if;
    END */$$
DELIMITER ;

/* Procedure structure for procedure `spgetsalestrend` */

/*!50003 DROP PROCEDURE IF EXISTS  `spgetsalestrend` */;

DELIMITER $$

/*!50003 CREATE DEFINER=`root`@`localhost` PROCEDURE `spgetsalestrend`($startdate datetime,$enddate datetime,$daterange varchar(50),$userid int)
BEGIN
	if $userid=0 then 
		if $daterange='Day' then
			select DATE_FORMAT(transactiondate,'%H') AS `transactiondate`,sum(receipttotal) as amount
			from `vwsalessummary2` v where  DATE_FORMAT(`transactiondate`,'%Y-%m-%d') between $startdate and $enddate
			group by DATE_FORMAT(transactiondate,'%H') 
			order by v.transactiondate;
		ELSEIF $daterange='Week' THEN
			SELECT DATE_FORMAT(transactiondate,'%a') AS `transactiondate`,SUM(receipttotal) AS amount
			FROM `vwsalessummary2` v where  DATE_FORMAT(`transactiondate`,'%Y-%m-%d') BETWEEN $startdate AND $enddate
			group by DATE_FORMAT(transactiondate,'%a')
			ORDER BY v.transactiondate;
		ELSEIF $daterange='Month' THEN
			SELECT DATE_FORMAT(transactiondate,'%d') AS `transactiondate`,SUM(receipttotal) AS amount
			FROM `vwsalessummary2` v where  DATE_FORMAT(`transactiondate`,'%Y-%m-%d') BETWEEN $startdate AND $enddate
			group by DATE_FORMAT(transactiondate,'%d') 
			ORDER BY v.transactiondate;
		ELSEif $daterange='Year' then
			SELECT DATE_FORMAT(transactiondate,'%b') AS `transactiondate`,SUM(receipttotal) AS amount
			FROM `vwsalessummary2` v where  DATE_FORMAT(`transactiondate`,'%Y-%m-%d') BETWEEN $startdate AND $enddate
			GROUP by DATE_FORMAT(transactiondate,'%b')
			ORDER BY v.transactiondate; -- transactiondate;
		end if;
	else
		IF $daterange='Day' THEN
			SELECT DATE_FORMAT(transactiondate,'%H') AS `transactiondate`,SUM(receipttotal) AS amount
			FROM `vwsalessummary2` v WHERE  DATE_FORMAT(`transactiondate`,'%Y-%m-%d') BETWEEN $startdate AND $enddate
			and userid=$userid 
			GROUP BY DATE_FORMAT(transactiondate,'%H') 
			ORDER BY v.transactiondate;
		ELSEIF $daterange='Week' THEN
			SELECT DATE_FORMAT(transactiondate,'%a') AS `transactiondate`,SUM(receipttotal) AS amount
			FROM `vwsalessummary2` v WHERE  DATE_FORMAT(`transactiondate`,'%Y-%m-%d') BETWEEN $startdate AND $enddate
			AND userid=$userid 
			GROUP BY DATE_FORMAT(transactiondate,'%a')
			ORDER BY v.transactiondate;
		ELSEIF $daterange='Month' THEN
			SELECT DATE_FORMAT(transactiondate,'%d') AS `transactiondate`,SUM(receipttotal) AS amount
			FROM `vwsalessummary2` v WHERE  DATE_FORMAT(`transactiondate`,'%Y-%m-%d') BETWEEN $startdate AND $enddate
			AND userid=$userid 
			GROUP BY DATE_FORMAT(transactiondate,'%d') 
			ORDER BY v.transactiondate;
		ELSEIF $daterange='Year' THEN
			SELECT DATE_FORMAT(transactiondate,'%b') AS `transactiondate`,SUM(receipttotal) AS amount
			FROM `vwsalessummary2` v WHERE  DATE_FORMAT(`transactiondate`,'%Y-%m-%d') BETWEEN $startdate AND $enddate
			AND userid=$userid 
			GROUP BY DATE_FORMAT(transactiondate,'%b')
			ORDER BY v.transactiondate; -- transactiondate;
		END IF;
	end if;
    END */$$
DELIMITER ;

/* Procedure structure for procedure `spgetsmsconfiguration` */

/*!50003 DROP PROCEDURE IF EXISTS  `spgetsmsconfiguration` */;

DELIMITER $$

/*!50003 CREATE DEFINER=`root`@`localhost` PROCEDURE `spgetsmsconfiguration`()
BEGIN
	select * from `smsconfiguration`;
    END */$$
DELIMITER ;

/* Procedure structure for procedure `spgetstocksheet` */

/*!50003 DROP PROCEDURE IF EXISTS  `spgetstocksheet` */;

DELIMITER $$

/*!50003 CREATE DEFINER=`root`@`localhost` PROCEDURE `spgetstocksheet`($asat datetime)
BEGIN
	
	SET @asat=$asat;
	SET @cutoffdate=date_format(IFNULL((SELECT `stockcutoffdate` FROM `startingparameters`),NOW()),'%Y-%m-%d');
	SET @sql_dynamic=(SELECT GROUP_CONCAT(CONCAT('FORMAT(SUM(IF(storename=''',`posname`,''',itemtotal,0)),2) AS `',`posname`,'`')) FROM `vwstores`);
	SET @sql=CONCAT('SELECT `categoryname`,`itemcode`,`itemname`,',@sql_dynamic,',FORMAT(SUM(itemtotal),2) as `Total Quantity`, FORMAT(SUM(itemtotal)*`buyingprice`,2) as `Total Purchase`,FORMAT(SUM(itemtotal)*`sellingprice`,2) as `Total Selling`
		FROM (SELECT `categoryname`,`itemcode`,`itemname`,`buyingprice`,`sellingprice`,`storename`, SUM(units) as `itemtotal` FROM ','(SELECT `categoryname`,`itemcode`,`itemname`,`buyingprice`,`sellingprice`,w.`description` AS storename,
		-- sum goods received
		IFNULL((SELECT SUM(`quantity`) FROM `goodsreceiveddetails` gd, `goodsreceived` g WHERE g.`grnno`=gd.`grnno` AND gd.`itemcode`=p.`productid` 
			AND DATE_FORMAT(`datereceived`,''%Y-%m-%d'') BETWEEN ','''',@cutoffdate,'''',' AND ','''',@asat,'''',' AND g.`warehouseid`=w.`id`),0)+
		-- Add transfers in
		IFNULL((SELECT SUM(`quantity`) FROM `stocktransferdetails` sd, `stocktransfer` s WHERE s.`id`=sd.`transferid` AND sd.`itemcode`=p.`productid` 
			AND s.`destinationtype`=''warehouse'' AND s.`destinationid`=w.`id` AND DATE_FORMAT(`dateadded`,''%Y-%m-%d'') BETWEEN ','''',@cutoffdate,'''',' AND ','''',@asat,'''','),0)-
		-- Less Transfers out
		IFNULL((SELECT SUM(`quantity`) FROM `stocktransferdetails` sd, `stocktransfer` s WHERE s.`id`=sd.`transferid` AND sd.`itemcode`=p.`productid` 
			AND s.`sourcetype`=''warehouse'' AND s.`sourceid`=w.`id` AND DATE_FORMAT(`dateadded`,''%Y-%m-%d'')BETWEEN ','''',@cutoffdate,'''',' AND ','''',@asat,'''','),0) AS units
		FROM `categories` c, `products` p, `warehouses` w
		WHERE p.`categoryid`=c.`categoryid`
		
		UNION 
		
		SELECT `categoryname`,`itemcode`,`itemname`,`buyingprice`,`sellingprice`,w.`posname` AS storename,
		-- Add transfers in
		IFNULL((SELECT SUM(`quantity`) FROM `stocktransferdetails` sd, `stocktransfer` s WHERE s.`id`=sd.`transferid` AND sd.`itemcode`=p.`productid` 
			AND s.`destinationtype`=''pos'' AND s.`destinationid`=w.`id` AND DATE_FORMAT(`dateadded`,''%Y-%m-%d'') BETWEEN ','''',@cutoffdate,'''',' AND ','''',@asat,'''','),0)-
		-- Less Transfers out
		IFNULL((SELECT SUM(`quantity`) FROM `stocktransferdetails` sd, `stocktransfer` s WHERE s.`id`=sd.`transferid` AND sd.`itemcode`=p.`productid` 
			AND s.`sourcetype`=''pos'' AND s.`sourceid`=w.`id` AND DATE_FORMAT(`dateadded`,''%Y-%m-%d'') BETWEEN ','''',@cutoffdate,'''',' AND ','''',@asat,'''','),0)-
		-- Less Sales
		IFNULL((SELECT SUM(`quantity`) FROM `possalesdetails` pd, `possales` ps WHERE pd.`possaleid`=ps.`id` AND IFNULL(`deleted`,0)=0 AND `pointofsaleid`=w.id 
			AND pd.`itemcode`=p.`productid`  AND DATE_FORMAT(`receiptdate`,''%Y-%m-%d'') BETWEEN ','''',@cutoffdate,'''',' AND ','''',@asat,'''','),0) AS units
		FROM `categories` c, `products` p, `pointsofsale` w
		WHERE p.`categoryid`=c.`categoryid`
		ORDER BY `categoryname`,`itemname`) as tab1 
		GROUP BY `categoryname`,`itemcode`,`itemname`,`buyingprice`,`sellingprice`,`storename` )as tab2
		GROUP BY `categoryname`,`itemcode`,`itemname`,`buyingprice`,`sellingprice` HAVING SUM(itemtotal)>0');
	/*select @sql;*/
	PREPARE stmt FROM @sql;
	EXECUTE stmt;
	DEALLOCATE PREPARE stmt;
    END */$$
DELIMITER ;

/* Procedure structure for procedure `spgetstocktransferbalance` */

/*!50003 DROP PROCEDURE IF EXISTS  `spgetstocktransferbalance` */;

DELIMITER $$

/*!50003 CREATE DEFINER=`root`@`localhost` PROCEDURE `spgetstocktransferbalance`($sourcetype varchar(50),$sourceid int,$itemcode varchar(50))
BEGIN
	if $sourcetype='warehouse' then 
		select * from `vwwarehouseitembalances` where warehouseid=$sourceid and itemcode=$itemcode;
	else
		select * from `vwpointofsaleitembalances` where posid=$sourceid and  itemcode=$itemcode;
	end if;
    END */$$
DELIMITER ;

/* Procedure structure for procedure `spgetstocktransferdetails` */

/*!50003 DROP PROCEDURE IF EXISTS  `spgetstocktransferdetails` */;

DELIMITER $$

/*!50003 CREATE DEFINER=`root`@`localhost` PROCEDURE `spgetstocktransferdetails`($referenceno varchar(50))
BEGIN
	declare $id int;
	set $id=(select id from `stocktransfer` where `referenceno`=$referenceno);
	select p.`itemcode`,`itemname`,sum(`quantity`)quantity,`unitprice`, `serialno` 
	from `stocktransferdetails` t,`products` p
	where t.`itemcode`=p.`productid` and `transferid`=$id
	group by  p.`itemcode`,`itemname`,`unitprice`, `serialno` 
	order by `itemname`;
    END */$$
DELIMITER ;

/* Procedure structure for procedure `spgetstocktransferheader` */

/*!50003 DROP PROCEDURE IF EXISTS  `spgetstocktransferheader` */;

DELIMITER $$

/*!50003 CREATE DEFINER=`root`@`localhost` PROCEDURE `spgetstocktransferheader`($referenceno varchar(50))
BEGIN
	SELECT * FROM `vwstocktransfers` 
	where referenceno=$referenceno;
    END */$$
DELIMITER ;

/* Procedure structure for procedure `spgetsupplieraginganalysis` */

/*!50003 DROP PROCEDURE IF EXISTS  `spgetsupplieraginganalysis` */;

DELIMITER $$

/*!50003 CREATE DEFINER=`root`@`localhost` PROCEDURE `spgetsupplieraginganalysis`($basedate datetime,$supplierid int)
BEGIN
	
	SET @basedate=$basedate,@supplierid=$supplierid;
	SET @cutoffdate=(SELECT DATE_FORMAT(`cutoffdate`,'%Y-%m-%d') FROM `startingparameters`);
	
	SELECT  SUM(IF(`range`='1',amountoverdue,0)) AS `thirty`,  
		SUM(IF(`range`='31',amountoverdue,0)) AS `sixty`,
		SUM(IF(`range`='61',amountoverdue,0)) AS `ninenty` ,
		SUM(IF(`range`='91',amountoverdue,0)) AS `onetwenty` ,
		SUM(IF(`range`='120+',amountoverdue,0)) AS `aboveonetwenty`,
		 SUM(amountoverdue) AS `total`
	FROM (SELECT i.id AS invoiceid,s.`supplierid`,suppliername,`invoiceno`,
	CASE 
		WHEN DATEDIFF(@basedate,DATE_FORMAT(`invoicedate`,'%Y-%m-%d')) <= 30 THEN '1' 
		WHEN DATEDIFF(@basedate,DATE_FORMAT(`invoicedate`,'%Y-%m-%d')) BETWEEN 31 AND 60 THEN '31'
		WHEN DATEDIFF(@basedate,DATE_FORMAT(`invoicedate`,'%Y-%m-%d')) BETWEEN 61 AND 90 THEN '61'
		WHEN DATEDIFF(@basedate,DATE_FORMAT(`invoicedate`,'%Y-%m-%d')) BETWEEN 91 AND 120 THEN '91'
		WHEN DATEDIFF(@basedate,DATE_FORMAT(`invoicedate`,'%Y-%m-%d'))>120 THEN '120+' 
	END `range`,
	SUM(`quantity`*`unitprice`) -
	IFNULL((SELECT SUM(`quantity`*`unitprice`) FROM `paymentvouchers` v, `paymentvoucherdetails` vd 
	WHERE v.`id`=vd.`voucherid` AND `supplier`=s.supplierid AND `invoicenumber`=`invoiceno` AND DATE_FORMAT(v.`date`,'%Y-%m-%d') BETWEEN @cutoffdate AND @basedate),0) AS amountoverdue
	FROM `supplierinvoice` i,`supplierinvoicedetails` id, `suppliers` s
	WHERE i.`id`=id.`invoiceid` AND s.`supplierid`=i.`supplierid`  and s.`supplierid`=@supplierid
	and date_format(i.invoicedate,'%Y-%m-%d') between @cutoffdate AND @basedate
	GROUP BY i.id ,s.`supplierid`,suppliername,`invoiceno`,`status`,DATEDIFF(@basedate,DATE_FORMAT(`invoicedate`,'%Y-%m-%d'))
	ORDER BY `invoicedate` DESC, `invoiceno`) AS tab1
	GROUP BY suppliername;
    END */$$
DELIMITER ;

/* Procedure structure for procedure `spgetsupplierdetails` */

/*!50003 DROP PROCEDURE IF EXISTS  `spgetsupplierdetails` */;

DELIMITER $$

/*!50003 CREATE DEFINER=`root`@`localhost` PROCEDURE `spgetsupplierdetails`($supplierid numeric)
BEGIN
	select * from `suppliers` where `supplierid`=$supplierid;
    END */$$
DELIMITER ;

/* Procedure structure for procedure `spgetsupplierinvoices` */

/*!50003 DROP PROCEDURE IF EXISTS  `spgetsupplierinvoices` */;

DELIMITER $$

/*!50003 CREATE DEFINER=`root`@`localhost` PROCEDURE `spgetsupplierinvoices`($supplierid int,$invoicestatus varchar(50),$startdate datetime,$enddate datetime)
BEGIN
	SET @cutoffdate=(SELECT DATE_FORMAT(`cutoffdate`,'%Y-%m-%d') FROM `startingparameters`);
	set @accountdescription='Suppliers Control Account';
	set @accountcode=(select `account` from `glaccountsettings` where `description`=@accountdescription);
	
	set @accountid=(select `id` from `glaccounts` where `accountcode`=@accountcode);
	set @accountname=(SELECT `accountname` FROM `glaccounts` WHERE `accountcode`=@accountcode);
	
	if $supplierid=0 then
		begin
			if $invoicestatus='<All>' then
				select @accountid as accountcharged,@accountname as accountname, i.id AS invoiceid,s.`supplierid`,suppliername,`invoiceno`,date_format(`invoicedate`,'%d-%b-%Y') invoicedate,sum(`quantity`*`unitprice`) as invoiceamount,`status`,
				ifnull((select sum(`quantity`*`unitprice`) from `paymentvouchers` v, `paymentvoucherdetails` vd 
				where v.`id`=vd.`voucherid` and `supplier`=s.supplierid and `invoicenumber`=`invoiceno`),0) as amountpaid
				from `supplierinvoice` i,`supplierinvoicedetails` id, `suppliers` s
				where i.`id`=id.`invoiceid` and s.`supplierid`=i.`supplierid` and date_format(`invoicedate`,'%Y-%m-%d') between $startdate and $enddate
				and DATE_FORMAT(`invoicedate`,'%Y-%m-%d')>=@cutoffdate
				GROUP BY i.id ,s.`supplierid`,suppliername,`invoiceno`,`status`, DATE_FORMAT(`invoicedate`,'%d-%b-%Y')
				ORDER BY DATE_FORMAT(`invoicedate`,'%d-%b-%Y') ;
			else
				SELECT  @accountid AS accountcharged,@accountname AS accountname,i.id AS invoiceid,s.`supplierid`,suppliername,`invoiceno`,DATE_FORMAT(`invoicedate`,'%d-%b-%Y') invoicedate,SUM(`quantity`*`unitprice`) AS invoiceamount,`status`,
				IFNULL((SELECT SUM(`quantity`*`unitprice`) FROM `paymentvouchers` v, `paymentvoucherdetails` vd 
				WHERE v.`id`=vd.`voucherid` AND `supplier`=s.supplierid AND `invoicenumber`=`invoiceno`),0) AS amountpaid
				FROM `supplierinvoice` i,`supplierinvoicedetails` id, `suppliers` s
				WHERE i.`id`=id.`invoiceid` AND s.`supplierid`=i.`supplierid` AND DATE_FORMAT(`invoicedate`,'%Y-%m-%d') BETWEEN $startdate AND $enddate
				and `status`=$invoicestatus AND DATE_FORMAT(`invoicedate`,'%Y-%m-%d')>=@cutoffdate
				GROUP BY i.id ,s.`supplierid`,suppliername,`invoiceno`,`status`, DATE_FORMAT(`invoicedate`,'%d-%b-%Y')
				ORDER BY DATE_FORMAT(`invoicedate`,'%d-%b-%Y') ;
			end if;
		end;
	else
		BEGIN
			IF $invoicestatus='<All>' then
				SELECT  @accountid AS accountcharged,@accountname AS accountname,i.id as invoiceid,s.`supplierid`,suppliername,`invoiceno`,DATE_FORMAT(`invoicedate`,'%d-%b-%Y') invoicedate,SUM(`quantity`*`unitprice`) AS invoiceamount,`status`,
				IFNULL((SELECT SUM(`quantity`*`unitprice`) FROM `paymentvouchers` v, `paymentvoucherdetails` vd 
				WHERE v.`id`=vd.`voucherid` AND `supplier`=s.supplierid AND `invoicenumber`=`invoiceno`),0) AS amountpaid
				FROM `supplierinvoice` i,`supplierinvoicedetails` id, `suppliers` s
				WHERE i.`id`=id.`invoiceid` AND s.`supplierid`=i.`supplierid` AND DATE_FORMAT(`invoicedate`,'%Y-%m-%d') BETWEEN $startdate AND $enddate
				and s.supplierid=$supplierid AND DATE_FORMAT(`invoicedate`,'%Y-%m-%d')>=@cutoffdate
				GROUP BY i.id ,s.`supplierid`,suppliername,`invoiceno`,`status`, DATE_FORMAT(`invoicedate`,'%d-%b-%Y')
				ORDER BY DATE_FORMAT(`invoicedate`,'%d-%b-%Y') ;
			ELSE
				SELECT  @accountid AS accountcharged,@accountname AS accountname,i.id AS invoiceid,s.`supplierid`,suppliername,`invoiceno`,DATE_FORMAT(`invoicedate`,'%d-%b-%Y') invoicedate,SUM(`quantity`*`unitprice`) AS invoiceamount,`status`,
				IFNULL((SELECT SUM(`quantity`*`unitprice`) FROM `paymentvouchers` v, `paymentvoucherdetails` vd 
				WHERE v.`id`=vd.`voucherid` AND `supplier`=s.supplierid AND `invoicenumber`=`invoiceno`),0) AS amountpaid
				FROM `supplierinvoice` i,`supplierinvoicedetails` id, `suppliers` s
				WHERE i.`id`=id.`invoiceid` AND s.`supplierid`=i.`supplierid` AND DATE_FORMAT(`invoicedate`,'%Y-%m-%d') BETWEEN $startdate AND $enddate
				AND `status`=$invoicestatus AND s.supplierid=$supplierid AND DATE_FORMAT(`invoicedate`,'%Y-%m-%d')>=@cutoffdate
				GROUP BY i.id ,s.`supplierid`,suppliername,`invoiceno`,`status`, DATE_FORMAT(`invoicedate`,'%d-%b-%Y')
				ORDER BY DATE_FORMAT(`invoicedate`,'%d-%b-%Y') ;
			END IF;
		END;
	end if;
    END */$$
DELIMITER ;

/* Procedure structure for procedure `spgetsupplierpendingorders` */

/*!50003 DROP PROCEDURE IF EXISTS  `spgetsupplierpendingorders` */;

DELIMITER $$

/*!50003 CREATE DEFINER=`root`@`localhost` PROCEDURE `spgetsupplierpendingorders`($supplierid varchar(50))
BEGIN
	SET @cutoffdate=(SELECT DATE_FORMAT(`cutoffdate`,'%Y-%m-%d') FROM `startingparameters`);
	SELECT DISTINCT `purchaseorderno` FROM `purchaseorders` p,`purchaseorderdetails` pd  
	WHERE p.`id`=pd.`purchaseorderid` AND `supplierid`=$supplierid -- and p.`status`='Pending' 
	and date_format(`date`,'%Y-%m-%d')>=@cutoffdate
	GROUP BY pd.`itemcode`, `purchaseorderno`
	HAVING SUM(`quanity`)>IFNULL((SELECT SUM(`quantity`) FROM `goodsreceived` g, `goodsreceiveddetails` gd
	WHERE g.`grnno`=gd.`grnno` AND gd.`itemcode`=pd.`itemcode` and gd.purchaseorderno=p.purchaseorderno),0)
	
	ORDER BY `purchaseorderno`;
    END */$$
DELIMITER ;

/* Procedure structure for procedure `spgetsupplierproducts` */

/*!50003 DROP PROCEDURE IF EXISTS  `spgetsupplierproducts` */;

DELIMITER $$

/*!50003 CREATE DEFINER=`root`@`localhost` PROCEDURE `spgetsupplierproducts`($supplierid int)
BEGIN
	select s.`id` , s.`productid`,`itemcode`,`itemname`,s.`dateadded`, concat(`firstname`,' ',`middlename`,' ',`lastname`) as addedbyuser
	from `products` p, `supplierproducts` s, `user` u
	where p.`productid`=s.`productid` and  p.addedby=u.`id` and s.`supplierid`=$supplierid and s.`deleted`=0
	order by `itemname`;
    END */$$
DELIMITER ;

/* Procedure structure for procedure `spgetsuppliers` */

/*!50003 DROP PROCEDURE IF EXISTS  `spgetsuppliers` */;

DELIMITER $$

/*!50003 CREATE DEFINER=`root`@`localhost` PROCEDURE `spgetsuppliers`()
BEGIN	
	select s.*,concat(`firstname`,' ',`middlename`,' ',`lastname`) as addedbyname  
	from `suppliers` s, `user` u where  s.`addedby`=u.`id` and `deleted`=0 order by `suppliername`;
    END */$$
DELIMITER ;

/* Procedure structure for procedure `spgetsupplierstatement` */

/*!50003 DROP PROCEDURE IF EXISTS  `spgetsupplierstatement` */;

DELIMITER $$

/*!50003 CREATE DEFINER=`root`@`localhost` PROCEDURE `spgetsupplierstatement`($supplierid INT,$startdate DATETIME,$enddate DATETIME)
BEGIN
	SET @cutoffdate=DATE_FORMAT(IFNULL((SELECT`cutoffdate` FROM `startingparameters`),NOW()),'%Y-%m-%d');
	SET @startdate=$startdate,@enddate=$enddate,@supplierid=$supplierid;
	IF @cutoffdate>@startdate THEN 
		SET @startdate=@cutoffdate;
	END IF;
	SET @openingbalancedate=DATE_SUB(@startdate,INTERVAL 1 DAY);
	SELECT supplierid,suppliername,physicaladdress, postaladdress, mobile, email,DATE_FORMAT(invoicedate,'%d-%b-%Y') AS `date`, 
	`fngetsupplieropeningbalance`(@supplierid,@startdate) `openingbalance`,
	IFNULL((SELECT SUM(invoiceamount) FROM `vwsupplierstatement` o WHERE o.supplierid=@supplierid AND DATE_FORMAT(invoicedate,'%Y-%m-%d') BETWEEN @openingbalancedate AND @enddate),0) `invoices`,
	IFNULL((SELECT SUM(invoicepayment) FROM `vwsupplierstatement` o WHERE o.supplierid=@supplierid AND DATE_FORMAT(invoicedate,'%Y-%m-%d') BETWEEN @openingbalancedate AND @enddate),0) `payments`,
	reference,narrative,invoiceamount,invoicepayment,`order`
	FROM `vwsupplierstatement` v
	WHERE supplierid=@supplierid AND DATE_FORMAT(invoicedate,'%Y-%m-%d') BETWEEN @openingbalancedate AND @enddate
	ORDER BY invoicedate, `order`;
	
    END */$$
DELIMITER ;

/* Procedure structure for procedure `spgetsystemmodules` */

/*!50003 DROP PROCEDURE IF EXISTS  `spgetsystemmodules` */;

DELIMITER $$

/*!50003 CREATE DEFINER=`root`@`localhost` PROCEDURE `spgetsystemmodules`()
BEGIN
	select distinct `module` from `objects` 
	where `module` is not null 
	order by `module`;
    END */$$
DELIMITER ;

/* Procedure structure for procedure `spgettaxtypes` */

/*!50003 DROP PROCEDURE IF EXISTS  `spgettaxtypes` */;

DELIMITER $$

/*!50003 CREATE DEFINER=`root`@`localhost` PROCEDURE `spgettaxtypes`()
BEGIN
	select * from `taxtypes` order by `taxname`;
    END */$$
DELIMITER ;

/* Procedure structure for procedure `spgettodaysdate` */

/*!50003 DROP PROCEDURE IF EXISTS  `spgettodaysdate` */;

DELIMITER $$

/*!50003 CREATE DEFINER=`root`@`localhost` PROCEDURE `spgettodaysdate`()
BEGIN
	select DATE_FORMAT(now(),'%Y-%m-%d') as today;
    END */$$
DELIMITER ;

/* Procedure structure for procedure `spgettrialbalance` */

/*!50003 DROP PROCEDURE IF EXISTS  `spgettrialbalance` */;

DELIMITER $$

/*!50003 CREATE DEFINER=`root`@`localhost` PROCEDURE `spgettrialbalance`($startdate datetime,$enddate datetime)
BEGIN
	SET @startdate=$startdate,@enddate=$enddate;
	SELECT IFNULL(CONCAT(accountcode,' - ',accountname),'TOTAL') accountname, 
		SUM(IF(`total`>0,`total`,0)) AS debit,
		SUM(IF(`total`<0,ABS(`total`),0)) AS credit FROM
	(SELECT `accountcode`,`accountname`,
	SUM(`debit`-`credit`) AS `total`
	FROM `glaccounts` g, `gltransactions` t
	WHERE g.`id`=t.`glaccount`  AND DATE_FORMAT(`transactiondate`,'%Y-%m-%d') BETWEEN @startdate AND @enddate
	GROUP BY `accountcode`,`accountname` ORDER BY `accountcode` ) tab1
	GROUP BY accountname
	WITH ROLLUP;
    END */$$
DELIMITER ;

/* Procedure structure for procedure `spgetuninvoicedgrns` */

/*!50003 DROP PROCEDURE IF EXISTS  `spgetuninvoicedgrns` */;

DELIMITER $$

/*!50003 CREATE DEFINER=`root`@`localhost` PROCEDURE `spgetuninvoicedgrns`($supplierid int,$startdate datetime,$enddate datetime)
BEGIN
	SET @cutoffdate=(SELECT DATE_FORMAT(`cutoffdate`,'%Y-%m-%d') FROM `startingparameters`);
	if $supplierid=0 then 
		SELECT g.`id`, g.`grnno`,`deliverynono`, DATE_FORMAT(`datereceived`,'%d-%b-%Y') `datereceived`,SUM(gd.`quantity`*pd.unitprice) AS `ordertotal`
		FROM `goodsreceived` g, `goodsreceiveddetails` gd, `purchaseorders` p, `purchaseorderdetails` pd
		WHERE g.`grnno`=gd.`grnno` AND gd.`purchaseorderno`=p.`purchaseorderno` AND p.`id`=pd.`purchaseorderid`  AND gd.itemcode=pd.itemcode AND IFNULL(invoiced,0)=0
		and g.`deliverynono` not like 'Opening Balance%' and DATE_FORMAT(`datereceived`,'%Y-%m-%d') between $startdate and $enddate 
		and  DATE_FORMAT(`datereceived`,'%Y-%m-%d')>=@cutoffdate
		GROUP BY  `id`, `grnno`,`deliverynono`,DATE_FORMAT(`datereceived`,'%d-%b-%Y')
		ORDER BY DATE_FORMAT(`datereceived`,'%d-%b-%Y'),  g.`grnno`;
	else
		SELECT g.`id`, g.`grnno`,`deliverynono` ,DATE_FORMAT(`datereceived`,'%d-%b-%Y') `datereceived`,SUM(gd.`quantity`*pd.unitprice) AS `ordertotal`
		FROM `goodsreceived` g, `goodsreceiveddetails` gd, `purchaseorders` p, `purchaseorderdetails` pd
		WHERE g.`grnno`=gd.`grnno` AND gd.`purchaseorderno`=p.`purchaseorderno` AND p.`id`=pd.`purchaseorderid`  AND gd.itemcode=pd.itemcode AND IFNULL(invoiced,0)=0
		and g.`deliverynono` NOT LIKE 'Opening Balance%' AND DATE_FORMAT(`datereceived`,'%Y-%m-%d') BETWEEN $startdate AND $enddate and g.`supplierid`=$supplierid  
		AND DATE_FORMAT(`datereceived`,'%Y-%m-%d')>=@cutoffdate		
		GROUP BY  `id`, `grnno`,`deliverynono`,DATE_FORMAT(`datereceived`,'%d-%b-%Y')
		ORDER BY DATE_FORMAT(`datereceived`,'%d-%b-%Y'),  g.`grnno`;	
	end if;
    END */$$
DELIMITER ;

/* Procedure structure for procedure `spgetuserbyid` */

/*!50003 DROP PROCEDURE IF EXISTS  `spgetuserbyid` */;

DELIMITER $$

/*!50003 CREATE DEFINER=`root`@`localhost` PROCEDURE `spgetuserbyid`($userid int)
BEGIN
	select * from `user` where `id`=$userid;
    END */$$
DELIMITER ;

/* Procedure structure for procedure `spgetuserdetails` */

/*!50003 DROP PROCEDURE IF EXISTS  `spgetuserdetails` */;

DELIMITER $$

/*!50003 CREATE DEFINER=`root`@`localhost` PROCEDURE `spgetuserdetails`($username varchar(50))
BEGIN
	select * from `user` WHERE `username`=$username;
    END */$$
DELIMITER ;

/* Procedure structure for procedure `spgetusernamefromuserid` */

/*!50003 DROP PROCEDURE IF EXISTS  `spgetusernamefromuserid` */;

DELIMITER $$

/*!50003 CREATE DEFINER=`root`@`localhost` PROCEDURE `spgetusernamefromuserid`($userid int)
BEGIN
	select * from `user` where `id`=$userid;
    END */$$
DELIMITER ;

/* Procedure structure for procedure `spgetuseroutlets` */

/*!50003 DROP PROCEDURE IF EXISTS  `spgetuseroutlets` */;

DELIMITER $$

/*!50003 CREATE DEFINER=`root`@`localhost` PROCEDURE `spgetuseroutlets`($userid int)
BEGIN
	select o.*,`posname`
	from `useroutlets` o, `pointsofsale` s  
	where o.`userid`=$userid and s.`id`=o.outletid and ifnull(o.deleted,0)=0
	order by posname;
    END */$$
DELIMITER ;

/* Procedure structure for procedure `spgetuserprivileges` */

/*!50003 DROP PROCEDURE IF EXISTS  `spgetuserprivileges` */;

DELIMITER $$

/*!50003 CREATE DEFINER=`root`@`localhost` PROCEDURE `spgetuserprivileges`($userid int)
BEGIN
	select * from `userprivileges` where userid=$userid;
    END */$$
DELIMITER ;

/* Procedure structure for procedure `spgetuserroles` */

/*!50003 DROP PROCEDURE IF EXISTS  `spgetuserroles` */;

DELIMITER $$

/*!50003 CREATE DEFINER=`root`@`localhost` PROCEDURE `spgetuserroles`($userid int)
BEGIN
	select r.* from `roles` r, `roleusers` u
	where r.`roleid`=u.`roleid` and `userid`=$userid
	and ifnull(u.`deleted`,0)=0
	order by `rolename`;
    END */$$
DELIMITER ;

/* Procedure structure for procedure `spgetvoucheritems` */

/*!50003 DROP PROCEDURE IF EXISTS  `spgetvoucheritems` */;

DELIMITER $$

/*!50003 CREATE DEFINER=`root`@`localhost` PROCEDURE `spgetvoucheritems`($id varchar(50))
BEGIN
	select vd.*,`accountname` from `paymentvoucherdetails` vd, `paymentvouchers` v, `glaccounts` g 
	where  v.id=vd.`voucherid` and g.`id`=`accountcharged` and v.`voucherno`=$id;
    END */$$
DELIMITER ;

/* Procedure structure for procedure `spgetwarehouses` */

/*!50003 DROP PROCEDURE IF EXISTS  `spgetwarehouses` */;

DELIMITER $$

/*!50003 CREATE DEFINER=`root`@`localhost` PROCEDURE `spgetwarehouses`()
BEGIN
	select * from `warehouses` order by `description`;
    END */$$
DELIMITER ;

/* Procedure structure for procedure `spgteunitsofmeasure` */

/*!50003 DROP PROCEDURE IF EXISTS  `spgteunitsofmeasure` */;

DELIMITER $$

/*!50003 CREATE DEFINER=`root`@`localhost` PROCEDURE `spgteunitsofmeasure`()
BEGIN
	select * from `unitsofmeasure` order by `description`;
    END */$$
DELIMITER ;

/* Procedure structure for procedure `sppostbanking` */

/*!50003 DROP PROCEDURE IF EXISTS  `sppostbanking` */;

DELIMITER $$

/*!50003 CREATE DEFINER=`root`@`localhost` PROCEDURE `sppostbanking`($refno varchar(50),$cashbookaccount int, $narration varchar(50),$reference varchar(50),$postas varchar(50),$userid int,$receiptbanked varchar(50))
BEGIN
	declare $salesaccount int;
	declare $transactiondate datetime;
	declare $debtorscontrolaccount int;
	set $transactiondate=now();
	
	set $salesaccount=(SELECT id FROM glaccounts WHERE accountcode =(SELECT`account` FROM `glaccountsettings` WHERE description='Sales'));
	SET $debtorscontrolaccount=(SELECT id FROM glaccounts WHERE accountcode =(SELECT`account` FROM `glaccountsettings` WHERE description='Debtors Control Account'));
	-- select $salesaccount;
	start transaction;
		-- post to sales or debtors control account individual transactions
		if $receiptbanked!='pos' then
			set $salesaccount=$debtorscontrolaccount;
		end if;
		
		insert into `gltransactions`(`referenceno`,`transactiondate`,`glaccount`,`glcontraaccount`,`narration`,`debit`,`credit`,`addedby`)
		select $reference, $transactiondate,$salesaccount, $cashbookaccount ,
			concat('Banking of receipt # ',`receiptno`, ' of reference #',`reference`,' issued to ',`customername`,' (',$narration,')'),
		0,`amount`,$userid from `tempbanking` where `refno`=$refno;
		
		-- post to the cashbbook account
		if $postas='single' then		
			insert into `gltransactions` (`referenceno`,`transactiondate`,`glaccount`,`glcontraaccount`,`narration`,`debit`,`credit`,`addedby`)
			select $reference, $transactiondate,$cashbookaccount,$salesaccount, CONCAT('Banking of receipt # ',`receiptno`, ' of reference #',`reference`,' issued to ',`customername`,' (',$narration,')'),amount,0,$userid 
			FROM `tempbanking` WHERE `refno`=$refno; 
		else
			INSERT INTO `gltransactions` (`referenceno`,`transactiondate`,`glaccount`,`glcontraaccount`,`narration`,`debit`,`credit`,`addedby`)
			SELECT $reference, $transactiondate,$cashbookaccount,$salesaccount, $narration,sum(amount),0,$userid 
			FROM `tempbanking` WHERE `refno`=$refno GROUP BY `refno`; 
		end if;
		-- update all receipts
		if $receiptbanked='pos' then 
			update `possalespayments` p, `tempbanking` b  
			set p.`banked`=1,p.`bankingreference`=$reference 
			where b.`id`=p.id;
		else
			update `customerreceipts` p, `tempbanking` b 
			set `banked`=1,`bankingrefno`=$reference
			where b.`id`=p.id;
		end if;
		-- remove temp data 
		delete from  `tempbanking` WHERE `refno`=$refno;
	COMMIT;
	
    END */$$
DELIMITER ;

/* Procedure structure for procedure `spsaceglgroupname` */

/*!50003 DROP PROCEDURE IF EXISTS  `spsaceglgroupname` */;

DELIMITER $$

/*!50003 CREATE DEFINER=`root`@`localhost` PROCEDURE `spsaceglgroupname`($id int,$glaccountclass int,$groupname varchar(50),$subcategoryof int, $cashbookaccount int,$userid int)
BEGIN
	if $id=0 then
		insert into `glaccountgroups`(`groupname`,`subactegoryof`,`dateadded`,`addedby`,`deleted`,`cashbookaccount`,`glaccountclass`)
		values($groupname,$subcategoryof,now(),$userid,0,$cashbookaccount,$glaccountclass);
	else
		update `glaccountgroups` set `groupname`=$groupname,`subactegoryof`=$subcategoryof,`cashbookaccount`=$cashbookaccouont,
		`glaccountclass`=$glaccountclass,`lastupdatedby`=$userid, `lastdateupdated`=now()
		where id=$id;
	end if;
    END */$$
DELIMITER ;

/* Procedure structure for procedure `spsavecategory` */

/*!50003 DROP PROCEDURE IF EXISTS  `spsavecategory` */;

DELIMITER $$

/*!50003 CREATE DEFINER=`root`@`localhost` PROCEDURE `spsavecategory`($categoryid numeric,$categoryname varchar(50),$userid numeric)
BEGIN
	if $categoryid=0 then
		insert into `categories`(`categoryname`,`dateadded`,`addedby`,`deleted`)
		values($categoryname,now(),$userid,0);	
	else
		update `categories` set `categoryname`=$categoryname, `lastmodifiedby`=$userid, `lastmodifiedon`=now()
		where `categoryid`=$categoryid;
	end if;
    END */$$
DELIMITER ;

/* Procedure structure for procedure `spsavecrateaddition` */

/*!50003 DROP PROCEDURE IF EXISTS  `spsavecrateaddition` */;

DELIMITER $$

/*!50003 CREATE DEFINER=`root`@`localhost` PROCEDURE `spsavecrateaddition`($productid int,$quantity numeric(18,2),$unitprice numeric(18,2),$narration varchar(1000),
	$reference varchar(50),$userid int)
BEGIN
	insert into `cratesinventory`(`productid`,`quantity`,`unitprice`,`dateadded`,`narration`,`reference`,`addedby`)
	values($productid,$quantity,$unitprice,now(),$narration,$reference,$userid);
    END */$$
DELIMITER ;

/* Procedure structure for procedure `spsavecrateinventorysettings` */

/*!50003 DROP PROCEDURE IF EXISTS  `spsavecrateinventorysettings` */;

DELIMITER $$

/*!50003 CREATE DEFINER=`root`@`localhost` PROCEDURE `spsavecrateinventorysettings`($productid int, $supplierid int,$glaccountid int,$costcenter int, $paymentmode int,$paymentaccount int)
BEGIN
	if not exists(select * from `cratesinventorysettings`) then
		insert into `cratesinventorysettings`(`productid`,`supplierid`,`glaccountid`,`costcenterid`,`paymentmode`,`paymentaccount`)
		values($productid,$supplierid,$glaccountid,$costcenter,$paymentmode,$paymentaccount);
	else
		update `cratesinventorysettings` set `productid`=$productid,`supplierid`=$supplierid, `glaccountid`=$glaccountid,
		`costcenterid`=$costcenter,`paymentmode`=$paymentmode,`paymentaccount`=$paymentaccount;
	end if;
	
    END */$$
DELIMITER ;

/* Procedure structure for procedure `spsavecreditnote` */

/*!50003 DROP PROCEDURE IF EXISTS  `spsavecreditnote` */;

DELIMITER $$

/*!50003 CREATE DEFINER=`root`@`localhost` PROCEDURE `spsavecreditnote`($refno varchar(50),$customerid numeric,$userid numeric)
BEGIN
	DECLARE $creditnoteno VARCHAR(50);
	DECLARE $id NUMERIC;
	-- Generate the credit note number 
	set $creditnoteno=`fngeneratecreditnoteno`();
	START TRANSACTION;
		-- Insert credit note header 
		insert into `creditnotes`(`noteno`,`customerid`,`dateadded`,`addedby`)
		values($creditnoteno,$customerid,now(),$userid);
		-- get currently inserted id
		SET $id=(SELECT MAX(`id`) FROM `creditnotes`);
		-- insert credit note details 
		insert into `creditnotedetails`(`noteid`,`itemcode`,`quantity`,`unitprice`)
		select $id,`itemcode`,`quantity`,`unitprice` from `tempcreditnote` where `refno`=$refno;
		-- Increment credit note number counter
		update `serials` set `currentno`=`currentno`+1 where `documenttype`='Credit Note';
		-- Delete data from temp table
		delete from `tempcreditnote` where `refno`=$refno;
		-- get the credit note number generated
		select $creditnoteno as creditnotenumber;
	commit;
    END */$$
DELIMITER ;

/* Procedure structure for procedure `spsavecustomer` */

/*!50003 DROP PROCEDURE IF EXISTS  `spsavecustomer` */;

DELIMITER $$

/*!50003 CREATE DEFINER=`root`@`localhost` PROCEDURE `spsavecustomer`($customerid numeric, $customername varchar(50),$tradingname varchar(50),$physicaladdress varchar(100),$postaladdress varchar(100),
	$mobile varchar(50),$email varchar(50),$creditlimit numeric,$creditterm int,$userid numeric,$categoryid numeric,$posid int, $onetimecustomer bool,$pinno varchar(50),$idno varchar(50),
	$subzoneid int)
BEGIN
	-- Get the default pos if none was provided
	
	if $posid=0 then 
		set $posid=(select id from pointsofsale	where `default`=1);
	end if;
	
	if $customerid=0 then 
		insert into `customers`(`customername`,`tradingname`,`physicaladdress`,`postaladdress`,`mobile`,`email`,`creditlimit`,`creditterm`,`dateadded`,`addedby`,`deleted`,`catid`,`posid`,
		`onetimecustomer`,`pinno`,`idno`,`subzoneid`)
		values($customername,$tradingname,$physicaladdress,$postaladdress,$mobile,$email,$creditlimit,$creditterm,now(),$userid,0,$categoryid,$posid,$onetimecustomer,$pinno,$idno,$subzoneid);
	else
		update `customers` set `customername`=$customername,`tradingname`=$tradingname,`physicaladdress`=physicaladdress,`postaladdress`=postaladdress,`mobile`=$mobile,
		`email`=$email,`creditlimit`=$creditlimit,`creditterm`=$creditterm,`lastdatemodified`=now(),`lastmodifiedby`=$userid,`catid`=$categoryid, `posid`=$posid, 
		`onetimecustomer`=$onetimecustomer, `pinno`=$pinno,idno=$idno,subzoneid=$subzoneid
		where `customerid`=$customerid;
	end if ;
    END */$$
DELIMITER ;

/* Procedure structure for procedure `spsavecustomerdiscountsettings` */

/*!50003 DROP PROCEDURE IF EXISTS  `spsavecustomerdiscountsettings` */;

DELIMITER $$

/*!50003 CREATE DEFINER=`root`@`localhost` PROCEDURE `spsavecustomerdiscountsettings`($id numeric,$customerid numeric,$productid numeric,$discount numeric,
	$percentage bit,$userid numeric,$expirydate datetime)
BEGIN
	if $id=0 then
		insert into `customerdiscountsettings`(`customerid`,`productid`,`discount`,`percentage`,`dateadded`,`addedby`,`deleted`,`expirydate`)
		values($customerid,$productid,$discount,$percentage,now(),$userid,0,$expirydate);
	else	
		update `customerdiscountsettings` set `customerid`=$customerid,`productid`=$productid,`discount`=$discount,`percentage`=$percentage,
		`lastmodifiedby`=$userid,`lastmodifiedon`=now(), `expirydate`=$expirydate
		where `id`=$id;
	
	end if;
    END */$$
DELIMITER ;

/* Procedure structure for procedure `spsavecustomerreceipt` */

/*!50003 DROP PROCEDURE IF EXISTS  `spsavecustomerreceipt` */;

DELIMITER $$

/*!50003 CREATE DEFINER=`root`@`localhost` PROCEDURE `spsavecustomerreceipt`($refno varchar(50),$customerid int, $modeofpayment int,
	$referenceno varchar(50),$userid int,$overpay numeric)
BEGIN
	declare $receiptno varchar(50);
	declare $receiptid numeric;
	-- generate code
	sET $receiptno=`spgeneratecustomerreceiptno`();
	start transaction;
		-- save receipt
		insert into `customerreceipts`(`receiptno`,`receiptdate`,`addedby`,`modeofpayment`,`referenceno`,`deleted`, `customerid`)
		values($receiptno,now(),$userid,$modeofpayment,$referenceno,0,$customerid);
		-- get the ID generated
		set $receiptid=(select max(`id`) from `customerreceipts`);
		-- save receipt details
		insert into `customerreceiptdetails` (`receiptid`,`possaleid`,`amount`)
		select $receiptid, `possaleid`,`amount` from `tempcustomerreceiptdetails` where `refno`=$refno;
		-- Add overpaid amount to suspense account if any
		if $overpay>0 then 
			insert into `customersuspenseaccount`(`customerid`,`transactiondate`,`referenceno`,`credit`,`addedby`,`narration`)
			values($customerid,now(),$receiptno,$overpay,$userid,'Customer amount overpaid');
		end if;
		-- Increment receipt number 
		update `serials` set `currentno`=`currentno`+1 where `documenttype`='Customer Receipt';
		-- delete temp receipt details
		DELETE FROM `tempcustomerreceiptdetails` WHERE  `refno`=$refno;
		-- return receipt number
		select  $receiptno  as receiptno;
	commit;
    END */$$
DELIMITER ;

/* Procedure structure for procedure `spsaveemailconfiguration` */

/*!50003 DROP PROCEDURE IF EXISTS  `spsaveemailconfiguration` */;

DELIMITER $$

/*!50003 CREATE DEFINER=`root`@`localhost` PROCEDURE `spsaveemailconfiguration`($emailaddress varchar(100),$emailpassword varchar(50),$smtpserver varchar(50),$smtpport int,$usessl boolean)
BEGIN
	if not exists(select * from `emailconfiguration`) then
		insert into `emailconfiguration`(`emailaddress`,`password`,`smtpserver`,`usessl`,`smtpport`)
		values($emailaddress,$emailpassword,$smtpserver,$usessl,$smtpport);
	else
		update `emailconfiguration` 
		set `emailaddress`=$emailaddress,`password`=$emailpassword,`smtpserver`=$smtpserver,`usessl`=$usessl,`smtpport`=$smtpport;
	end if;
    END */$$
DELIMITER ;

/* Procedure structure for procedure `spsaveglaccount` */

/*!50003 DROP PROCEDURE IF EXISTS  `spsaveglaccount` */;

DELIMITER $$

/*!50003 CREATE DEFINER=`root`@`localhost` PROCEDURE `spsaveglaccount`($id int,$groupid int,$accountcode varchar(50),$accountname varchar(50),$userid int)
BEGIN
	if $id=0 then 
		insert into `glaccounts`(`groupid`,`accountcode`,`accountname`,`dateadded`,`addedby`,`deleted`)
		values($groupid,$accountcode,$accountname,now(),$userid,0);
	else
		update `glaccounts` set `groupid`=$groupid, `accountcode`=$accountcode,`accountname`=$accountname, `lastdateupdated`=now(),`lastupdatedby`=$userid
		where `id`=$id;
	end if;
    END */$$
DELIMITER ;

/* Procedure structure for procedure `spsaveglgroupname` */

/*!50003 DROP PROCEDURE IF EXISTS  `spsaveglgroupname` */;

DELIMITER $$

/*!50003 CREATE DEFINER=`root`@`localhost` PROCEDURE `spsaveglgroupname`($id int,$glaccountclass int,$groupname varchar(50),$subcategoryof int, $cashbookaccount int,$userid int)
BEGIN
	if $id=0 then
		insert into `glaccountgroups`(`groupname`,`subactegoryof`,`dateadded`,`addedby`,`deleted`,`cashbookaccount`,`glaccountclass`)
		values($groupname,$subcategoryof,now(),$userid,0,$cashbookaccount,$glaccountclass);
	else
		update `glaccountgroups` set `groupname`=$groupname,`subactegoryof`=$subcategoryof,`cashbookaccount`=$cashbookaccouont,
		`glaccountclass`=$glaccountclass,`lastupdatedby`=$userid, `lastdateupdated`=now()
		where id=$id;
	end if;
    END */$$
DELIMITER ;

/* Procedure structure for procedure `spsavegltransaction` */

/*!50003 DROP PROCEDURE IF EXISTS  `spsavegltransaction` */;

DELIMITER $$

/*!50003 CREATE DEFINER=`root`@`localhost` PROCEDURE `spsavegltransaction`($refno varchar(50),$transactiondate datetime,$referenceno varchar(50),$userid int)
BEGIN
	insert into `gltransactions`(`referenceno`,`transactiondate`,`glaccount`,`glcontraaccount`,`narration`,`debit`,`credit`,`addedby`)
	select $referenceno,$transactiondate, `glaccount`,`glcontraaccount`,`narration`,`debit`,`credit`,$userid from `tempgltransaction` where `refno`=$refno;
	delete from `tempgltransaction` WHERE `refno`=$refno;
    END */$$
DELIMITER ;

/* Procedure structure for procedure `spsavegoodsreceived` */

/*!50003 DROP PROCEDURE IF EXISTS  `spsavegoodsreceived` */;

DELIMITER $$

/*!50003 CREATE DEFINER=`root`@`localhost` PROCEDURE `spsavegoodsreceived`($refno varchar(50),$warehouseid numeric,$supplierid numeric,$deliverynoteno varchar(50),$userid numeric,
	$saveinvoice boolean,$invoiceno varchar(50))
BEGIN
	declare $grnno varchar(50);
	start transaction;
		-- generate goods received note number
		set $grnno=fngenerategrnno();
		-- save receipt details
		insert into `goodsreceived`(`warehouseid`,`grnno`,`datereceived`,`supplierid`,`deliverynono`,`receivedby`,`status`)
		values($warehouseid,$grnno,now(),$supplierid,$deliverynoteno,$userid,'Confirmed');
		-- save received item details
		insert into `goodsreceiveddetails`(`grnno`,`itemcode`,`purchaseorderno`,`quantity`,`serialno`)
		select $grnno,`itemcode`,`purchaseorderno`,`quantity`,`serialno` from `tempgoodsreceived` where `refno`=$refno;
		-- increment counter for goods received
		UPDATE `serials` SET `currentno`=`currentno`+1 WHERE `documenttype`='Goods Received Note' ;
		-- delete data in the temporary table
		delete from `tempgoodsreceived` where `refno`=$refno;
		-- Check if saving customer invoice 
		if $saveinvoice=1 then 
			-- Generate random ref number
			set @refno = LEFT(UUID(), 8);
			-- Add temp supplier invoice
			call `spsavetempsupplierinvoice`(@refno,$grnno);
			-- Save supplier invoice details
			call `spsavesupplierinvoice`(@refno,$invoiceno,$supplierid,now(),$userid);
		end if;
		-- get the GRN Number generated
		select  $grnno as grnno;
	commit;
    END */$$
DELIMITER ;

/* Procedure structure for procedure `spsaveheldsale` */

/*!50003 DROP PROCEDURE IF EXISTS  `spsaveheldsale` */;

DELIMITER $$

/*!50003 CREATE DEFINER=`root`@`localhost` PROCEDURE `spsaveheldsale`($refno varchar(50),$customerid int,$posid int,$userid int)
BEGIN
	declare $id numeric;
	start transaction;
			
		-- Save held sale		
		insert into `heldsales`(`customerid`,`posid`,`dateheld`,`addedby`)
		values($customerid,$posid,now(),$userid);
		
		-- get the currently inserted id
		SET $id=(SELECT MAX(`id`) FROM `heldsales`);
		
		-- post held sale details
		INSERT INTO `heldsalesdetails`(`heldsaleid`,`productid`,`quantity`,`unitprice`,`discount`)
		SELECT $id,`itemcode`,`quantity`,`unitprice`,`discount` FROM `tempsale` WHERE `refno`=$refno;
		-- delete the temporary data
		DELETE FROM `tempsale` WHERE `refno`=$refno;
		
	commit;
    END */$$
DELIMITER ;

/* Procedure structure for procedure `spsavejournaltransaction` */

/*!50003 DROP PROCEDURE IF EXISTS  `spsavejournaltransaction` */;

DELIMITER $$

/*!50003 CREATE DEFINER=`root`@`localhost` PROCEDURE `spsavejournaltransaction`($refno varchar(50),$referenceno varchar(50), $description varchar(100),$userid int,$addtoledger bit)
BEGIN
	declare $journalid int;
	start transaction;
		-- insert the journal details
		insert into `journals`(`referenceno`,`date`,`description`,`addedby`,`addedtoledger`)
		values($referenceno,now(),$description,$userid,$addtoledger);
		-- get the journal id
		set $journalid=(select max(`id`) from `journals`);
		-- post journal transactions
		insert into `journaldetails`(`journalid`,`glaccount`,`narration`,`debit`,`credit`)
		select $journalid,`glaccount`,`narration`,`debit`,`credit` from `tempjournaldetails` where `refno`=$refno;
		
		-- post the info to the gl if requested
		if $addtoledger=1 then 
			insert into `gltransactions`(`referenceno`,`transactiondate`,`glaccount`,`glcontraaccount`,`narration`,`debit`,`credit`,`addedby`)
			select $referenceno,now(),`glaccount`,null,`narration`,`debit`,`credit`,$userid from `tempjournaldetails` where `refno`=$refno;
		end if;
		
		-- delete temp journal data
		delete from `tempjournaldetails` WHERE `refno`=$refno;
		-- return the generated journal id
		select $journalid as `journalid`;
	commit;
    END */$$
DELIMITER ;

/* Procedure structure for procedure `spsavempesac2bparameters` */

/*!50003 DROP PROCEDURE IF EXISTS  `spsavempesac2bparameters` */;

DELIMITER $$

/*!50003 CREATE DEFINER=`root`@`localhost` PROCEDURE `spsavempesac2bparameters`($url varchar(500),$shortcode varchar(50),$msisdn varchar(50))
BEGIN
	update `mpesaconfiguration` set c2burl=$url,c2bshortcode=$shortcode,c2bmsisdn=$msisdn;
    END */$$
DELIMITER ;

/* Procedure structure for procedure `spsavempesaconfiguration` */

/*!50003 DROP PROCEDURE IF EXISTS  `spsavempesaconfiguration` */;

DELIMITER $$

/*!50003 CREATE DEFINER=`root`@`localhost` PROCEDURE `spsavempesaconfiguration`($consumerkey varchar(100),$consumersecret varchar(100),$validationurl varchar(500),$confirmationurl varchar(500),$paybillnumber varchar(10))
BEGIN
	IF NOT EXISTS(SELECT * FROM `mpesaconfiguration`) THEN
		INSERT INTO `mpesaconfiguration`(`consumerkey`,`consumersecret`,`validationurl`,`confirmationurl`,`paybillnumber`)
		VALUES($consumerkey,$consumersecret,$validationurl,$confirmationurl,$paybillnumber);
	ELSE
		UPDATE `mpesaconfiguration` SET `consumerkey`=$consumerkey,`consumersecret`=$consumersecret,`validationurl`=$validationurl,
		`confirmationurl`=$confirmationurl,`paybillnumber`=$paybillnumber;
	END IF;
    END */$$
DELIMITER ;

/* Procedure structure for procedure `spsavempesaconfirmation` */

/*!50003 DROP PROCEDURE IF EXISTS  `spsavempesaconfirmation` */;

DELIMITER $$

/*!50003 CREATE DEFINER=`root`@`localhost` PROCEDURE `spsavempesaconfirmation`($reference varchar(50),$transactiondate datetime,$amount numeric(18,2),$sendermobile varchar(50),$sendername varchar(50))
BEGIN
	insert into `mpesaconfirmation`(`date`,`reference`,`amount`,`sendermobile`,`sendername`)
	values($transactiondate,$reference,$amount,$sendermobile,$sendername);
    END */$$
DELIMITER ;

/* Procedure structure for procedure `spsavepaymentvoucher` */

/*!50003 DROP PROCEDURE IF EXISTS  `spsavepaymentvoucher` */;

DELIMITER $$

/*!50003 CREATE DEFINER=`root`@`localhost` PROCEDURE `spsavepaymentvoucher`($refno varchar(50),$id int,$voucherdate datetime,$voucherno varchar(50),$pos int,$supplier int,
	$paymentmode int,$cashbookaccount int,$reference varchar(50),$generatevoucherno int,$userid INt,$pettycash boolean,$craterefund boolean)
BEGIN
	DECLARE $productid INT;	
	declare $narration varchar(1000);
	SET $pettycash = IFNULL($pettycash,0);
	SET $craterefund=IFNULL($craterefund,0);
	-- declare $id int;
	
	
	if $id=0 then 
		begin
			start transaction;
				-- generate voucher number
				if $generatevoucherno=1 then
					SET $voucherno=`fngeneratepaymentvoucherno`();
					update serials set currentno=currentno+1 where `documenttype`='Voucher Number';
				end if;
				-- return voucher number	
				SELECT $voucherno AS voucherno;
				-- Add data to crate inventory
				if $craterefund=1 then 
					set $productid=(select `productid` from `cratesinventorysettings`);
					set $narration='Crate Deposit Refund';
					insert into `cratesinventory`(`productid`,`quantity`,`unitprice`,`dateadded`,`narration`,`reference`,`addedby`)
					select $productid,quantity,unitprice,now(),$narration,`invoicenumber`,$userid FROM `temppaymentvoucherdetails` WHERE `refno`=$refno;
					-- Create temp order details
					INSERT INTO `temppurchaseorder`(`refno`,`itemcode`,`quantity`,`unitprice`)
					select $refno,$productid,quantity,unitprice from `temppaymentvoucherdetails` WHERE `refno`=$refno;
					-- Save order
					call `spsavepurchaseorder`(0,$refno,$supplier,'Crate Deposit Refund',$userid);
					select max(`id`) into @poid from `purchaseorders`;
					-- Receive Order
					select `id` into @warehouseid from `warehouses` order by `id` limit 1;
					select `purchaseorderno` into @pono from `purchaseorders` where `id`=@poid;
					-- Get quantity from temp voucher details
					SELECT quantity into @quantity FROM `temppaymentvoucherdetails` WHERE `refno`=$refno;
					call `spsavetempgoodsreceived`($refno,@pono,$productid,@quantity,'');
					call `spsavegoodsreceived`($refno,@warehouseid,$supplier,$voucherno,$userid,0,'');
				end if;
				-- update invoice as used
				-- update `supplierinvoice` set `status`='Paid' where `supplierid`=$supplier and `invoiceno`=$invoicenumber;
				
				-- insert voucher details
				INSERT INTO `paymentvouchers`(`voucherno`,`date`,`addedby`,`paymentmode`,`pos`,`supplier`,`cashbookaccount`,`referenceno`,`status`,`dateadded`,`pettycashvoucher`)
				VALUES($voucherno,$voucherdate,$userid,$paymentmode,$pos,$supplier,$cashbookaccount,$reference,'Pending',NOW(),$pettycash);
			
				SET $id=(SELECT MAX(id) FROM `paymentvouchers`);
				
				-- insert voucher items
				INSERT INTO `paymentvoucherdetails`(`voucherid`,`itemcode`,`description`,`quantity`,`unitprice`,`accountcharged`,`invoicenumber`)
				SELECT $id,`itemcode`,`description`,`quantity`,`unitprice`,`accountcharged`,`invoicenumber` FROM `temppaymentvoucherdetails` WHERE `refno`=$refno;
				
				-- remove temporary data
				delete  FROM `temppaymentvoucherdetails` WHERE `refno`=$refno;
			commit;
		end;
	else
		begin
			start transaction;
				-- return voucher number	
				SELECT $voucherno AS voucherno;
				-- delete previous value entries
				delete from `paymentvoucherdetails` where `voucherid`=$id;
				-- modify voucher details
				update `paymentvouchers` set `voucherno`=$voucherno,`paymentmode`=$paymentmode,`pos`=$pos,`supplier`=$supplier,
				`cashbookaccount`=$cashbookaccount,`referenceno`=$reference,`lastmodifiedby`=$userid,`lastmodifieddate`=now()
				where `id`=$id;
				-- add vouchers items
				INSERT INTO `paymentvoucherdetails`(`voucherid`,`itemcode`,`description`,`quantity`,`unitprice`,`accountcharged`,`invoicenumber`)
				SELECT $id,`itemcode`,`description`,`quantity`,`unitprice`,`accountcharged`,`invoicenumber` FROM `temppaymentvoucherdetails` WHERE `refno`=$refno;
				-- remove temporary data
				DELETE FROM `temppaymentvoucherdetails` WHERE `refno`=$refno;
			commit;
		end;
	end if;
	
    END */$$
DELIMITER ;

/* Procedure structure for procedure `spsavepos` */

/*!50003 DROP PROCEDURE IF EXISTS  `spsavepos` */;

DELIMITER $$

/*!50003 CREATE DEFINER=`root`@`localhost` PROCEDURE `spsavepos`($id numeric,$posname varchar(50),$userid numeric)
BEGIN
	if $id=0 then 
		insert into `pointsofsale`(`posname`,`dateadded`,`addedby`,`deleted`)
		values($posname,now(),$userid,0);
	else
		update `pointsofsale` set `posname`=$posname, `lastdatemodified`=now(), `lastmodifiedby`=$userid
		WHERE id=$id;
	end if;
    END */$$
DELIMITER ;

/* Procedure structure for procedure `spsavepossale` */

/*!50003 DROP PROCEDURE IF EXISTS  `spsavepossale` */;

DELIMITER $$

/*!50003 CREATE DEFINER=`root`@`localhost` PROCEDURE `spsavepossale`($refno varchar(50),$customerid numeric,$posid numeric,$userid numeric)
BEGIN
	declare $receiptno varchar(50);
	declare $id numeric;
	declare $salesaccount int;
	declare $debtorscontrolaccount int;
	declare $creditsaleid int;
	declare $creditsales numeric(18,2);
	declare $creditreferenceno varchar(50);
	declare $customername varchar(100);
	declare $narration varchar(1000);
	
	SET $salesaccount=(SELECT id FROM glaccounts WHERE accountcode =(SELECT`account` FROM `glaccountsettings` WHERE description='Sales'));
	SET $debtorscontrolaccount=(SELECT id FROM glaccounts WHERE accountcode =(SELECT`account` FROM `glaccountsettings` WHERE description='Debtors Control Account'));
	set $creditsaleid=(select id from paymentmethods where description='Credit');
	-- declare $creditnotetotal decimal(10,2);
	-- declare $creditnoteid int;
	set $customername=(select customername from `customers` where `customerid`=$customerid);
	-- generate receipt number	
	set $receiptno=fngeneratereceiptno();
	-- get creditnote id
	/* set $creditnoteid=(select `id` from `creditnotes` where `noteno`=$creditnoteno); */
	-- get credit note total
	/* SET $creditnotetotal=IFNULL((SELECT SUM(`quantity`*`unitprice`) FROM `creditnotedetails` WHERE `noteid`=$creditnoteid),0);*/
	
	START transaction;
		-- post the receipt details
		insert into `possales`(`receiptno`,`receiptdate`,`customerid`,`pointofsaleid`,`addedby`)
		values($receiptno,now(),$customerid,$posid,$userid);
		
		-- get the currently inserted id
		SET $id=(select max(`id`) from `possales`);
		
		-- post point of sale details
		insert into `possalesdetails`(`possaleid`,`itemcode`,`quantity`,`unitprice`,`discount`,`serialno`,`taxtypeid`,`taxrate`,`description`)
		select $id,`itemcode`,`quantity`,`unitprice`,`discount`,`serialno`,`taxtypeid`,`taxrate`,`description` FROM `tempsale` where `refno`=$refno;
		-- Generate invoice number
		set @invoiceno=fngeneratecustomercreditrefno();
		-- post payment methods
		insert into `possalespayments`(`possaleid`,`paymentmode`,`reference`,`amount`)
		select $id,`paymentmodeid`, case when paymentmodeid=4 then @invoiceno else `reference` end `reference`,`amount` from `temppossalespayment` where `refno`=$refno;
		-- increment receiptnumber counter
		update `serials` set `currentno`=`currentno`+1 where `documenttype`='Receipt';
		
		-- Update all MPESA payments used to settle this transaction
		update `mpesaconfirmation` set `used`=1, `receiptno`=$receiptno 
		where `reference` in(select `reference` from `temppossalespayment` where `paymentmodeid`=2 and `refno`=$refno);
		
		-- update creditnote as used
		update `creditnotes` set `used`=1, `possaleid`=$id where `id` in(select `reference` from `temppossalespayment` where `refno`=$refno and `paymentmodeid`=4);
		-- Check if credit sale and post to GL debtors and sales
		set $creditsales=ifnull((select amount FROM `temppossalespayment` WHERE `refno`=$refno and `paymentmodeid`=$creditsaleid),0);
		-- set $creditreferenceno=(select `reference` from `temppossalespayment` WHERE `refno`=$refno);
		if $creditsales>0 then 
			
			set $narration=concat('Credit sale advanced to ',$customername,' account id: ',$customerid,' invoice ref: ',@invoiceno);
			-- check if the customers suspense account has money
			SET @debitedcustomerid= ABS((SELECT `reference` FROM `temppossalespayment` WHERE `refno`=$refno AND `paymentmodeid`=4));
			set @customersuspensebalance=`fn_getcustomersuspenseaccountbalance`(@debitedcustomerid);
			if @customersuspensebalance>=$creditsales then
				insert into `customersuspenseaccount`(`customerid`,`transactiondate`,`referenceno`,`debit`,`addedby`,`narration`)
				values(@debitedcustomerid,now(),$receiptno,$creditsales,$userid,$narration);
				-- Add a receipt to the customers account for the whole amount
				set @receiptno=`spgeneratecustomerreceiptno`();
				insert into `customerreceipts`(`receiptno`,`customerid`,`receiptdate`,`addedby`,`modeofpayment`,`referenceno`)
				values(@receiptno,$customerid,now(),$userid,$creditsaleid,@invoiceno);
				-- get entered receipt id
				set @receiptid=(select max(id) from `customerreceipts`);
				-- add receipt details
				insert into `customerreceiptdetails`(`receiptid`,`possaleid`,`amount`)
				values(@receiptid,$id,$creditsales);
			else 
				-- SET @debitedcustomerid=ABS((SELECT `reference` FROM `temppossalespayment` WHERE `refno`=$refno AND `paymentmodeid`=4));
				INSERT INTO `customersuspenseaccount`(`customerid`,`transactiondate`,`referenceno`,`debit`,`addedby`,`narration`)
				VALUES(@debitedcustomerid,NOW(),$receiptno,@customersuspensebalance,$userid,$narration);
				
				-- Add a receipt to the customers account for the whole amount
				SET @receiptno=`spgeneratecustomerreceiptno`();
				INSERT INTO `customerreceipts`(`receiptno`,`customerid`,`receiptdate`,`addedby`,`modeofpayment`,`referenceno`)
				VALUES(@receiptno,$customerid,NOW(),$userid,$creditsaleid,@invoiceno);
				-- get entered receipt id
				SET @receiptid=(SELECT MAX(id) FROM `customerreceipts`);
				-- add receipt details
				INSERT INTO `customerreceiptdetails`(`receiptid`,`possaleid`,`amount`)
				VALUES(@receiptid,$id,@customersuspensebalance);
				
				set $creditsales=$creditsales-@customersuspensebalance;
				
				if $creditsales>0 then 
					-- Add the balance to the gl statement for debtors
					SET $customerid=ABS((SELECT `reference` FROM `temppossalespayment` WHERE `refno`=$refno AND `paymentmodeid`=4));
					SET $customername=(SELECT customername FROM `customers` WHERE `customerid`=$customerid);
					-- debit debtors control account
					INSERT INTO `gltransactions`(`referenceno`,`transactiondate`,`glaccount`,`glcontraaccount`,`narration`,`debit`,`credit`,`addedby`)
					VALUES($receiptno,NOW(),$debtorscontrolaccount,$salesaccount,$narration,$creditsales,0,$userid);
					-- credit sales account
					INSERT INTO `gltransactions`(`referenceno`,`transactiondate`,`glaccount`,`glcontraaccount`,`narration`,`debit`,`credit`,`addedby`)
					VALUES($receiptno,NOW(),$salesaccount,$debtorscontrolaccount,$narration,0,$creditsales,$userid);
					-- Increment the credit reference number counter
				end if;
				
			end if;
			UPDATE `serials` SET `currentno`=`currentno`+1 WHERE `documenttype`='Credit sale';
		end if;
		
		-- Check if a crate was sold and reduce from the crates inventory
		if exists(select * from tempsale where `itemcode` in(select `productid` from `cratesinventorysettings`)) then 
			insert into `cratesinventory` (`productid`,`quantity`,`unitprice`,`dateadded`,`narration`,`reference`,`addedby`)
			select `itemcode`,`quantity`,`unitprice`,now(),'Crate Deposit Received.', $receiptno,$userid from `tempsale`
			where `itemcode` in(SELECT `productid` FROM `cratesinventorysettings`);
		end if;
		
		-- Check if payment from customers account and create an invoice there
		
		-- delete the temporary data
		DELETE FROM `tempsale` WHERE `refno`=$refno;
		DELETE FROM `temppossalespayment` WHERE `refno`=$refno;
		
		-- get the receipt number
		SELECT $receiptno AS receiptno;
	commit;
	
    END */$$
DELIMITER ;

/* Procedure structure for procedure `spsaveprivileges` */

/*!50003 DROP PROCEDURE IF EXISTS  `spsaveprivileges` */;

DELIMITER $$

/*!50003 CREATE DEFINER=`root`@`localhost` PROCEDURE `spsaveprivileges`($id int,$category varchar(50),$refno varchar(50),$userid int)
BEGIN
	start transaction;
		if $category='user' then 
			begin
				-- delete all privileges
				delete from `userprivileges` where `userid`=$id;
				-- add the ones from the temp table
				insert into `userprivileges` (`userid`,`objectid`,`allowed`,`addedby`,`lastupdatedby`,`lastdateupdated`)
				select $id,`objectid`,`valid`,$userid,$userid,now() from `tempprivilege` where `refno`=$refno;
			end;
		else
			begin
				-- delete all role privileges
				delete from `roleprivileges` where `roleid`=$id;
				-- add new ones from the temp table
				insert into `roleprivileges`(`roleid`,`objectid`,`allowed`,`dateadded`,`addedby`)
				SELECT $id,`objectid`,`valid`,NOW(),$userid FROM `tempprivilege` WHERE `refno`=$refno; 
			end;
		end if;
		-- Remove temporary data
		delete from `tempprivilege` WHERE `refno`=$refno;
	commit;
    END */$$
DELIMITER ;

/* Procedure structure for procedure `spsaveproduct` */

/*!50003 DROP PROCEDURE IF EXISTS  `spsaveproduct` */;

DELIMITER $$

/*!50003 CREATE DEFINER=`root`@`localhost` PROCEDURE `spsaveproduct`($id numeric,$itemcode varchar(50),$itemname varchar(50),$categoryid numeric,$uom varchar(50),
	$buyingprice numeric,$sellingprice numeric,$reorderlevel numeric,$userid numeric,$refno varchar(50),
	$generateitemcode bool,$canserialize bool, $bundleitem boolean,$taxtypeid int,$itemlength decimal(18,2),$itemwidth decimal(18,2),$itemheight decimal(18,2))
BEGIN
	declare $generatedid numeric;
	-- SET @taxrate=(select taxrate from `taxtypes` where `id`=$taxtypeid);
	start transaction;
		
		if $id=0 then 
			-- Check if we are generating item code
			if $generateitemcode=1 then
				-- Generate Item code
				set $itemcode=(select fngenerateproductcode($categoryid));
				-- Increment Counter
				update `categories` set `currentno`=`currentno`+1 where `categoryid`=$categoryid;
			end if;
			insert into `products`(`itemcode`,`itemname`,`unitofmeasure`,`buyingprice`,`sellingprice`,`categoryid`,`dateadded`,`addedby`,`deleted`,`reorderlevel`,`serializable`,
				`bundleitem`,`taxtypeid`,`length`,`width`,`height`)
			values($itemcode,$itemname,$uom,$buyingprice,$sellingprice,$categoryid,now(),$userid,0,$reorderlevel,$canserialize,
				$bundleitem,$taxtypeid,$itemlength,$itemwidth,$itemheight);
			set $id=(SELECT MAX(`productid`) FROM `products`);
		else
			update `products` set `itemcode`=$itemcode,`itemname`=$itemname,`unitofmeasure`=$uom,`buyingprice`=$buyingprice,`sellingprice`=$sellingprice,
			`categoryid`=$categoryid,`reorderlevel`=$reorderlevel ,`lastmodifiedon`=now(),`lastmodifiedby`=$userid , `serializable`=$canserialize, 
			`bundleitem`=$bundleitem,`taxtypeid`=$taxtypeid,`length`=$itemlength,`width`=$itemwidth,`height`=$itemheight
			where `productid`=$id;
		end if;
		-- delete existing price matrix
		delete from `customerpricematrix` where `itemid`=$id;
		
		-- insert price matrix
		insert into `customerpricematrix`(`itemid`,`customercategoryid`,`percentage`,`value`)
		SELECT $id,`catid`,`percentage`,`value` FROM `temppricematrix` WHERE `refno`=$refno;
		
		-- delete the temporary price matrix data 
		delete from `temppricematrix` where `refno`=$refno;
		
	commit;
    END */$$
DELIMITER ;

/* Procedure structure for procedure `spsavepurchaseorder` */

/*!50003 DROP PROCEDURE IF EXISTS  `spsavepurchaseorder` */;

DELIMITER $$

/*!50003 CREATE DEFINER=`root`@`localhost` PROCEDURE `spsavepurchaseorder`($id numeric,$refno varchar(50), $supplierid int,$terms varchar(1000),$category varchar(50),
	$currencyid int,$exchangerate decimal(18,2),$departmentid int,$taxid int,$taxrate decimal(18,2),$userid int)
BEGIN
	DECLARE $purchaseorderno VARCHAR(50);
	DECLARE $orderid NUMERIC;
	
	if $id=0 then 
		start transaction;
		
			-- generate the purchase order number
			set $purchaseorderno=fngeneratepurchaseorderno();
			
			-- save the purchase order 
			insert into `purchaseorders`(`purchaseorderno`,`date`,`supplierid`,`expecteddate`,`status`,`terms`,`departmentid`,`category`,
				`currencyid`,`exchangerate`,`taxid`,`taxrate`,`addedby`)
			values($purchaseorderno,now(),$supplierid,now(),'Pending',$terms,$departmentid,$category,
				$taxid,$taxrate,$currencyid,$exchangerate,$userid);
		
			-- get the generated order id 
			select   max(`id`) into $orderid  From `purchaseorders`;
		
			-- save the purchase order details
			insert into `purchaseorderdetails`(`purchaseorderid`,`itemcode`,`quanity`,`unitprice`,`taxable`,`taxinclusive`)
			select $orderid,`itemcode`,`quantity`,`unitprice`,`taxable`,`taxinclusive` from `temppurchaseorder` where `refno`=$refno;
		
			-- delete temppurchase order data
			delete from `temppurchaseorder` where `refno`=$refno;
			
			-- increment the serial counter for purchase orders 
			UPDATE `serials` SET `currentno`=`currentno`+1 WHERE `documenttype`='Purchase Order';
		
		commit;
	else
		start transaction;
			
			-- delete purchase order details first
			delete from `purchaseorderdetails` where `purchaseorderid`=$id;
			
			-- update purchse order details
			update `purchaseorders` set `supplierid`=$supplierid,`terms`=$terms,`departmentid`=$departmentid,`category`=$category,
			`currencyid`=$currencyid,`exchangerate`=$exchangerate,`lastmodifiedon`=now(),`lastmodifiedby`=$userid,`taxid`=$taxid,
			`taxrate`=$taxrate
			where `id`=$id;
			
			-- insert purchase order details
			
			INSERT INTO `purchaseorderdetails`(`purchaseorderid`,`itemcode`,`quanity`,`unitprice`,`taxable`,`taxinclusive`)
			SELECT $id,`itemcode`,`quantity`,`unitprice`,`taxable`,`taxinclusive` FROM `temppurchaseorder` WHERE `refno`=$refno;
			
			-- delete temporary data
			DELETE FROM `temppurchaseorder` WHERE `refno`=$refno;
			
			-- get purchase order no from the id
			set $purchaseorderno=(select `purchaseorderno` from `purchaseorders` where `id`=$id);
		commit;
	
	end if;
	
	select $purchaseorderno as purchaseorderno;
    END */$$
DELIMITER ;

/* Procedure structure for procedure `spsavereturninwards` */

/*!50003 DROP PROCEDURE IF EXISTS  `spsavereturninwards` */;

DELIMITER $$

/*!50003 CREATE DEFINER=`root`@`localhost` PROCEDURE `spsavereturninwards`($refno varchar(50),$receiptno varchar(50),$userid int,$narration varchar(1000))
BEGIN
	set @possaleid=(select id from `possales` where `receiptno`=$receiptno);
	-- Generate return inwards ref
	set @refno=`fngeneratereturninwardsref`();
	start transaction;
		insert into `returninwards`(`refno`,`possaleid`,`productid`,`serialno`,`quantity`,`dateadded`,`addedby`,`narration`)
		select @refno,@possaleid,`productid`,`serialno`,`quantity`,now(),$userid,$narration from `tempreturns` where `refno`=$refno;
		-- Update reference no generation counter
		update serials set currentno=currentno+1 where `documenttype`='Return Inwards';
		-- Delete temporary data
		delete from `tempreturns` WHERE `refno`=$refno;
		-- Return the generated reference number
		select @refno as referenceno;
	commit;
    END */$$
DELIMITER ;

/* Procedure structure for procedure `spsavereturninwardscollection` */

/*!50003 DROP PROCEDURE IF EXISTS  `spsavereturninwardscollection` */;

DELIMITER $$

/*!50003 CREATE DEFINER=`root`@`localhost` PROCEDURE `spsavereturninwardscollection`($id int,$collectedby varchar(50),$userid int)
BEGIN
	update `returninwards` 
	set `collected`=1,`collectedby`=$collectedby,`datecollected`=now(),`issuedby`=$userid
	where `id`=$id;
    END */$$
DELIMITER ;

/* Procedure structure for procedure `spsavereturnoutwards` */

/*!50003 DROP PROCEDURE IF EXISTS  `spsavereturnoutwards` */;

DELIMITER $$

/*!50003 CREATE DEFINER=`root`@`localhost` PROCEDURE `spsavereturnoutwards`($refno varchar(50),$grnno varchar(50),$narration varchar(1000),$userid int)
BEGIN
    
	set @grnid=(select id from `goodsreceived` where `grnno`=$grnno);
	set @refno=`fngeneratereturnoutwardsref`() ;
	
	start transaction;
		-- Add return outward item(s)
		insert into `returnoutwards`(`refno`,`grnid`,`productid`,`serialno`,`quantity`,`dateadded`,`addedby`,`narration`)
		select @refno,@grnid,`productid`,`serialno`,`quantity`,now(),$userid,$narration from `tempreturns` where `refno`=$refno;
		-- Increment refno generator counter
		update serials set currentno=currentno+1 where documenttype='Return Outwards';
		-- Delete temporary data
		delete from `tempreturns` where refno=$refno;
		-- return the serial number generated
		select @refno as referenceno;
	commit;
	
    END */$$
DELIMITER ;

/* Procedure structure for procedure `spsavereturnoutwardsreturn` */

/*!50003 DROP PROCEDURE IF EXISTS  `spsavereturnoutwardsreturn` */;

DELIMITER $$

/*!50003 CREATE DEFINER=`root`@`localhost` PROCEDURE `spsavereturnoutwardsreturn`($id int,$userid int)
BEGIN
	update `returnoutwards` 
	set `delivered`=1,`datedelivered`=now(), `receivedby`=$userid
	where `id`=$id;
    END */$$
DELIMITER ;

/* Procedure structure for procedure `spsaverole` */

/*!50003 DROP PROCEDURE IF EXISTS  `spsaverole` */;

DELIMITER $$

/*!50003 CREATE DEFINER=`root`@`localhost` PROCEDURE `spsaverole`($roleid int,$rolename varchar(50), $roledescription varchar(50),$userid int)
BEGIN
	if $roleid=0 then
		insert into `roles` (`rolename`,`roledescription`,`deleted`,`addedby`,`dateadded`)
		values($rolename,$roledescription,0,$userid,now());
		set $roleid=(select max(`roleid`) `roleid` from `roles`);
	else
		update `roles` set `rolename`=$rolename,`roledescription`=$roledescription, `lastdatemodified`=now(), `lastmodifiedby`=$userid
		where `roleid`=$roleid;
	end if;
	select $roleid as `roleid`;
    END */$$
DELIMITER ;

/* Procedure structure for procedure `spsaveroleusers` */

/*!50003 DROP PROCEDURE IF EXISTS  `spsaveroleusers` */;

DELIMITER $$

/*!50003 CREATE DEFINER=`root`@`localhost` PROCEDURE `spsaveroleusers`($userid int,$roleid int,$addedby int)
BEGIN
	if not exists (select * from `roleusers` where `roleid`=$roleid and `userid`=$userid and ifnull(`deleted`,0)=0) then
		insert into `roleusers`(`roleid`,`userid`,`dateadded`,`addedby`)
		values($roleid,$userid,now(),$addedby);
	end if;
    END */$$
DELIMITER ;

/* Procedure structure for procedure `spsavesmslog` */

/*!50003 DROP PROCEDURE IF EXISTS  `spsavesmslog` */;

DELIMITER $$

/*!50003 CREATE DEFINER=`root`@`localhost` PROCEDURE `spsavesmslog`($mobileno varchar(50),$customerid varchar(50),$message varchar(1000),$messageid varchar(50),$messagestatus varchar(50))
BEGIN
		insert into `smslog`(`mobileno`,`customerid`,`message`,`messageid`,`status`,`datesent`)
		values($mobileno,$customerid,$message,$messageid,$messagestatus,now());
	END */$$
DELIMITER ;

/* Procedure structure for procedure `spsavestockreconciledbalance` */

/*!50003 DROP PROCEDURE IF EXISTS  `spsavestockreconciledbalance` */;

DELIMITER $$

/*!50003 CREATE DEFINER=`root`@`localhost` PROCEDURE `spsavestockreconciledbalance`($refno varchar(50),$narration varchar(50),$userid int)
BEGIN
	start transaction;
		-- Insert reconcilliation header
		insert into `stockreconciledbalance`(`reconciliationdate`,`userid`,`narration`)
		values(now(),$userid,$narration);
		-- Get the Inserted Id
		set @id=(select max(id) from `stockreconciledbalance`);
		-- Insert the reconcilliation details
		insert into `stockreconciledbalancedetails` (`reconciliationid`,`itemid`,`quantity`,`unitprice`)
		select @id, `itemid`,`quantity`,`unitprice` from `tempstockreconcilebalancedetails` where `refno`=$refno;
		-- Remove temporary data 
		delete from `tempstockreconcilebalancedetails` where `refno`=$refno;
	commit;	
    END */$$
DELIMITER ;

/* Procedure structure for procedure `spsavestocktransfer` */

/*!50003 DROP PROCEDURE IF EXISTS  `spsavestocktransfer` */;

DELIMITER $$

/*!50003 CREATE DEFINER=`root`@`localhost` PROCEDURE `spsavestocktransfer`(
	$refno varchar(50),$sourcetype varchar(50),$sourceid numeric,$destinationtype varchar(50),$destinationid numeric,$userid numeric,
	$issuedto int,$storecontroller int)
BEGIN
	declare $transferrefno varchar(50);
	declare $id numeric;
	
	start transaction;
		-- generate reference number
		set $transferrefno=`fngeneratestocktransaferno`();
		-- save transfer header details
		insert into `stocktransfer`(`referenceno`,`sourcetype`,`sourceid`,`destinationtype`,`destinationid`,`addedby`,`dateadded`,`issuedto`,`storecontroller`)
		values($transferrefno,$sourcetype,$sourceid,$destinationtype,$destinationid,$userid,now(),$issuedto,$storecontroller);
		-- get the mpost recently inserted id
		set $id=(select max(`id`) from `stocktransfer`);
		-- save transfer items details
		insert into `stocktransferdetails`(`transferid`,`itemcode`,`quantity`,`unitprice`,`serialno`)
		select $id,`itemcode`,sum(`quantity`) as quantity,`unitprice`,`serialno` 
		from `tempstocktransfer` where `refno`=$refno 
		group by $id,`itemcode`,`unitprice`,`serialno`;
		-- increment counter
		update `serials` set `currentno`=`currentno`+1 where `documenttype`='Stock Transfer';
		-- delete temporary data
		delete from `tempstocktransfer` where `refno`=$refno;
		-- return reference number generated
		select  $transferrefno as transfercode;		
	commit;
    END */$$
DELIMITER ;

/* Procedure structure for procedure `spsavesupplier` */

/*!50003 DROP PROCEDURE IF EXISTS  `spsavesupplier` */;

DELIMITER $$

/*!50003 CREATE DEFINER=`root`@`localhost` PROCEDURE `spsavesupplier`($supplierid int,$suppliername varchar(50),$physicaladdress varchar(100),$postaladdress varchar(100),$creditlimit numeric,
    $mobile varchar(50),$email varchar(50),$userid numeric)
BEGIN
	if $supplierid=0 then 
		insert into `suppliers`(`suppliername`,`physicaladdress`,`postaladdress`,`creditlimit`,`mobile`,`email`,`dateadded`,`addedby`,`deleted`)
		values($suppliername,$physicaladdress,$postaladdress,$creditlimit,$mobile,$email,now(),$userid,0);
	else
		update `suppliers` set `suppliername`=$suppliername,`physicaladdress`=$physicaladdress,`postaladdress`=$postaladdress,`creditlimit`=$creditlimit,
		`mobile`=$mobile,`email`=$email, `lastdatemodified`=now(), `lastmodifiedby`=$userid where `supplierid`=$supplierid;
	end if;
    END */$$
DELIMITER ;

/* Procedure structure for procedure `spsavesupplierinvoice` */

/*!50003 DROP PROCEDURE IF EXISTS  `spsavesupplierinvoice` */;

DELIMITER $$

/*!50003 CREATE DEFINER=`root`@`localhost` PROCEDURE `spsavesupplierinvoice`($refno varchar(50),$invoiceno varchar(50),$supplierid int,$invoicedate datetime,$userid int)
BEGIN
	declare $id int;
	declare $inventoryaccount int;
	declare $suppliercontrolaccount int;
	declare $suppliername varchar(100);
	declare $description varchar(1000);
	declare $total numeric(10,2);
	
	start transaction;
		
		set $suppliername=(select `suppliername` from `suppliers` where `supplierid`=$supplierid);
		
		set $description=concat('Invoice #',$invoiceno,' received from ',$suppliername);
		
		-- select concat('The refno is:' ,$refno) as refno;
		
		
		set $total=(SELECT sum(g.`quantity`* pod.`unitprice`) FROM `tempsupplierinvoice` t, `products` p,
		`goodsreceiveddetails` g, `purchaseorders` po, `purchaseorderdetails` pod
		WHERE g.`grnno`=t.`grnno` AND g.`itemcode`=p.`productid` AND g.`purchaseorderno`=po.`purchaseorderno` AND po.`id`=pod.`purchaseorderid`
		AND p.productid=pod.itemcode AND t.refno=$refno);
		
		set $suppliercontrolaccount=(select `id` from `glaccounts` where `accountcode`=(select `account` from `glaccountsettings` where `description`='Suppliers Control Account'));
		
		set $inventoryaccount=(SELECT `id` FROM `glaccounts` WHERE `accountcode`=(SELECT `account` FROM `glaccountsettings` WHERE `description`='Cost of Goods Sold'));
		-- select concat('Total for invoice #',$invoiceno, ' is ',$total);
		-- save the invoice
		insert into `supplierinvoice`(`supplierid`,`invoiceno`,`invoicedate`,`addedby`,`dateadded`)
		values($supplierid,$invoiceno,$invoicedate,$userid,now());
		-- get invoice id
		set $id=(select max(`id`) from `supplierinvoice`); -- LAST_INSERT_ID('supplierinvoice');-- 
		-- add invoice details
		insert into `supplierinvoicedetails`(`invoiceid`,`referenceno`,`itemcode`,`description`,`quantity`,`unitprice`)
		SELECT $id,g.`grnno`,g.`itemcode`, p.`itemname`, g.`quantity`, pod.`unitprice` FROM `tempsupplierinvoice` t, `products` p,
		`goodsreceiveddetails` g, `purchaseorders` po, `purchaseorderdetails` pod
		WHERE g.`grnno`=t.`grnno` AND g.`itemcode`=p.`productid` AND g.`purchaseorderno`=po.`purchaseorderno` AND po.`id`=pod.`purchaseorderid`
		AND p.productid=pod.itemcode AND t.refno=$refno;
		-- update grn used
		update `goodsreceived` set `invoiced`=1, `invoiceno`=$id, `status`='Invoiced' where `grnno` in(select grnno from `tempsupplierinvoice` where `refno`=$refno);
		-- post gl entries
		-- Credit suppliers control account
		insert into `gltransactions`(`referenceno`,`transactiondate`,`glaccount`,`glcontraaccount`,`narration`,`debit`,`credit`,`addedby`)
		values($invoiceno,now(),$suppliercontrolaccount, $inventoryaccount, $description,0,$total,$userid) ;
		-- Debit Inventory
		INSERT INTO `gltransactions`(`referenceno`,`transactiondate`,`glaccount`,`glcontraaccount`,`narration`,`debit`,`credit`,`addedby`)
		VALUES($invoiceno,NOW(), $inventoryaccount,$suppliercontrolaccount, $description,$total,0,$userid) ;
		-- delete temp data
		delete from `tempsupplierinvoice` where `refno`=$refno;
	commit;
    END */$$
DELIMITER ;

/* Procedure structure for procedure `spsavesupplierproduct` */

/*!50003 DROP PROCEDURE IF EXISTS  `spsavesupplierproduct` */;

DELIMITER $$

/*!50003 CREATE DEFINER=`root`@`localhost` PROCEDURE `spsavesupplierproduct`($supplierid int,$productid int,$userid int)
BEGIN
	if not exists(select * from `supplierproducts` where `supplierid`=$supplierid and `productid`=$productid and `deleted`=0) then 
		insert into `supplierproducts`(`supplierid`,`productid`,`addedby`,`dateadded`,`deleted`)
		values($supplierid,$productid,$userid,now(),0);
	end if;
    END */$$
DELIMITER ;

/* Procedure structure for procedure `spsavetempbanking` */

/*!50003 DROP PROCEDURE IF EXISTS  `spsavetempbanking` */;

DELIMITER $$

/*!50003 CREATE DEFINER=`root`@`localhost` PROCEDURE `spsavetempbanking`($refno varchar(50),$receiptno varchar(50),$reference varchar(50),$amount decimal(10,2),$customername varchar(50),$id int)
BEGIN
	insert into `tempbanking`(`refno`,`receiptno`,`reference`,`amount`,`customername`,`id`)
	values($refno,$receiptno,$reference,$amount,$customername,$id);
    END */$$
DELIMITER ;

/* Procedure structure for procedure `spsavetempcreditnotedetails` */

/*!50003 DROP PROCEDURE IF EXISTS  `spsavetempcreditnotedetails` */;

DELIMITER $$

/*!50003 CREATE DEFINER=`root`@`localhost` PROCEDURE `spsavetempcreditnotedetails`($refno varchar(50),$itemcode varchar(50),$quantity numeric, $unitprice numeric)
BEGIN
	DECLARE $itemid INT;
	SET $itemid=(SELECT `productid` FROM `products` WHERE `itemcode`=$itemcode);
	insert into `tempcreditnote`(`refno`,`itemcode`,`quantity`,`unitprice`)
	values($refno,$itemid,$quantity,$unitprice);
    END */$$
DELIMITER ;

/* Procedure structure for procedure `spsavetempcustomerinvoice` */

/*!50003 DROP PROCEDURE IF EXISTS  `spsavetempcustomerinvoice` */;

DELIMITER $$

/*!50003 CREATE DEFINER=`root`@`localhost` PROCEDURE `spsavetempcustomerinvoice`($refno varchar(50),$grnno varchar(50))
BEGIN
	insert into `tempcustomerinvoice`(`refno`,`grnno`)
	values($refno,$grnno);
    END */$$
DELIMITER ;

/* Procedure structure for procedure `spsavetempgltransaction` */

/*!50003 DROP PROCEDURE IF EXISTS  `spsavetempgltransaction` */;

DELIMITER $$

/*!50003 CREATE DEFINER=`root`@`localhost` PROCEDURE `spsavetempgltransaction`($refno varchar(50),$glaccount int, $glcontraaccount int, $narration varchar(500),$debit float,$credit float)
BEGIN
	insert into `tempgltransaction`(`refno`,`glaccount`,`glcontraaccount`,`narration`,`debit`,`credit`)
	values($refno,$glaccount,@contraaccount,$narration,$debit,$credit);
    END */$$
DELIMITER ;

/* Procedure structure for procedure `spsavetempgoodsreceived` */

/*!50003 DROP PROCEDURE IF EXISTS  `spsavetempgoodsreceived` */;

DELIMITER $$

/*!50003 CREATE DEFINER=`root`@`localhost` PROCEDURE `spsavetempgoodsreceived`($refno varchar(50),$pono varchar(50),$itemcode int,$quantity decimal(11,2),$serialno varchar(50))
BEGIN
	-- declare $itemid int;
	-- set $itemid=(select `productid` from `products` where `itemcode`=$itemcode);
	insert into `tempgoodsreceived`(`refno`,`purchaseorderno`,`itemcode`,`quantity`,`serialno`)
	values($refno,$pono,$itemcode,$quantity,$serialno);
    END */$$
DELIMITER ;

/* Procedure structure for procedure `spsavetempjournaldetails` */

/*!50003 DROP PROCEDURE IF EXISTS  `spsavetempjournaldetails` */;

DELIMITER $$

/*!50003 CREATE DEFINER=`root`@`localhost` PROCEDURE `spsavetempjournaldetails`($refno varchar(50),$glaccount int,$narration varchar(100),$debit float,$credit float)
BEGIN
	insert into `tempjournaldetails`(`refno`,`glaccount`,`narration`,`debit`,`credit`)
	values($refno,$glaccount,$narration,$debit,$credit);
    END */$$
DELIMITER ;

/* Procedure structure for procedure `spsavetemppossalepayment` */

/*!50003 DROP PROCEDURE IF EXISTS  `spsavetemppossalepayment` */;

DELIMITER $$

/*!50003 CREATE DEFINER=`root`@`localhost` PROCEDURE `spsavetemppossalepayment`($refno varchar(50),$paymentmode int,$referenceno varchar(50), $amount decimal(18,2))
BEGIN	
	insert into `temppossalespayment`(`refno`,`paymentmodeid`,`reference`,`amount`)
	values($refno,$paymentmode,$referenceno,$amount);
    END */$$
DELIMITER ;

/* Procedure structure for procedure `spsavetemppricematrix` */

/*!50003 DROP PROCEDURE IF EXISTS  `spsavetemppricematrix` */;

DELIMITER $$

/*!50003 CREATE DEFINER=`root`@`localhost` PROCEDURE `spsavetemppricematrix`($refno varchar(50),$catid numeric,$percentage bit,$val numeric)
BEGIN
	insert into `temppricematrix`(`refno`,`catid`,`percentage`,`value`)
	values($refno,$catid,$percentage,$val);
    END */$$
DELIMITER ;

/* Procedure structure for procedure `spsavetempprivilege` */

/*!50003 DROP PROCEDURE IF EXISTS  `spsavetempprivilege` */;

DELIMITER $$

/*!50003 CREATE DEFINER=`root`@`localhost` PROCEDURE `spsavetempprivilege`($refno varchar(50),$id int, $objectid int,$valid bit)
BEGIN
	insert into `tempprivilege`(`refno`,`id`,`objectid`,`valid`)
	values($refno,$id,$objectid,$valid);
    END */$$
DELIMITER ;

/* Procedure structure for procedure `spsavetemppurchaseorderitem` */

/*!50003 DROP PROCEDURE IF EXISTS  `spsavetemppurchaseorderitem` */;

DELIMITER $$

/*!50003 CREATE DEFINER=`root`@`localhost` PROCEDURE `spsavetemppurchaseorderitem`($refno varchar(50),$itemcode varchar(50),$quantity decimal(18,2),$unitprice decimal(18,2),
	$taxable int,$taxinclusive int)
BEGIN
	declare $itemid int;
	set $itemid=(select `productid` from `products` where `itemcode`=$itemcode);
	insert into `temppurchaseorder`(`refno`,`itemcode`,`quantity`,`unitprice`,`taxable`,`taxinclusive`)
	values($refno,$itemid,$quantity,$unitprice,$taxable,$taxinclusive);
    END */$$
DELIMITER ;

/* Procedure structure for procedure `spsavetempreconcilebalancedetails` */

/*!50003 DROP PROCEDURE IF EXISTS  `spsavetempreconcilebalancedetails` */;

DELIMITER $$

/*!50003 CREATE DEFINER=`root`@`localhost` PROCEDURE `spsavetempreconcilebalancedetails`($refno varchar(50),$itemid int,$quantity numeric(18,2),$unitprice numeric(18,2))
BEGIN
	insert into `tempstockreconcilebalancedetails`(`refno`,`itemid`,`quantity`,`unitprice`)
	values($refno,$itemid,$quantity,$unitprice);
    END */$$
DELIMITER ;

/* Procedure structure for procedure `spsavetempreturns` */

/*!50003 DROP PROCEDURE IF EXISTS  `spsavetempreturns` */;

DELIMITER $$

/*!50003 CREATE DEFINER=`root`@`localhost` PROCEDURE `spsavetempreturns`($refno varchar(50),$productid varchar(50),$serialno varchar(50),$quantity numeric(18,2))
BEGIN
	insert into `tempreturns`(`refno`,`productid`,`quantity`,`serialno`)
	values($refno,$productid,$quantity,$serialno);
    END */$$
DELIMITER ;

/* Procedure structure for procedure `spsavetempsale` */

/*!50003 DROP PROCEDURE IF EXISTS  `spsavetempsale` */;

DELIMITER $$

/*!50003 CREATE DEFINER=`root`@`localhost` PROCEDURE `spsavetempsale`($refno varchar(50),$itemcode varchar(50),$quantity decimal(10,2),$unitprice decimal(10,2),
	$discount decimal(10,2),$serialno varchar(50),$description varchar(500))
BEGIN
	DECLARE $itemid INT;
	declare $taxtypeid int;
	declare $taxrate numeric(18,2);
	SET $itemid=(SELECT `productid` FROM `products` WHERE `itemcode`=$itemcode);
	SET $taxtypeid=(SELECT `taxtypeid` FROM `products` WHERE `itemcode`=$itemcode);
	SET $taxrate=(SELECT `taxrate` FROM `taxtypes` WHERE `id`=$taxtypeid);
	insert into `tempsale`(`refno`,`itemcode`,`unitprice`,`discount`,`quantity`,`serialno`,`taxtypeid`,`taxrate`,`description`)
	values($refno,$itemid,$unitprice,$discount,$quantity,$serialno,$taxtypeid,$taxrate,$description);
    END */$$
DELIMITER ;

/* Procedure structure for procedure `spsavetempstocktransfer` */

/*!50003 DROP PROCEDURE IF EXISTS  `spsavetempstocktransfer` */;

DELIMITER $$

/*!50003 CREATE DEFINER=`root`@`localhost` PROCEDURE `spsavetempstocktransfer`($refno varchar(50),$itemcode varchar(50),$unitprice numeric(10,2),$quantity numeric(10,2),$serialno varchar(50))
BEGIN
	DECLARE $itemid INT;
	SET $itemid=(SELECT `productid` FROM `products` WHERE `itemcode`=$itemcode);
	insert into `tempstocktransfer`(`refno`,`itemcode`,`quantity`,`unitprice`,`serialno`)
	values($refno,$itemid,$quantity,$unitprice,$serialno);
    END */$$
DELIMITER ;

/* Procedure structure for procedure `spsavetempsupplierinvoice` */

/*!50003 DROP PROCEDURE IF EXISTS  `spsavetempsupplierinvoice` */;

DELIMITER $$

/*!50003 CREATE DEFINER=`root`@`localhost` PROCEDURE `spsavetempsupplierinvoice`($refno varchar(50),$grnno varchar(50))
BEGIN
	insert into `tempsupplierinvoice`(`refno`,`grnno`)
	values($refno,$grnno);
    END */$$
DELIMITER ;

/* Procedure structure for procedure `spsavetepmpaymentvoucherdetails` */

/*!50003 DROP PROCEDURE IF EXISTS  `spsavetepmpaymentvoucherdetails` */;

DELIMITER $$

/*!50003 CREATE DEFINER=`root`@`localhost` PROCEDURE `spsavetepmpaymentvoucherdetails`($refno varchar(50),$itemcode varchar(50),$description varchar(500),$quantity decimal(10,3),$unitprice decimal(10,2),$accountcharged int,$invoicenumber varchar(50))
BEGIN
	insert into `temppaymentvoucherdetails`(`refno`,`itemcode`,`description`,`quantity`,`unitprice`,`accountcharged`,`invoicenumber`)
	values($refno,$itemcode,$description,$quantity,$unitprice,$accountcharged,$invoicenumber);
    END */$$
DELIMITER ;

/* Procedure structure for procedure `spsaveuser` */

/*!50003 DROP PROCEDURE IF EXISTS  `spsaveuser` */;

DELIMITER $$

/*!50003 CREATE DEFINER=`root`@`localhost` PROCEDURE `spsaveuser`($userid int,$userpassword varchar(50),$systemadmin bit,$username varchar(50),$firstname varchar(50),$middlename varchar(50),$lastname varchar(50),
	$email varchar(50),$mobile varchar(50),$changepasswordonlogon bit,$accountactive bit,$addedby int)
BEGIN
	if $userid=0 then 
		-- begin
			insert into `user`(`username`,`password`,`firstname`,`middlename`,`lastname`,`email`,`mobile`,`changepasswordonlogon`,`accountactive`,`addedby`,`dateadded`,systemadmin)
			values($username,$userpassword,$firstname,$middlename,$lastname,$email,$mobile,$changepasswordonlogon,$accountactive,$addedby,now(),$systemadmin);
			set $userid=(select max(`id`) from `user`);
		-- end
	else
		update `user` set `username`=$username,`firstname`=$firstname,`middlename`=$middlename,`lastname`=$lastname,`email`=email,`mobile`=$mobile,
		`changepasswordonlogon`=$changepasswordonlogon,/*`accountactive`=$accountactive,*/`systemadmin`=$systemadmin,`lastmodifiedby`=$addedby,`lastmodifiedon`=now()
		where `id`=$userid;
	end if;
	
	select $userid as `userid`;
	
    END */$$
DELIMITER ;

/* Procedure structure for procedure `spsaveuseroutlet` */

/*!50003 DROP PROCEDURE IF EXISTS  `spsaveuseroutlet` */;

DELIMITER $$

/*!50003 CREATE DEFINER=`root`@`localhost` PROCEDURE `spsaveuseroutlet`($userid int,$outletid int,$addedby int)
BEGIN
	
	if not exists(select * from `useroutlets` where `userid`=$userid and `outletid`=$outletid) then
		insert into `useroutlets`(`userid`,`outletid`,`dateadded`,`addedby`,`deleted`)
		values($userid,$outletid,now(),$addedby,0);
	else
		update `useroutlets` set `deleted`=0,`lastdatemodified`=now(),`lastmodifiedby`=$addedby
		where `userid`=$userid AND `outletid`=$outletid;
	end if;
	
    END */$$
DELIMITER ;

/* Procedure structure for procedure `spsaveuserprivilege` */

/*!50003 DROP PROCEDURE IF EXISTS  `spsaveuserprivilege` */;

DELIMITER $$

/*!50003 CREATE DEFINER=`root`@`localhost` PROCEDURE `spsaveuserprivilege`($userid int,$objectid int,$allowed bit,$useradding int)
BEGIN
	if not exists(select * from `userprivileges` where `objectid`=$objectid and `userid`=$userid) then
		insert into `userprivileges`(`objectid`,`userid`,`allowed`,`dateadded`,`addedby`)
		values($objectid,$userid,$allowed,now(),$useradding);
	else
		update `userprivileges` set `allowed`=$allowed, `lastdateupdated`=now(),`lastupdatedby`=$useradding 
		WHERE `objectid`=$objectid AND `userid`=$userid;
	end if ;
		
    END */$$
DELIMITER ;

/* Procedure structure for procedure `sptempsavecustomerreceiptdetails` */

/*!50003 DROP PROCEDURE IF EXISTS  `sptempsavecustomerreceiptdetails` */;

DELIMITER $$

/*!50003 CREATE DEFINER=`root`@`localhost` PROCEDURE `sptempsavecustomerreceiptdetails`($refno varchar(50),$possaleid numeric,$amount numeric)
BEGIN
	insert into `tempcustomerreceiptdetails`(`refno`,`possaleid`,`amount`)
	values($refno,$possaleid,$amount);
    END */$$
DELIMITER ;

/* Procedure structure for procedure `spvalidateuserprivilege` */

/*!50003 DROP PROCEDURE IF EXISTS  `spvalidateuserprivilege` */;

DELIMITER $$

/*!50003 CREATE DEFINER=`root`@`localhost` PROCEDURE `spvalidateuserprivilege`($userid int,$objectid int)
BEGIN
	declare $admin int;
	declare $valid int default 0;
	set $admin=(select systemadmin from `user` where `id`=$userid);
	if $admin=1 then
		set $valid=1;
	else
		set $valid=ifnull((select `allowed` from `userprivileges` where `userid`=$userid and `objectid`=$objectid),0);
	end if;
	
	select $valid as `allowed`;
	
    END */$$
DELIMITER ;

/* Procedure structure for procedure `sp_approvepurchaseorder` */

/*!50003 DROP PROCEDURE IF EXISTS  `sp_approvepurchaseorder` */;

DELIMITER $$

/*!50003 CREATE DEFINER=`root`@`localhost` PROCEDURE `sp_approvepurchaseorder`($pono varchar(50),$approvallevelid int,$userid int,$narration varchar(500))
BEGIN
    
	set @poid=(select id from `purchaseorders` where `purchaseorderno`=$pono);
	
	insert into `purchaseorderapproval`(`poid`,`approvallevelid`,`approvaluser`,`approvaldate`,`narration`)
	values(@poid,$approvallevelid,$userid,now(),$narration);
	
    END */$$
DELIMITER ;

/* Procedure structure for procedure `sp_checkcustomercontact` */

/*!50003 DROP PROCEDURE IF EXISTS  `sp_checkcustomercontact` */;

DELIMITER $$

/*!50003 CREATE DEFINER=`root`@`localhost` PROCEDURE `sp_checkcustomercontact`($id int, $customerid int,$contactname varchar(50))
BEGIN
	select * 
	from `customercontacts` 
	where `id`!=$id and `customerid`=$customerid and `contactname`=$contactname;
    END */$$
DELIMITER ;

/* Procedure structure for procedure `sp_checkdepartment` */

/*!50003 DROP PROCEDURE IF EXISTS  `sp_checkdepartment` */;

DELIMITER $$

/*!50003 CREATE DEFINER=`root`@`localhost` PROCEDURE `sp_checkdepartment`($id int,$departmentname varchar(50))
BEGIN
	select * from departments  where `departmentname`=$departmentname and `id`<>$id;
    END */$$
DELIMITER ;

/* Procedure structure for procedure `sp_checkfleetvehicleregno` */

/*!50003 DROP PROCEDURE IF EXISTS  `sp_checkfleetvehicleregno` */;

DELIMITER $$

/*!50003 CREATE DEFINER=`root`@`localhost` PROCEDURE `sp_checkfleetvehicleregno`(`$vehicleid` INT, `$regno` VARCHAR(50))
BEGIN
	select * from `fleetvehicles` where `vehicleid`<>$vehicleid and `regno`=$regno;
END */$$
DELIMITER ;

/* Procedure structure for procedure `sp_checkrawmaterial` */

/*!50003 DROP PROCEDURE IF EXISTS  `sp_checkrawmaterial` */;

DELIMITER $$

/*!50003 CREATE DEFINER=`root`@`localhost` PROCEDURE `sp_checkrawmaterial`($id int,$materialname varchar(50))
BEGIN
	select * from `rawmaterials` 
	where `materialid`<>$id and `materialname`=$materialname;
    END */$$
DELIMITER ;

/* Procedure structure for procedure `sp_checkzone` */

/*!50003 DROP PROCEDURE IF EXISTS  `sp_checkzone` */;

DELIMITER $$

/*!50003 CREATE DEFINER=`root`@`localhost` PROCEDURE `sp_checkzone`($id int,$zonename varchar(50))
BEGIN
	select * from `zones` where `id`<>$id and `zonename`=$zonename;
    END */$$
DELIMITER ;

/* Procedure structure for procedure `sp_deletecustomercontact` */

/*!50003 DROP PROCEDURE IF EXISTS  `sp_deletecustomercontact` */;

DELIMITER $$

/*!50003 CREATE DEFINER=`root`@`localhost` PROCEDURE `sp_deletecustomercontact`($id int, $userid int)
BEGIN
	update `customercontacts` 
	set `deleted`=1, `datedeleted`=now(), `deletedby`=$userid
	where `id`=$id;
    END */$$
DELIMITER ;

/* Procedure structure for procedure `sp_deletedepartment` */

/*!50003 DROP PROCEDURE IF EXISTS  `sp_deletedepartment` */;

DELIMITER $$

/*!50003 CREATE DEFINER=`root`@`localhost` PROCEDURE `sp_deletedepartment`($id int)
BEGIN
	update `departments` set deleted=1 where `id`=$id;
    END */$$
DELIMITER ;

/* Procedure structure for procedure `sp_deleterawmaterial` */

/*!50003 DROP PROCEDURE IF EXISTS  `sp_deleterawmaterial` */;

DELIMITER $$

/*!50003 CREATE DEFINER=`root`@`localhost` PROCEDURE `sp_deleterawmaterial`($materialid int,$userid int)
BEGIN
	update `rawmaterials` 
	set `deleted`=1,`datedeleted`=now(),`deletedby`=$userid
	where `materialid`=$materialid;
    END */$$
DELIMITER ;

/* Procedure structure for procedure `sp_deletezone` */

/*!50003 DROP PROCEDURE IF EXISTS  `sp_deletezone` */;

DELIMITER $$

/*!50003 CREATE DEFINER=`root`@`localhost` PROCEDURE `sp_deletezone`($id int,$userid int)
BEGIN
	update `zones` set `deleted`=1,`datedeleted`=now(),`deletedby`=$userid
	where `id`=$id;
    END */$$
DELIMITER ;

/* Procedure structure for procedure `sp_filterfleetrequisitions` */

/*!50003 DROP PROCEDURE IF EXISTS  `sp_filterfleetrequisitions` */;

DELIMITER $$

/*!50003 CREATE DEFINER=`root`@`localhost` PROCEDURE `sp_filterfleetrequisitions`(`$supplierid` INT, `$costcenterid` INT, `$vehicleid` INT, `$startdate` DATE, `$enddate` DATE)
BEGIN
	if $supplierid=0 then
		if $costcenterid=0 then
			if $vehicleid=0 then 
				select r.id,DATE_FORMAT(r.`dateadded`,'%d-%b-%Y')dateadded, `requisitionno`,`suppliername`,`posname`,`regno` vehiclename, quantity, quantity,unitprice unitprice, 
				unitprice*quantity total, case when `dateapproved` is null then 'Pending' else 'Approved' end as `status`
				from `fleetfuelrequisition` r, suppliers s, pointsofsale p, fleetvehicles v
				where r.supplierid=s.supplierid and r.`costcenterid`=p.id and r.vehicleid=v.vehicleid 
				and date_format(r.`dateadded`,'%Y-%m-%d') between $startdate and $enddate 
				order by `requisitionno` desc;
			else
				SELECT r.id,DATE_FORMAT(r.`dateadded`,'%d-%b-%Y')dateadded,`requisitionno`,`suppliername`,`posname`,`regno` vehiclename, quantity, quantity,unitprice unitprice, 
				unitprice*quantity total, CASE WHEN `dateapproved` IS NULL THEN 'Pending' ELSE 'Approved' END AS `status`
				FROM `fleetfuelrequisition` r, suppliers s, pointsofsale p, fleetvehicles v
				WHERE r.supplierid=s.supplierid AND r.`costcenterid`=p.id AND r.vehicleid=v.vehicleid 
				AND DATE_FORMAT(r.`dateadded`,'%Y-%m-%d') BETWEEN $startdate AND $enddate and r.vehicleid=$vehicleid
				ORDER BY `requisitionno` DESC;
			end if;
		else
			IF $vehicleid=0 THEN 
				SELECT r.id,DATE_FORMAT(r.`dateadded`,'%d-%b-%Y')dateadded,`requisitionno`,`suppliername`,`posname`,`regno` vehiclename, quantity, quantity,unitprice unitprice, 
				unitprice*quantity total, CASE WHEN `dateapproved` IS NULL THEN 'Pending' ELSE 'Approved' END AS `status`
				FROM `fleetfuelrequisition` r, suppliers s, pointsofsale p, fleetvehicles v
				WHERE r.supplierid=s.supplierid AND r.`costcenterid`=p.id AND r.vehicleid=v.vehicleid 
				AND DATE_FORMAT(r.`dateadded`,'%Y-%m-%d') BETWEEN $startdate AND $enddate and r.costcenterid=$costcenterid
				ORDER BY `requisitionno` DESC;
			ELSE
				SELECT r.id,DATE_FORMAT(r.`dateadded`,'%d-%b-%Y')dateadded,`requisitionno`,`suppliername`,`posname`,`regno` vehiclename, quantity, quantity,unitprice unitprice, 
				unitprice*quantity total, CASE WHEN `dateapproved` IS NULL THEN 'Pending' ELSE 'Approved' END AS `status`
				FROM `fleetfuelrequisition` r, suppliers s, pointsofsale p, fleetvehicles v
				WHERE r.supplierid=s.supplierid AND r.`costcenterid`=p.id AND r.vehicleid=v.vehicleid 
				AND DATE_FORMAT(r.`dateadded`,'%Y-%m-%d') BETWEEN $startdate AND $enddate AND r.vehicleid=$vehicleid AND r.costcenterid=$costcenterid
				ORDER BY `requisitionno` DESC;
			END IF;
		end if;
	else
		IF $costcenterid=0 THEN
			IF $vehicleid=0 THEN 
				SELECT r.id,DATE_FORMAT(r.`dateadded`,'%d-%b-%Y')dateadded,`requisitionno`,`suppliername`,`posname`,`regno` vehiclename, quantity, quantity,unitprice unitprice, 
				unitprice*quantity total, CASE WHEN `dateapproved` IS NULL THEN 'Pending' ELSE 'Approved' END AS `status`
				FROM `fleetfuelrequisition` r, suppliers s, pointsofsale p, fleetvehicles v
				WHERE r.supplierid=s.supplierid AND r.`costcenterid`=p.id AND r.vehicleid=v.vehicleid and r.supplierid=$supplierid
				AND DATE_FORMAT(r.`dateadded`,'%Y-%m-%d') BETWEEN $startdate AND $enddate 
				ORDER BY `requisitionno` DESC;
			ELSE
				SELECT r.id,DATE_FORMAT(r.`dateadded`,'%d-%b-%Y')dateadded,`requisitionno`,`suppliername`,`posname`,`regno` vehiclename, quantity, quantity,unitprice unitprice, 
				unitprice*quantity total, CASE WHEN `dateapproved` IS NULL THEN 'Pending' ELSE 'Approved' END AS `status`
				FROM `fleetfuelrequisition` r, suppliers s, pointsofsale p, fleetvehicles v
				WHERE r.supplierid=s.supplierid AND r.`costcenterid`=p.id AND r.vehicleid=v.vehicleid 
				AND DATE_FORMAT(r.`dateadded`,'%Y-%m-%d') BETWEEN $startdate AND $enddate AND r.vehicleid=$vehicleid  AND r.supplierid=$supplierid
				ORDER BY `requisitionno` DESC;
			END IF;
		ELSE
			IF $vehicleid=0 THEN 
				SELECT r.id,DATE_FORMAT(r.`dateadded`,'%d-%b-%Y')dateadded,`requisitionno`,`suppliername`,`posname`,`regno` vehiclename, quantity, quantity,unitprice unitprice, 
				unitprice*quantity total, CASE WHEN `dateapproved` IS NULL THEN 'Pending' ELSE 'Approved' END AS `status`
				FROM `fleetfuelrequisition` r, suppliers s, pointsofsale p, fleetvehicles v
				WHERE r.supplierid=s.supplierid AND r.`costcenterid`=p.id AND r.vehicleid=v.vehicleid 
				AND DATE_FORMAT(r.`dateadded`,'%Y-%m-%d') BETWEEN $startdate AND $enddate AND r.costcenterid=$costcenterid  AND r.supplierid=$supplierid
				ORDER BY `requisitionno` DESC;
			ELSE
				SELECT r.id,DATE_FORMAT(r.`dateadded`,'%d-%b-%Y')dateadded,`requisitionno`,`suppliername`,`posname`,`regno` vehiclename, quantity, quantity,unitprice unitprice, 
				unitprice*quantity total, CASE WHEN `dateapproved` IS NULL THEN 'Pending' ELSE 'Approved' END AS `status`
				FROM `fleetfuelrequisition` r, suppliers s, pointsofsale p, fleetvehicles v
				WHERE r.supplierid=s.supplierid AND r.`costcenterid`=p.id AND r.vehicleid=v.vehicleid 
				AND DATE_FORMAT(r.`dateadded`,'%Y-%m-%d') BETWEEN $startdate AND $enddate AND r.vehicleid=$vehicleid AND r.costcenterid=$costcenterid  AND r.supplierid=$supplierid
				ORDER BY `requisitionno` DESC;
			END IF;
		END IF;
	end if;
    END */$$
DELIMITER ;

/* Procedure structure for procedure `sp_filtergoodsreceivednotes` */

/*!50003 DROP PROCEDURE IF EXISTS  `sp_filtergoodsreceivednotes` */;

DELIMITER $$

/*!50003 CREATE DEFINER=`root`@`localhost` PROCEDURE `sp_filtergoodsreceivednotes`($supplierid int,$startdate date,$enddate date,$grnno varchar(50),$deliverynoteno varchar(50))
BEGIN
	if $supplierid=0 then
		SELECT g.`id` receiptid, `warehouseid`, w.`description` warehousename,s.`supplierid`,`suppliername`,g.`grnno`, 
		DATE_FORMAT(`datereceived`,'%d-%b-%Y') datereceived,CONCAT(u.`firstname`,' ',u.`middlename`,' ',u.`lastname`) receivedbyname,
		CONCAT(i.`firstname`,' ',i.`middlename`,' ',i.`lastname`)inspectedbyname,`deliverynono`,SUM(gd.`quantity`*pd.unitprice) total
		FROM `goodsreceived` g INNER JOIN `goodsreceiveddetails` gd ON g.`grnno`=gd.`grnno`
		INNER JOIN `suppliers` s ON s.`supplierid`=g.`supplierid`
		INNER JOIN `warehouses` w ON w.`id`=g.`warehouseid`
		INNER JOIN `user` u ON u.`id`=g.`receivedby`
		INNER JOIN `user` i ON i.id=g.`inspectedby`
		INNER JOIN `purchaseorders` p ON p.`purchaseorderno`=gd.`purchaseorderno`
		INNER JOIN `purchaseorderdetails` pd ON pd.`purchaseorderid`=p.`id`
		where (DATE_FORMAT(datereceived,'%Y-%m-%d') BETWEEN $startdate AND $enddate)  and 
		g.grnno like concat('%',$grnno,'%') and deliverynono like concat('%',$deliverynoteno,'%')
		GROUP BY g.`id`, `warehouseid`, w.`description`,s.`supplierid`,`suppliername`,g.`grnno`
		ORDER BY g.grnno DESC;
	else
		SELECT g.`id` receiptid, `warehouseid`, w.`description` warehousename,s.`supplierid`,`suppliername`,g.`grnno`, 
		DATE_FORMAT(`datereceived`,'%d-%b-%Y') datereceived,CONCAT(u.`firstname`,' ',u.`middlename`,' ',u.`lastname`) receivedbyname,
		CONCAT(i.`firstname`,' ',i.`middlename`,' ',i.`lastname`)inspectedbyname,`deliverynono`,SUM(gd.`quantity`*pd.unitprice) total
		FROM `goodsreceived` g INNER JOIN `goodsreceiveddetails` gd ON g.`grnno`=gd.`grnno`
		INNER JOIN `suppliers` s ON s.`supplierid`=g.`supplierid`
		INNER JOIN `warehouses` w ON w.`id`=g.`warehouseid`
		INNER JOIN `user` u ON u.`id`=g.`receivedby`
		INNER JOIN `user` i ON i.id=g.`inspectedby`
		INNER JOIN `purchaseorders` p ON p.`purchaseorderno`=gd.`purchaseorderno`
		INNER JOIN `purchaseorderdetails` pd ON pd.`purchaseorderid`=p.`id`
		WHERE (DATE_FORMAT(datereceived,'%Y-%m-%d') BETWEEN $startdate AND $enddate)  AND 
		g.grnno LIKE CONCAT('%',$grnno,'%') AND deliverynono LIKE CONCAT('%',$deliverynoteno,'%') and supplierid=$supplierid
		GROUP BY g.`id`, `warehouseid`, w.`description`,s.`supplierid`,`suppliername`,g.`grnno`
		ORDER BY g.grnno DESC; 
	end if;
	
    END */$$
DELIMITER ;

/* Procedure structure for procedure `sp_filterspoilage` */

/*!50003 DROP PROCEDURE IF EXISTS  `sp_filterspoilage` */;

DELIMITER $$

/*!50003 CREATE DEFINER=`root`@`localhost` PROCEDURE `sp_filterspoilage`(`$startdate` DATE, `$enddate` DATE, `$categoryid` INT, `$productid` INT)
BEGIN
	if $categoryid=0 then
		if $productid=0 then
			SELECT s.id, s.`categoryid`, s.`productid`, sc.`categoryname`,p.`itemcode`, p.`itemname`,`quantity`,`narration`,DATE_FORMAT(s.`dateadded`,'%d-%b-%Y') dateadded,
			CONCAT(`firstname`,' ',`middlename`,' ',`lastname`) AS addedby
			FROM `spoilage` s, `products` p, `spoilagecategory` sc, `user` u
			WHERE s.`productid`=p.`productid` AND s.`categoryid`=sc.`id` AND s.`addedby`=u.`id` 
			and date_format(s.dateadded,'%Y-%m-%d') between $startdate and $enddate
			order by s.id desc;
		else 
			SELECT s.id, s.`categoryid`, s.`productid`, sc.`categoryname`,p.`itemcode`, p.`itemname`,`quantity`,`narration`,DATE_FORMAT(s.`dateadded`,'%d-%b-%Y') dateadded,
			CONCAT(`firstname`,' ',`middlename`,' ',`lastname`) AS addedby
			FROM `spoilage` s, `products` p, `spoilagecategory` sc, `user` u
			WHERE s.`productid`=p.`productid` AND s.`categoryid`=sc.`id` AND s.`addedby`=u.`id` 
			AND DATE_FORMAT(s.dateadded,'%Y-%m-%d') BETWEEN $startdate AND $enddate and s.productid=$productid
			ORDER BY s.id DESC;
		end if;
	else
		IF $productid=0 THEN
			SELECT s.id, s.`categoryid`, s.`productid`, sc.`categoryname`,p.`itemcode`, p.`itemname`,`quantity`,`narration`,DATE_FORMAT(s.`dateadded`,'%d-%b-%Y') dateadded,
			CONCAT(`firstname`,' ',`middlename`,' ',`lastname`) AS addedby
			FROM `spoilage` s, `products` p, `spoilagecategory` sc, `user` u
			WHERE s.`productid`=p.`productid` AND s.`categoryid`=sc.`id` AND s.`addedby`=u.`id` 
			AND DATE_FORMAT(s.dateadded,'%Y-%m-%d') BETWEEN $startdate AND $enddate and s.categoryid=$categoryid
			ORDER BY s.id DESC;
		ELSE 
			SELECT s.id, s.`categoryid`, s.`productid`, sc.`categoryname`,p.`itemcode`, p.`itemname`,`quantity`,`narration`,DATE_FORMAT(s.`dateadded`,'%d-%b-%Y') dateadded,
			CONCAT(`firstname`,' ',`middlename`,' ',`lastname`) AS addedby
			FROM `spoilage` s, `products` p, `spoilagecategory` sc, `user` u
			WHERE s.`productid`=p.`productid` AND s.`categoryid`=sc.`id` AND s.`addedby`=u.`id` 
			AND DATE_FORMAT(s.dateadded,'%Y-%m-%d') BETWEEN $startdate AND $enddate AND s.productid=$productid and s.categoryid=$categoryid
			ORDER BY s.id DESC;
		END IF;
	end if;	
    END */$$
DELIMITER ;

/* Procedure structure for procedure `sp_fleetapprovefuelrequisition` */

/*!50003 DROP PROCEDURE IF EXISTS  `sp_fleetapprovefuelrequisition` */;

DELIMITER $$

/*!50003 CREATE DEFINER=`root`@`localhost` PROCEDURE `sp_fleetapprovefuelrequisition`(`$id` INT, `$userid` INT)
BEGIN
	update `fleetfuelrequisition` set `approvedby`=$userid, `dateapproved`=now()
	where `id`=$id;
END */$$
DELIMITER ;

/* Procedure structure for procedure `sp_getcontactscategories` */

/*!50003 DROP PROCEDURE IF EXISTS  `sp_getcontactscategories` */;

DELIMITER $$

/*!50003 CREATE DEFINER=`root`@`localhost` PROCEDURE `sp_getcontactscategories`()
BEGIN
	select * 
	from `contactscategories` 
	order by `description`;
    END */$$
DELIMITER ;

/* Procedure structure for procedure `sp_getcratesummary` */

/*!50003 DROP PROCEDURE IF EXISTS  `sp_getcratesummary` */;

DELIMITER $$

/*!50003 CREATE DEFINER=`root`@`localhost` PROCEDURE `sp_getcratesummary`(`$enddate` DATE)
BEGIN
	set @productid=(select productid from `cratesinventorysettings`);
	SET @basedate=DATE_FORMAT(IFNULL((SELECT `stockcutoffdate` FROM `startingparameters`),'2020-01-01'),'%Y-%m-%d');
	SET @enddate=$enddate;
	SET @obdate=DATE_SUB(@enddate, INTERVAL 1 DAY);
	SELECT `itemcode` `Product Code`,`itemname` `Product Name`,
		IFNULL((SELECT SUM(`quantity`) FROM `goodsreceived` g, `goodsreceiveddetails` gd 
			WHERE g.`grnno`=gd.grnno AND gd.`itemcode`=p.productid AND DATE_FORMAT(g.`datereceived`,'%Y-%m-%d') BETWEEN @basedate AND @obdate),0)-
		IFNULL((SELECT SUM(`quantity`) FROM `possales` s, `possalesdetails` sd 
			WHERE s.`id`=sd.`possaleid` AND sd.`itemcode`=p.productid AND  DATE_FORMAT(`receiptdate`,'%Y-%m-%d') BETWEEN @basedate AND @obdate AND IFNULL(s.deleted,0)=0),0) AS `openingbalance`,
		
		IFNULL((SELECT SUM(`quantity`) FROM `goodsreceived` g, `goodsreceiveddetails` gd 
			WHERE g.`grnno`=gd.grnno AND gd.`itemcode`=p.productid AND DATE_FORMAT(g.`datereceived`,'%Y-%m-%d')=@enddate),0)+
			-- Add crate refunds	for the date
		ifnull((select sum(quantity) from `cratesinventory` where `narration`='Crate deposit refund' and date_format(`dateadded`,'%Y-%m-%d')=@enddate),0)
		AS `purchases` ,
		
		IFNULL((SELECT SUM(`quantity`) FROM `possales` s, `possalesdetails` sd 
			WHERE s.`id`=sd.`possaleid` AND sd.`itemcode`=p.productid AND  DATE_FORMAT(`receiptdate`,'%Y-%m-%d')=@enddate AND IFNULL(s.deleted,0)=0),0) AS `sales`,
			
		IFNULL((SELECT SUM(`quantity`) FROM `goodsreceived` g, `goodsreceiveddetails` gd 
			WHERE g.`grnno`=gd.grnno AND gd.`itemcode`=p.productid AND DATE_FORMAT(g.`datereceived`,'%Y-%m-%d') BETWEEN @basedate AND @obdate),0)-
		IFNULL((SELECT SUM(`quantity`) FROM `possales` s, `possalesdetails` sd 
			WHERE s.`id`=sd.`possaleid` AND sd.`itemcode`=p.productid AND  DATE_FORMAT(`receiptdate`,'%Y-%m-%d') BETWEEN @basedate AND @obdate  AND IFNULL(s.deleted,0)=0),0) +
		
		IFNULL((SELECT SUM(`quantity`) FROM `goodsreceived` g, `goodsreceiveddetails` gd 
			WHERE g.`grnno`=gd.grnno AND gd.`itemcode`=p.productid AND DATE_FORMAT(g.`datereceived`,'%Y-%m-%d')=@enddate),0) +
			-- Add crate refunds	for the date
		IFNULL((SELECT SUM(quantity) FROM `cratesinventory` WHERE `narration`='Crate deposit refund' AND DATE_FORMAT(`dateadded`,'%Y-%m-%d')=@enddate),0)
			-- Less crate sales for the date
		-
		
		IFNULL((SELECT SUM(`quantity`) FROM `possales` s, `possalesdetails` sd 
			WHERE s.`id`=sd.`possaleid` AND sd.`itemcode`=p.productid AND  DATE_FORMAT(`receiptdate`,'%Y-%m-%d')=@enddate AND IFNULL(s.deleted,0)=0),0) AS `closingbalance`
	FROM products p	where p.productid=@productid; -- ORDER BY itemname;
    END */$$
DELIMITER ;

/* Procedure structure for procedure `sp_getcurrencies` */

/*!50003 DROP PROCEDURE IF EXISTS  `sp_getcurrencies` */;

DELIMITER $$

/*!50003 CREATE DEFINER=`root`@`localhost` PROCEDURE `sp_getcurrencies`()
BEGIN
	select * from currencies 
	order by `default` desc, `currencyname`;
    END */$$
DELIMITER ;

/* Procedure structure for procedure `sp_getcustomercontacts` */

/*!50003 DROP PROCEDURE IF EXISTS  `sp_getcustomercontacts` */;

DELIMITER $$

/*!50003 CREATE DEFINER=`root`@`localhost` PROCEDURE `sp_getcustomercontacts`($customerid int)
BEGIN
	select c.*, t.description categoryname, concat(`firstname`,' ',`middlename`,' ',`lastname`) addedbyname
	from `user` u, `customercontacts` c, `contactscategories` t
	where c.`categoryid`=t.`id` and c.`addedby`=u.`id` and ifnull(c.deleted,0)=0
	and `customerid`=$customerid
	order by contactname;
    END */$$
DELIMITER ;

/* Procedure structure for procedure `sp_getdefaultterms` */

/*!50003 DROP PROCEDURE IF EXISTS  `sp_getdefaultterms` */;

DELIMITER $$

/*!50003 CREATE DEFINER=`root`@`localhost` PROCEDURE `sp_getdefaultterms`()
BEGIN
	select * from `defaultterms`;
    END */$$
DELIMITER ;

/* Procedure structure for procedure `sp_getdepartmentdetails` */

/*!50003 DROP PROCEDURE IF EXISTS  `sp_getdepartmentdetails` */;

DELIMITER $$

/*!50003 CREATE DEFINER=`root`@`localhost` PROCEDURE `sp_getdepartmentdetails`($id int)
BEGIN
	select * from `departments` where `id`=$id;
    END */$$
DELIMITER ;

/* Procedure structure for procedure `sp_getdepartments` */

/*!50003 DROP PROCEDURE IF EXISTS  `sp_getdepartments` */;

DELIMITER $$

/*!50003 CREATE DEFINER=`root`@`localhost` PROCEDURE `sp_getdepartments`()
BEGIN	
	select d.* ,date_format(d.`dateadded`,'%d-%b-%Y') addedon, concat(u.`firstname`,' ',u.`middlename`,' ',u.`lastname`) addedbyname,
	concat(h.`firstname`,' ',h.`middlename`,' ',h.`lastname`) hodname
	from `departments`  d
	inner join  `user` u on d.`addedby`=u.id
	left outer join `user` h on  h.id=d.hodid
	where ifnull(`deleted`,0)=0 
	order by `departmentname`;
    END */$$
DELIMITER ;

/* Procedure structure for procedure `sp_getemailconfiguration` */

/*!50003 DROP PROCEDURE IF EXISTS  `sp_getemailconfiguration` */;

DELIMITER $$

/*!50003 CREATE DEFINER=`root`@`localhost` PROCEDURE `sp_getemailconfiguration`()
BEGIN
	select * from `emailconfiguration`;
    END */$$
DELIMITER ;

/* Procedure structure for procedure `sp_getfleetbodytypes` */

/*!50003 DROP PROCEDURE IF EXISTS  `sp_getfleetbodytypes` */;

DELIMITER $$

/*!50003 CREATE DEFINER=`root`@`localhost` PROCEDURE `sp_getfleetbodytypes`()
BEGIN
	select * from `fleetbodytypes` where ifnull(deleted,0)=0
	order by description;
    END */$$
DELIMITER ;

/* Procedure structure for procedure `sp_getfleetfueltypes` */

/*!50003 DROP PROCEDURE IF EXISTS  `sp_getfleetfueltypes` */;

DELIMITER $$

/*!50003 CREATE DEFINER=`root`@`localhost` PROCEDURE `sp_getfleetfueltypes`()
BEGIN
	select * from `fleetfueltypes` where ifnull(deleted,0)=0
	order by description;
    END */$$
DELIMITER ;

/* Procedure structure for procedure `sp_getfleetrequisitiondetails` */

/*!50003 DROP PROCEDURE IF EXISTS  `sp_getfleetrequisitiondetails` */;

DELIMITER $$

/*!50003 CREATE DEFINER=`root`@`localhost` PROCEDURE `sp_getfleetrequisitiondetails`(`$id` INT)
BEGIN
	select * from `fleetfuelrequisition` where `id`=$id;
    END */$$
DELIMITER ;

/* Procedure structure for procedure `sp_getfleetrequisitionheaderdetails` */

/*!50003 DROP PROCEDURE IF EXISTS  `sp_getfleetrequisitionheaderdetails` */;

DELIMITER $$

/*!50003 CREATE DEFINER=`root`@`localhost` PROCEDURE `sp_getfleetrequisitionheaderdetails`(`$requisitionno` VARCHAR(50))
BEGIN
		SELECT `requisitionno`, DATE_FORMAT(r.`dateadded`,'%d-%b-%Y') requisitiondate, `regno`, `odoreading`, `posname`, s.`suppliername`,s.postalcode,s.town,
		s.`physicaladdress`,s.`postaladdress`,s.`email`,CONCAT(u.`firstname`,' ',u.`middlename`,' ',u.`lastname`) AS preparedby,
		`quantity`,`unitprice`,t.`description` AS fueltype,
		CONCAT(a.`firstname`,' ',a.`middlename`,' ',a.`lastname`) AS approvedby,
		CONCAT(q.`firstname`,' ',q.`middlename`,' ',q.`lastname`) AS requestedby
		FROM  `fleetfuelrequisition` r, `pointsofsale` p, `suppliers` s, `fleetvehicles` v, `user` u, `fleetfueltypes` t, `user` a, `user` q
		WHERE r.`supplierid`=s.supplierid AND r.`costcenterid`=p.id AND  r.`vehicleid`=v.vehicleid AND r.addedby=u.id
		AND r.approvedby=a.id AND r.requestedby=q.id AND t.`id`=v.`fueltypeid` and r.requisitionno=$requisitionno;
	END */$$
DELIMITER ;

/* Procedure structure for procedure `sp_getfleetvehicles` */

/*!50003 DROP PROCEDURE IF EXISTS  `sp_getfleetvehicles` */;

DELIMITER $$

/*!50003 CREATE DEFINER=`root`@`localhost` PROCEDURE `sp_getfleetvehicles`()
BEGIN
	select v.*, f.description as fueltype, b.description as bodytype , concat(firstname,' ',lastname) addedbyname
	from `fleetvehicles` v, `fleetfueltypes` f, `fleetbodytypes` b, `user` u
	where   v.`fueltypeid`=f.id and v.`bodytypeid`=b.id and v.addedby=u.id
	and ifnull(v.`deleted`,0)=0
	order by `regno`;
    END */$$
DELIMITER ;

/* Procedure structure for procedure `sp_getgrnheaderdetails` */

/*!50003 DROP PROCEDURE IF EXISTS  `sp_getgrnheaderdetails` */;

DELIMITER $$

/*!50003 CREATE DEFINER=`root`@`localhost` PROCEDURE `sp_getgrnheaderdetails`($grnno varchar(50))
BEGIN
	
		select  `grnno`,DATE_FORMAT(`datereceived`,'%d-%b-%Y') datereceived,CONCAT(r.firstname,' ', r.middlename,' ', r.lastname) receivedby,
		CONCAT(i.firstname,' ', i.middlename,' ', i.lastname) inspectedby,deliveredby,`deliverynono`,`narration`,
		'' projectname, '' materialusecase, s.`suppliername`,s.`physicaladdress`,s.`postaladdress`,s.`mobile`,s.`email`
		FROM `goodsreceived` m, `suppliers` s, `user` r, `user` i
		WHERE m.`supplierid`=s.`supplierid` AND m.`receivedby`=r.`id` AND m.`inspectedby`=i.id AND grnno=$grnno;
	
    END */$$
DELIMITER ;

/* Procedure structure for procedure `sp_getgrnitems` */

/*!50003 DROP PROCEDURE IF EXISTS  `sp_getgrnitems` */;

DELIMITER $$

/*!50003 CREATE DEFINER=`root`@`localhost` PROCEDURE `sp_getgrnitems`($grnno varchar(50))
BEGIN
	sELECT `productid`,m.`itemcode`, m.itemname,m.unitofmeasure uom, SUM(rd.quantity) quantity, -- `fn_getgrnitemserialnumbers`($grnno,rd.materialid) 
	'' serialnos, p.purchaseorderno pono, pd.unitprice,deliveredby
	FROM `products` m
	INNER JOIN `goodsreceiveddetails` rd ON rd.itemcode=m.`productid`
	INNER JOIN `goodsreceived` r ON  r.`grnno` =rd.`grnno`
	INNER JOIN `purchaseorders`  p ON p.`purchaseorderno`=rd.`purchaseorderno`
	INNER JOIN `purchaseorderdetails` pd ON pd.`purchaseorderid`=p.`id`
	WHERE r.grnno=$grnno and rd.itemcode=pd.itemcode
	GROUP BY  m.`itemcode`, m.`itemname`, unitofmeasure
	ORDER BY m.itemname  ;
    END */$$
DELIMITER ;

/* Procedure structure for procedure `sp_getmaterialrequestapprovallevels` */

/*!50003 DROP PROCEDURE IF EXISTS  `sp_getmaterialrequestapprovallevels` */;

DELIMITER $$

/*!50003 CREATE DEFINER=`root`@`localhost` PROCEDURE `sp_getmaterialrequestapprovallevels`()
BEGIN
	select * 
	from `materialrequestapprovallevels` 
	order by `hierarchy`;
    END */$$
DELIMITER ;

/* Procedure structure for procedure `sp_getmaterialrequestdetails` */

/*!50003 DROP PROCEDURE IF EXISTS  `sp_getmaterialrequestdetails` */;

DELIMITER $$

/*!50003 CREATE DEFINER=`root`@`localhost` PROCEDURE `sp_getmaterialrequestdetails`($requisitionno varchar(50))
BEGIN
		select m.*, p.id as projectid from `materialrequest` m, `projectactivities` a, projects p 
		where m.`activityid`=a.`id` and a.`projectid`=p.`id` and `requisitionno`=$requisitionno;
	END */$$
DELIMITER ;

/* Procedure structure for procedure `sp_getmaterialrequisitiondetails` */

/*!50003 DROP PROCEDURE IF EXISTS  `sp_getmaterialrequisitiondetails` */;

DELIMITER $$

/*!50003 CREATE DEFINER=`root`@`localhost` PROCEDURE `sp_getmaterialrequisitiondetails`($requisitionno varchar(50))
BEGIN
	SELECT m.*, p.id AS projectid FROM `materialrequest` m, `projectactivities` a, projects p 
	WHERE m.`activityid`=a.`id` AND a.`projectid`=p.`id` AND `requisitionno`=$requisitionno;
    END */$$
DELIMITER ;

/* Procedure structure for procedure `sp_getmaterialrequisitionitems` */

/*!50003 DROP PROCEDURE IF EXISTS  `sp_getmaterialrequisitionitems` */;

DELIMITER $$

/*!50003 CREATE DEFINER=`root`@`localhost` PROCEDURE `sp_getmaterialrequisitionitems`($requisitionid int)
BEGIN
	select m.`id`,`itemcode`,m.`description` as itemname, ifnull(`narration`,'') narration,u.`description` as uom, `quantity`,`unitprice`
	from `materialrequestdetails` mr, `materialdetails` m, `materialunitsofmeasure` u
	where m.`id`=mr.materialid and m.`unitofmeasureid`=u.`id` and `materialrequestid`=$requisitionid
	order by m.description;
    END */$$
DELIMITER ;

/* Procedure structure for procedure `sp_getpapergrammage` */

/*!50003 DROP PROCEDURE IF EXISTS  `sp_getpapergrammage` */;

DELIMITER $$

/*!50003 CREATE DEFINER=`root`@`localhost` PROCEDURE `sp_getpapergrammage`()
BEGIN
	select * from `papergrammage`
	order by `grammage`;
    END */$$
DELIMITER ;

/* Procedure structure for procedure `sp_getparentzones` */

/*!50003 DROP PROCEDURE IF EXISTS  `sp_getparentzones` */;

DELIMITER $$

/*!50003 CREATE DEFINER=`root`@`localhost` PROCEDURE `sp_getparentzones`()
BEGIN
	SELECT z.id,z.zonename,z.parent,z.dateadded,COUNT(c.customerid) customers, CONCAT(`firstname`,' ',`middlename`,' ',`lastname`) addedbyname 
	FROM `zones` z
	INNER JOIN `user` u ON z.`addedby`=u.id
	left outer join `zones` zy on zy.`parent`=z.id
	LEFT OUTER JOIN `customers` c ON c.subzoneid=z.id
	WHERE z.`parent`=0 AND IFNULL(z.`deleted`,0)=0
	GROUP BY z.id,z.zonename,z.parent,z.dateadded
	ORDER BY `zonename`;
    END */$$
DELIMITER ;

/* Procedure structure for procedure `sp_getpoheaderdetails` */

/*!50003 DROP PROCEDURE IF EXISTS  `sp_getpoheaderdetails` */;

DELIMITER $$

/*!50003 CREATE DEFINER=`root`@`localhost` PROCEDURE `sp_getpoheaderdetails`($pono varchar(50))
BEGIN
	SELECT `suppliername`,`physicaladdress`,`postaladdress`,`town`,`postalcode`,s.mobile,s.email AS supplieremail,
	DATE_FORMAT(`date`,'%d-%b-%Y') orderdate,`purchaseorderno` orderno, 
	DATE_FORMAT(IFNULL(`expecteddate`,DATE_ADD(p.date, INTERVAL 7 DAY)),'%d-%b-%Y') expecteddate,`currencyname`,`terms`,
	CONCAT(firstname,' ',middlename,' ',lastname) preparedby
	FROM `purchaseorders` p, `currencies` c, suppliers s, `user` u
	WHERE p.`currencyid`=c.`id`  AND p.supplierid=s.supplierid AND u.id=p.addedby and `purchaseorderno`=$pono;
	
    END */$$
DELIMITER ;

/* Procedure structure for procedure `sp_getpoidfrompono` */

/*!50003 DROP PROCEDURE IF EXISTS  `sp_getpoidfrompono` */;

DELIMITER $$

/*!50003 CREATE DEFINER=`root`@`localhost` PROCEDURE `sp_getpoidfrompono`($pono varchar(50))
BEGIN
	select `id` poid 
	from `purchaseorders` 
	where `purchaseorderno`=$pono;
    END */$$
DELIMITER ;

/* Procedure structure for procedure `sp_getpoitems` */

/*!50003 DROP PROCEDURE IF EXISTS  `sp_getpoitems` */;

DELIMITER $$

/*!50003 CREATE DEFINER=`root`@`localhost` PROCEDURE `sp_getpoitems`($pono varchar(50))
BEGIN
	
	SELECT  i.`itemcode`,i.productid AS itemid, i.itemname, unitofmeasure uom, 
	pd.`quanity` quantity,pd.`unitprice`,pd.`taxinclusive`,p.`taxrate`, p.`taxid`, pd.quanity*pd.unitprice AS total,`taxname`
	FROM `purchaseorders` p, `purchaseorderdetails` pd, `products` i,`taxtypes` a
	WHERE p.`id`=pd.`purchaseorderid` AND pd.`itemcode`=i.`productid` AND p.`taxid`=a.id and `purchaseorderno`=$pono
	order by itemname;
    END */$$
DELIMITER ;

/* Procedure structure for procedure `sp_getproductpurchasessummary` */

/*!50003 DROP PROCEDURE IF EXISTS  `sp_getproductpurchasessummary` */;

DELIMITER $$

/*!50003 CREATE DEFINER=`root`@`localhost` PROCEDURE `sp_getproductpurchasessummary`($startdate date,$enddate date)
BEGIN
    
	select p.`itemcode`,`itemname`,avg(`unitprice`) unitprice, sum(gd.`quantity`) quantity,sum(gd.`quantity`*`unitprice`) total
	from `products` p, `purchaseorderdetails` pod, `purchaseorders` po, `goodsreceived` g, `goodsreceiveddetails` gd
	where p.`productid`=pod.`itemcode` and pod.`purchaseorderid`=po.`id` and gd.`itemcode`=p.`productid` and g.`grnno`=gd.`grnno` 
	and gd.`purchaseorderno`=po.`purchaseorderno`
	and date_format(po.`date`,'%Y-%m-%d') between $startdate and $enddate
	group by  p.`itemcode`,`itemname`
	order by itemname;
	
    END */$$
DELIMITER ;

/* Procedure structure for procedure `sp_getproductsalessummary` */

/*!50003 DROP PROCEDURE IF EXISTS  `sp_getproductsalessummary` */;

DELIMITER $$

/*!50003 CREATE DEFINER=`root`@`localhost` PROCEDURE `sp_getproductsalessummary`($startdate date,$enddate date)
BEGIN
	select p.`itemcode`,`itemname`,unitprice-discount unitprice, sum(`quantity`) quantity, sum(`quantity`*(`unitprice`-discount)) total
	from `products` p, `possales` s, `possalesdetails` sd
	where p.`productid`=sd.`itemcode` and sd.`possaleid`=s.`id` 
	and date_format(s.`receiptdate`,'%Y-%m-%d') between $startdate and $enddate
	and ifnull(s.`deleted`,0)=0
	group by p.`itemcode`,`itemname`,unitprice-discount
	order by `itemname`;
    END */$$
DELIMITER ;

/* Procedure structure for procedure `sp_getpurchaseorderapprovallevelname` */

/*!50003 DROP PROCEDURE IF EXISTS  `sp_getpurchaseorderapprovallevelname` */;

DELIMITER $$

/*!50003 CREATE DEFINER=`root`@`localhost` PROCEDURE `sp_getpurchaseorderapprovallevelname`($hierarchy int)
BEGIN
	select `description` from `purchaseorderapprovallevels` where `hierarchy`=$hierarchy;
    END */$$
DELIMITER ;

/* Procedure structure for procedure `sp_getpurchaseorderapprovallevels` */

/*!50003 DROP PROCEDURE IF EXISTS  `sp_getpurchaseorderapprovallevels` */;

DELIMITER $$

/*!50003 CREATE DEFINER=`root`@`localhost` PROCEDURE `sp_getpurchaseorderapprovallevels`()
BEGIN
	select * 
	from `purchaseorderapprovallevels` 
	order by `hierarchy`;
    END */$$
DELIMITER ;

/* Procedure structure for procedure `sp_getpurchaseorderapprovallevelstatus` */

/*!50003 DROP PROCEDURE IF EXISTS  `sp_getpurchaseorderapprovallevelstatus` */;

DELIMITER $$

/*!50003 CREATE DEFINER=`root`@`localhost` PROCEDURE `sp_getpurchaseorderapprovallevelstatus`($purchaseorderno varchar(50))
BEGIN
	set @id=(select id from `purchaseorders` where `purchaseorderno`=$purchaseorderno);
	select `id`,`description`,
	case when exists (select * from `purchaseorderapproval` where `poid`=@id and `approvallevelid`=m.id) then 'Approved'  else 'Pending' end `status`
	from `purchaseorderapprovallevels` m
	order by `hierarchy`;
    END */$$
DELIMITER ;

/* Procedure structure for procedure `sp_getpurchaseorderapprovalusers` */

/*!50003 DROP PROCEDURE IF EXISTS  `sp_getpurchaseorderapprovalusers` */;

DELIMITER $$

/*!50003 CREATE DEFINER=`root`@`localhost` PROCEDURE `sp_getpurchaseorderapprovalusers`($purchaseorderno varchar(50),$approvallevel int)
BEGIN
	set @departmentid=(select`departmentid` from `purchaseorders` where `purchaseorderno`=$purchaseorderno);
	select u.* from `user` u,`purchaseorderapprovalusers` a, `purchaseorderapprovallevels` l
	where a.`userid`=u.`id` and  a.`approvallevelid`=l.`id` and l.`hierarchy`=$approvallevel and a.`departmentid`=@departmentid;
    END */$$
DELIMITER ;

/* Procedure structure for procedure `sp_getpurchaseorderapprovers` */

/*!50003 DROP PROCEDURE IF EXISTS  `sp_getpurchaseorderapprovers` */;

DELIMITER $$

/*!50003 CREATE DEFINER=`root`@`localhost` PROCEDURE `sp_getpurchaseorderapprovers`($pono varchar(50))
BEGIN
	SELECT `description`,`hierarchy`,CONCAT(`firstname`,' ',`middlename`,' ',`lastname`)approvedby,signature,
	DATE_FORMAT(a.`approvaldate`,'%d-%b-%Y') approvaldate
	FROM `purchaseorderapproval` a,`purchaseorderapprovallevels` l, `user` u,  `purchaseorders` p
	WHERE a.`poid`=p.`id` AND a.`approvaluser`=u.id AND a.`approvallevelid`=l.`id` AND purchaseorderno=$pono
	ORDER BY `hierarchy`;
    END */$$
DELIMITER ;

/* Procedure structure for procedure `sp_getpurchaseordercurrentstatus` */

/*!50003 DROP PROCEDURE IF EXISTS  `sp_getpurchaseordercurrentstatus` */;

DELIMITER $$

/*!50003 CREATE DEFINER=`root`@`localhost` PROCEDURE `sp_getpurchaseordercurrentstatus`($purchaseorderno varchar(50))
BEGIN
	set @id=(select id from `purchaseorders` where `purchaseorderno`=$purchaseorderno);
	select `fn_purchaseorderstatus`(@id) `status`;
    END */$$
DELIMITER ;

/* Procedure structure for procedure `sp_getpurchaseordernextapprovallevel` */

/*!50003 DROP PROCEDURE IF EXISTS  `sp_getpurchaseordernextapprovallevel` */;

DELIMITER $$

/*!50003 CREATE DEFINER=`root`@`localhost` PROCEDURE `sp_getpurchaseordernextapprovallevel`($purchaseorderno varchar(50))
BEGIN
	set @purchaseorderid=(select id from `purchaseorders` where `purchaseorderno`=$purchaseorderno);
	select a.`id`,`description`,`hierarchy`,ifnull(s.`id`,0)`approved`
	from `purchaseorderapprovallevels` a
	left outer join `purchaseorderapproval` s
	on a.`id`=s.`approvallevelid` and `poid`=@purchaseorderid
	where IFNULL(s.`id`,0)=0
	order by `hierarchy`
	limit 1;
    END */$$
DELIMITER ;

/* Procedure structure for procedure `sp_getquotationapprovers` */

/*!50003 DROP PROCEDURE IF EXISTS  `sp_getquotationapprovers` */;

DELIMITER $$

/*!50003 CREATE DEFINER=`root`@`localhost` PROCEDURE `sp_getquotationapprovers`($quoteno varchar(50))
BEGIN
	SELECT `description`,`hierarchy`,CONCAT(`firstname`,' ',`middlename`,' ',`lastname`)approvedby,signature,
	DATE_FORMAT(a.`approvaldate`,'%d-%b-%Y') approvaldate
	FROM `quotationapproval` a,`quotationapprovallevels` l, `user` u,  `quotation` q
	WHERE a.`quoteid`=q.`id` AND a.`userid`=u.id AND a.`approvallevelid`=l.`id` AND quoteno=$quoteno
	ORDER BY `hierarchy`;
    END */$$
DELIMITER ;

/* Procedure structure for procedure `sp_getquotationdetails` */

/*!50003 DROP PROCEDURE IF EXISTS  `sp_getquotationdetails` */;

DELIMITER $$

/*!50003 CREATE DEFINER=`root`@`localhost` PROCEDURE `sp_getquotationdetails`($quotationno VARCHAR(50))
BEGIN
	SELECT `quoteno`,DATE_FORMAT(`quotedate`,'%d-%b-%Y')quotedate,DATE_FORMAT(`expirydate`,'%d-%b-%Y')expirydate, 
	`customername`,CONCAT('P.O Box ',c.`postaladdress`) address, c.`mobile`,c.`email`,`terms`,
	`itemid`,`itemcode`,`itemname`,`quantity`,`unitprice`, CONCAT(`firstname`,' ',`middlename`,' ',`lastname`) servedby
	FROM `quotation` q, `quotationdetails` qd, `products` p, `customers` c, `user` u
	WHERE q.`id`=qd.`quoteid` AND q.`customerid`=c.`customerid` AND qd.`itemid`=p.`productid` AND u.id=q.addedby
	AND quoteno=$quotationno; 
    END */$$
DELIMITER ;

/* Procedure structure for procedure `sp_getquotationheaderdetails` */

/*!50003 DROP PROCEDURE IF EXISTS  `sp_getquotationheaderdetails` */;

DELIMITER $$

/*!50003 CREATE DEFINER=`root`@`localhost` PROCEDURE `sp_getquotationheaderdetails`($quoteno varchar(50))
BEGIN
	select `customername`,`physicaladdress`,`postaladdress`,`town`,`postalcode`,c.`mobile`,c.`email`,`quoteno`,date_format(`quotedate`,'%d-%b-%Y') quotedate,
	date_format(date_add(`quotedate`, interval 7 day),'%d-%b-%Y') expirydate, terms,CONCAT(firstname,' ',middlename,' ',lastname) preparedby
	from `quotation` q, `customers` c, `user` u
	where q.`customerid`=c.`customerid` and q.`addedby`=u.id and `quoteno`=$quoteno;
    END */$$
DELIMITER ;

/* Procedure structure for procedure `sp_getquotationitems` */

/*!50003 DROP PROCEDURE IF EXISTS  `sp_getquotationitems` */;

DELIMITER $$

/*!50003 CREATE DEFINER=`root`@`localhost` PROCEDURE `sp_getquotationitems`($quoteno varchar(50))
BEGIN
	select `itemcode`,`itemname`,`unitofmeasure` uom,`quantity`,`unitprice`,
	case when category='general' then `description` else concat(format(qd.`length`,0),' X ',format(qd.`width`,0),' X ',format(qd.`height`,0)) end description,
	`quantity`*`unitprice` total,'VAT' taxname,16 taxrate
	from `quotation` q, `quotationdetails` qd, `products`p
	where q.`id`=qd.`quoteid` and qd.`itemid`=p.`productid` and `quoteno`=$quoteno
	order by `itemname`;
    END */$$
DELIMITER ;

/* Procedure structure for procedure `sp_getrawmaterialcategories` */

/*!50003 DROP PROCEDURE IF EXISTS  `sp_getrawmaterialcategories` */;

DELIMITER $$

/*!50003 CREATE DEFINER=`root`@`localhost` PROCEDURE `sp_getrawmaterialcategories`()
BEGIN
	select * 
	from `rawmaterialcategories` 
	order by `categoryname`;
    END */$$
DELIMITER ;

/* Procedure structure for procedure `sp_getrawmaterialdetails` */

/*!50003 DROP PROCEDURE IF EXISTS  `sp_getrawmaterialdetails` */;

DELIMITER $$

/*!50003 CREATE DEFINER=`root`@`localhost` PROCEDURE `sp_getrawmaterialdetails`($materialid int)
BEGIN
	select * 
	from `rawmaterials` 
	where `materialid`=$materialid;
    END */$$
DELIMITER ;

/* Procedure structure for procedure `sp_getrawmaterials` */

/*!50003 DROP PROCEDURE IF EXISTS  `sp_getrawmaterials` */;

DELIMITER $$

/*!50003 CREATE DEFINER=`root`@`localhost` PROCEDURE `sp_getrawmaterials`()
BEGIN
	select * from `rawmaterials` 
	where ifnull(`deleted`,0)=0
	order by `materialname`;
    END */$$
DELIMITER ;

/* Procedure structure for procedure `sp_getrequisitionapprovallevelname` */

/*!50003 DROP PROCEDURE IF EXISTS  `sp_getrequisitionapprovallevelname` */;

DELIMITER $$

/*!50003 CREATE DEFINER=`root`@`localhost` PROCEDURE `sp_getrequisitionapprovallevelname`($hierarchy int)
BEGIN
	select `description` from `materialrequestapprovallevels` where `hierarchy`=$hierarchy;
    END */$$
DELIMITER ;

/* Procedure structure for procedure `sp_getrequisitionapprovallevelstatus` */

/*!50003 DROP PROCEDURE IF EXISTS  `sp_getrequisitionapprovallevelstatus` */;

DELIMITER $$

/*!50003 CREATE DEFINER=`root`@`localhost` PROCEDURE `sp_getrequisitionapprovallevelstatus`($requisitionno varchar(50))
BEGIN
	set @id=(select id from `materialrequest` where `requisitionno`=$requisitionno);
	select `id`,`description`,
	case when exists (select * from `materialrequestapproval` where `materialrequestid`=@id and `approvallevelid`=m.id) then 'Approved'  else 'Pending' end `status`
	from `materialrequestapprovallevels` m
	order by `hierarchy`;
    END */$$
DELIMITER ;

/* Procedure structure for procedure `sp_getrequisitionapprovalusers` */

/*!50003 DROP PROCEDURE IF EXISTS  `sp_getrequisitionapprovalusers` */;

DELIMITER $$

/*!50003 CREATE DEFINER=`root`@`localhost` PROCEDURE `sp_getrequisitionapprovalusers`($requisitionno varchar(50),$approvallevel int)
BEGIN
	set @departmentid=(select`departmentid` from `materialrequest` where `requisitionno`=$requisitionno);
	select u.* from `user` u,`materialrequestapprovalusers` a, `materialrequestapprovallevels` l
	where a.`userid`=u.`id` and  a.`approvallevelid`=l.`id` and l.`hierarchy`=$approvallevel and a.`departmentid`=@departmentid;
    END */$$
DELIMITER ;

/* Procedure structure for procedure `sp_getrequisitioncurrentstatus` */

/*!50003 DROP PROCEDURE IF EXISTS  `sp_getrequisitioncurrentstatus` */;

DELIMITER $$

/*!50003 CREATE DEFINER=`root`@`localhost` PROCEDURE `sp_getrequisitioncurrentstatus`($requisitionno varchar(50))
BEGIN
	set @id=(select id from `materialrequest` where `requisitionno`=$requisitionno);
	select `fn_requisitionstatus`(@id) `status`;
    END */$$
DELIMITER ;

/* Procedure structure for procedure `sp_getrequisitiondefaultnonpurchasesupplier` */

/*!50003 DROP PROCEDURE IF EXISTS  `sp_getrequisitiondefaultnonpurchasesupplier` */;

DELIMITER $$

/*!50003 CREATE DEFINER=`root`@`localhost` PROCEDURE `sp_getrequisitiondefaultnonpurchasesupplier`()
BEGIN
	select `defaultnonpurchasesupplier` 
	from `materialrequisitionsettings`;
    END */$$
DELIMITER ;

/* Procedure structure for procedure `sp_getrequisitionnextapprovallevel` */

/*!50003 DROP PROCEDURE IF EXISTS  `sp_getrequisitionnextapprovallevel` */;

DELIMITER $$

/*!50003 CREATE DEFINER=`root`@`localhost` PROCEDURE `sp_getrequisitionnextapprovallevel`($requisitionno varchar(50))
BEGIN
	set @requisitionid=(select id from `materialrequest` where `requisitionno`=$requisitionno);
	select a.`id`,`description`,`hierarchy`,ifnull(s.`id`,0)`approved`
	from `materialrequestapprovallevels` a
	left outer join `materialrequestapproval` s
	on a.`id`=s.`approvallevelid` and `materialrequestid`=@requisitionid
	where IFNULL(s.`id`,0)=0
	order by `hierarchy`
	limit 1;
    END */$$
DELIMITER ;

/* Procedure structure for procedure `sp_getspoilagecategory` */

/*!50003 DROP PROCEDURE IF EXISTS  `sp_getspoilagecategory` */;

DELIMITER $$

/*!50003 CREATE DEFINER=`root`@`localhost` PROCEDURE `sp_getspoilagecategory`()
BEGIN
	select * from `spoilagecategory`
	order by `categoryname`;
    END */$$
DELIMITER ;

/* Procedure structure for procedure `sp_getsubzones` */

/*!50003 DROP PROCEDURE IF EXISTS  `sp_getsubzones` */;

DELIMITER $$

/*!50003 CREATE DEFINER=`root`@`localhost` PROCEDURE `sp_getsubzones`($parent int)
BEGIN
	if $parent=0 then
		select z.id,z.zonename,z.parent,z.dateadded,count(c.customerid) customers, concat(`firstname`,' ',`middlename`,' ',`lastname`) addedbyname 
		from `zones` z
		inner join `user` u on z.`addedby`=u.id
		left outer join `customers` c on c.subzoneid=z.id
		where z.`parent`>0 and ifnull(z.`deleted`,0)=0
		group by z.id,z.zonename,z.parent,z.dateadded
		order by `zonename`;
	else
		SELECT z.id,z.zonename,z.parent,z.dateadded,COUNT(c.customerid) customers, CONCAT(`firstname`,' ',`middlename`,' ',`lastname`) addedbyname 
		FROM `zones` z
		INNER JOIN `user` u ON z.`addedby`=u.id
		LEFT OUTER JOIN `customers` c ON c.subzoneid=z.id
		WHERE z.`parent`=$parent AND IFNULL(z.`deleted`,0)=0
		GROUP BY z.id,z.zonename,z.parent,z.dateadded
		ORDER BY `zonename`;
	end if;
    END */$$
DELIMITER ;

/* Procedure structure for procedure `sp_gettaxdetails` */

/*!50003 DROP PROCEDURE IF EXISTS  `sp_gettaxdetails` */;

DELIMITER $$

/*!50003 CREATE DEFINER=`root`@`localhost` PROCEDURE `sp_gettaxdetails`($id int)
BEGIN
	select * 
	from `taxtypes` 
	where `id`=$id;
    END */$$
DELIMITER ;

/* Procedure structure for procedure `sp_gettransferreportbyitems` */

/*!50003 DROP PROCEDURE IF EXISTS  `sp_gettransferreportbyitems` */;

DELIMITER $$

/*!50003 CREATE DEFINER=`root`@`localhost` PROCEDURE `sp_gettransferreportbyitems`($cat varchar(50),$id int,$startdate date,$enddate date)
BEGIN
    
	SET @type =$cat;
	SET @id=$id;
	SET @startdate=$startdate;
	SET @enddate=$enddate;
	-- select @startdate,@enddate;
	SELECT	sd.itemcode, p.`itemname`, 
	SUM(CASE WHEN `destinationtype`=@type AND `destinationid`=@id THEN `quantity` ELSE 0 END) AS transferin,
	SUM(CASE WHEN `sourcetype`=@type AND `sourceid`=@id THEN `quantity` ELSE 0 END) AS transferout
	FROM `stocktransfer` s, `stocktransferdetails` sd, `products` p
	WHERE s.`id`=sd.`transferid` AND sd.`itemcode`=p.`productid`
	AND DATE_FORMAT(s.`dateadded`,'%Y-%m-%d') BETWEEN @startdate AND @enddate
	-- and `destinationtype`=@type and `destinationid`=@destinationid
	GROUP BY sd.itemcode, p.`itemname`
	order by p.itemname;
	
    END */$$
DELIMITER ;

/* Procedure structure for procedure `sp_getunissuedepartmentrequisitions` */

/*!50003 DROP PROCEDURE IF EXISTS  `sp_getunissuedepartmentrequisitions` */;

DELIMITER $$

/*!50003 CREATE DEFINER=`root`@`localhost` PROCEDURE `sp_getunissuedepartmentrequisitions`($departmentid int)
BEGIN
	select distinct requisitionid,requisitionno from `vw_requisitionitembalances` where departmentid=$departmentid
	order by requisitionno;
    END */$$
DELIMITER ;

/* Procedure structure for procedure `sp_getunissuedrequisitionitems` */

/*!50003 DROP PROCEDURE IF EXISTS  `sp_getunissuedrequisitionitems` */;

DELIMITER $$

/*!50003 CREATE DEFINER=`root`@`localhost` PROCEDURE `sp_getunissuedrequisitionitems`($requisitionid int)
BEGIN
	select * 
	from `vw_requisitionitembalances` where requisitionid=$requisitionid
	order by itemname;
    END */$$
DELIMITER ;

/* Procedure structure for procedure `sp_getuserpurchaseorderapprovalprivileges` */

/*!50003 DROP PROCEDURE IF EXISTS  `sp_getuserpurchaseorderapprovalprivileges` */;

DELIMITER $$

/*!50003 CREATE DEFINER=`root`@`localhost` PROCEDURE `sp_getuserpurchaseorderapprovalprivileges`($userid int)
BEGIN
	select * 
	from `purchaseorderapprovalusers` 
	where `userid`=$userid and ifnull(valid,0)=1;
    END */$$
DELIMITER ;

/* Procedure structure for procedure `sp_getuserrequisitionapprovalprivileges` */

/*!50003 DROP PROCEDURE IF EXISTS  `sp_getuserrequisitionapprovalprivileges` */;

DELIMITER $$

/*!50003 CREATE DEFINER=`root`@`localhost` PROCEDURE `sp_getuserrequisitionapprovalprivileges`($userid int)
BEGIN
	select * 
	from `materialrequestapprovalusers` 
	where `userid`=$userid and ifnull(valid,0)=1;
    END */$$
DELIMITER ;

/* Procedure structure for procedure `sp_getuserswithprivilege` */

/*!50003 DROP PROCEDURE IF EXISTS  `sp_getuserswithprivilege` */;

DELIMITER $$

/*!50003 CREATE DEFINER=`root`@`localhost` PROCEDURE `sp_getuserswithprivilege`($objectid int)
BEGIN
	select * from `user` where id in(select userid from `userprivileges` where `objectid`=$objectid and `allowed`=1)
	or id in(select `userid` from `roleusers`  r, `roleprivileges` p where r.`roleid`=p.`roleid` and p.`objectid`=$objectid and `allowed`=1);
	
    END */$$
DELIMITER ;

/* Procedure structure for procedure `sp_getzonedetails` */

/*!50003 DROP PROCEDURE IF EXISTS  `sp_getzonedetails` */;

DELIMITER $$

/*!50003 CREATE DEFINER=`root`@`localhost` PROCEDURE `sp_getzonedetails`($id int)
BEGIN
	select * from `zones` where `id`=$id;
    END */$$
DELIMITER ;

/* Procedure structure for procedure `sp_getzonesandsubzones` */

/*!50003 DROP PROCEDURE IF EXISTS  `sp_getzonesandsubzones` */;

DELIMITER $$

/*!50003 CREATE DEFINER=`root`@`localhost` PROCEDURE `sp_getzonesandsubzones`()
BEGIN
	SELECT s.id subzoneid,s.zonename subzonename, p.zonename zonename, p.id zoneid
	FROM `zones` s, `zones` p
	WHERE s.`parent`=p.id  AND IFNULL(s.`deleted`,0)=0
	ORDER BY zonename,subzonename;
    END */$$
DELIMITER ;

/* Procedure structure for procedure `sp_savecustomercontact` */

/*!50003 DROP PROCEDURE IF EXISTS  `sp_savecustomercontact` */;

DELIMITER $$

/*!50003 CREATE DEFINER=`root`@`localhost` PROCEDURE `sp_savecustomercontact`($id int,$customerid int, $categoryid int, $contactname varchar(100),$mobile varchar(100),$email varchar(100),$userid int)
BEGIN
	if $id=0 then 
		insert into `customercontacts`(`customerid`,`categoryid`,`contactname`,`mobile`,`email`,`dateadded`,`addedby`)
		values($customerid,$categoryid,$contactname,$mobile,$email,now(),$userid);
	else
		update `customercontacts` 
		set `categoryid`=$categoryid, `contactname`=$contactname, `mobile`=$mobile, `email`=$email,`customerid`=$customerid
		where `id`=$id;	 
	end if;
    END */$$
DELIMITER ;

/* Procedure structure for procedure `sp_savedepartment` */

/*!50003 DROP PROCEDURE IF EXISTS  `sp_savedepartment` */;

DELIMITER $$

/*!50003 CREATE DEFINER=`root`@`localhost` PROCEDURE `sp_savedepartment`($id int,$departmentname varchar(50),$userid int,$hodid int)
BEGIN
	if $id=0 then 
		insert into `departments`(`departmentname`,`dateadded`,`addedby`, `hodid`)
		values($departmentname,now(),$userid,$hodid);
	else
		update `departments` 
		set `departmentname`=$departmentname , `hodid`=$hodid
		where `id`=$id;
	end if;
    END */$$
DELIMITER ;

/* Procedure structure for procedure `sp_saveemailconfiguration` */

/*!50003 DROP PROCEDURE IF EXISTS  `sp_saveemailconfiguration` */;

DELIMITER $$

/*!50003 CREATE DEFINER=`root`@`localhost` PROCEDURE `sp_saveemailconfiguration`($emailaddress varchar(100),$emailpassword varchar(50),$smtpserver varchar(50),$smtpport int,$usessl boolean)
BEGIN
	if not exists(select * from `emailconfiguration`) then
		insert into `emailconfiguration`(`emailaddress`,`password`,`smtpserver`,`usessl`,`smtpport`)
		values($emailaddress,$emailpassword,$smtpserver,$usessl,$smtpport);
	else
		update `emailconfiguration` 
		set `emailaddress`=$emailaddress,`password`=$emailpassword,`smtpserver`=$smtpserver,`usessl`=$usessl,`smtpport`=$smtpport;
	end if;
    END */$$
DELIMITER ;

/* Procedure structure for procedure `sp_savefleetfuelrequisition` */

/*!50003 DROP PROCEDURE IF EXISTS  `sp_savefleetfuelrequisition` */;

DELIMITER $$

/*!50003 CREATE DEFINER=`root`@`localhost` PROCEDURE `sp_savefleetfuelrequisition`(`$id` INT, `$supplierid` INT, `$costcenterid` INT, `$vehicleid` INT, `$requestedby` INT, `$approvedby` INT, `$quantity` DECIMAL(18,2), `$unitprice` DECIMAL(18,2), `$odoreading` INT, `$userid` INT)
BEGIN
	if $id=0 then 
		-- Generate the Requisition number
		set @requisitionno=fn_generaterequisitionno();
		start transaction;
			insert into `fleetfuelrequisition`(`vehicleid`,`requisitionno`,`odoreading`,`costcenterid`,`supplierid`,`quantity`,`unitprice`,`dateadded`,`addedby`,`approvedby`,`requestedby`)
			values($vehicleid,@requisitionno,$odoreading,$costcenterid,$supplierid,$quantity,$unitprice,now(),$userid,$approvedby,$requestedby);
			-- Increment requisition number counter generator
			update serials set currentno=currentno+1 where `documenttype`='Requisition Number';
		commit;
	else	
		update `fleetfuelrequisition` set `vehicleid`=$vehicleid, `odoreading`=$odoreading, `costcenterid`=$costcenterid, `supplierid`=$supplierid,
		`quantity`=$quantity,`unitprice`=$unitprice,`requestedby`=$requestedby, `approvedby`=$approvedby
		where `id`=$id;
		set @requisitionno=(select `requisitionno` from `fleetfuelrequisition` where `id`=$id);
	end if;
	select @requisitionno as requisitionno;
    END */$$
DELIMITER ;

/* Procedure structure for procedure `sp_savefleetvehicle` */

/*!50003 DROP PROCEDURE IF EXISTS  `sp_savefleetvehicle` */;

DELIMITER $$

/*!50003 CREATE DEFINER=`root`@`localhost` PROCEDURE `sp_savefleetvehicle`(`$vehicleid` INT, `$regno` VARCHAR(50), `$bodytypeid` INT, `$fueltypeid` INT, `$enginerating` INT, `$userid` INT)
BEGIN
	if $vehicleid=0 then
		insert into `fleetvehicles`(`bodytypeid`,`fueltypeid`,`regno`,`enginerating`,`dateadded`,`addedby`,`deleted`)
		values($bodytypeid,$fueltypeid,$regno,$enginerating,now(),$userid,0);	
		set $vehicleid=(select max(vehicleid) from `fleetvehicles`);
	else
		update `fleetvehicles` set `bodytypeid`=$bodytypeid, `fueltypeid`=$fueltypeid, `regno`=$regno, `enginerating`=$enginerating
		where `vehicleid`=$vehicleid;
	end if;
	
	select $vehicleid as vehicleid;
	
    END */$$
DELIMITER ;

/* Procedure structure for procedure `sp_savematerialrequisition` */

/*!50003 DROP PROCEDURE IF EXISTS  `sp_savematerialrequisition` */;

DELIMITER $$

/*!50003 CREATE DEFINER=`root`@`localhost` PROCEDURE `sp_savematerialrequisition`($id int,$refno varchar(50),$materialusecase int,$reference varchar(50),$narration varchar(5000),$scope varchar(50),$supplierid int,$activityid int,$departmentid int,$userid int,$purchaserequisition bool)
BEGIN
	start transaction;
		if $id=0 then 
			-- generate requisitionno
			set @requisitionno=`fn_generaterequisitionno`();
			-- save requisition
			insert into `materialrequest`(`requisitionno`,`materialusecase`,`reference`,`requestdate`,`requestedby`,`narration`,scope,supplierid,activityid,departmentid,`addedby`,`purchaserequisition`)
			values(@requisitionno,$materialusecase,$reference,now(),$userid,$narration,$scope,$supplierid,$activityid,$departmentid,$userid,$purchaserequisition);
			-- get the generated requisition id
			set @materialrequestid=(select max(id) from `materialrequest`);
			-- save requisition items
			insert into `materialrequestdetails`(`materialrequestid`,`materialid`,`quantity`,`unitprice`)
			select @materialrequestid,`itemid`,`quantity`,`unitprice` from `tempmaterialrequestdetails` where `refno`=$refno;
			-- remove temporary data
			delete from `tempmaterialrequestdetails` where `refno`=$refno;
			-- Increment requisition number counter
			update serials set currentnumber=currentnumber+1 where document='requisition';
			-- return generated requisition number
			select @requisitionno as requisitionno;
		else
			update `materialrequest` set `materialusecase`=$materialusecase,`reference`=$reference,`narration`=$narration,scope=$scope,supplierid=$supplierid,
			activityid=$activityid,departmentid=$departmentid, `purchaserequisition`=$purchaserequisition where `id`=$id;
			-- Remove materials added earlier
			delete from `materialrequestdetails` where `materialrequestid`=$id;
			-- Add materials requested
			INSERT INTO `materialrequestdetails`(`materialrequestid`,`materialid`,`quantity`,`unitprice`)
			SELECT $id,`itemid`,`quantity`,`unitprice` FROM `tempmaterialrequestdetails` WHERE `refno`=$refno;
			-- remove temporary data
			DELETE FROM `tempmaterialrequestdetails` WHERE `refno`=$refno;
			-- Return requsition number
			select requisitionno from `materialrequest` where id=$id;
		end if;
	commit;
    END */$$
DELIMITER ;

/* Procedure structure for procedure `sp_savematerialsreceived` */

/*!50003 DROP PROCEDURE IF EXISTS  `sp_savematerialsreceived` */;

DELIMITER $$

/*!50003 CREATE DEFINER=`root`@`localhost` PROCEDURE `sp_savematerialsreceived`($refno varchar(50),$source varchar(50),$reference varchar(50),$userid int,$inspectedby int,
	$materialusecaseid int,$projectid int,$deliveredby varchar(50),$sourceid int,$warehouseid int)
BEGIN
	start transaction;
	
		-- generate the GRN number
		set @grnno=`fn_generategrnnumber`();
		
		
		if $source='Customer' then 
			set @customerid=$sourceid;
		elseif $source='Supplier' then
			set @supplierid=$sourceid;
			set $projectid=NULL;
			set $materialusecaseid=NULL;
		end if;
		
		-- Add source details
		insert into `materialreceipts`(`grnno`,`source`,`deliverynoteno`,`datereceived`,`receivedby`,`inspectedby`,`materialusecaseid`,`supplierid`,`customerid`,`projectid`,`deliveredby`,`warehouseid`)
		values(@grnno,$source,$reference,now(),$userid,$inspectedby,$materialusecaseid,@supplierid,@customerid,$projectid,$deliveredby,$warehouseid);
		-- Get the inserted grnid
		set @receiptid=(select max(`id`) from `materialreceipts`);
		-- Add material details
		insert into `materialreceiptdetails`(`receiptid`,`materialid`,`quantity`,`unitprice`,`barcode`,`serialno`,`poid`,`tagno`)
		select @receiptid,`itemid`,quantity,`unitprice`,`fn_generatebarcode`(),`serialno`,case when poid=0 then NULL else poid end,`tagno` from `tempmaterialreceiptdetails`
		where `refno`=$refno;
		-- Remove temporary data
		delete from `tempmaterialreceiptdetails` where `refno`=$refno;
		--  Return the grn number generated
		select @grnno as grnno;
	commit;
    END */$$
DELIMITER ;

/* Procedure structure for procedure `sp_savepurchaseorderprivilege` */

/*!50003 DROP PROCEDURE IF EXISTS  `sp_savepurchaseorderprivilege` */;

DELIMITER $$

/*!50003 CREATE DEFINER=`root`@`localhost` PROCEDURE `sp_savepurchaseorderprivilege`($userid int, $approvallevelid int, $departmentid int,$valid boolean,$addedby int)
BEGIN
	if not exists(select * from `purchaseorderapprovalusers` where `userid`=$userid and `approvallevelid`=$approvallevelid AND `departmentid`=$departmentid) then	
		if $valid=1 then
			insert into `purchaseorderapprovalusers`(`approvallevelid`,`userid`,`departmentid`,`valid`,`addedby`,`dateadded`)
			values($approvallevelid,$userid,$departmentid,$valid,$addedby,now());
		end if;
	else
		if $valid=0 then
			update `purchaseorderapprovalusers` set `valid`=$valid,`invalidatedby`=$addedby,`dateinvalidated`=now()
			where `userid`=$userid AND `approvallevelid`=$approvallevelid and `departmentid`=$departmentid;
		else
			update`purchaseorderapprovalusers`  SET `valid`=$valid,`dateadded`=now(),`addedby`=$addedby
			where `userid`=$userid AND `approvallevelid`=$approvallevelid AND `departmentid`=$departmentid;
		end if;
	end if;
		
    END */$$
DELIMITER ;

/* Procedure structure for procedure `sp_savequotation` */

/*!50003 DROP PROCEDURE IF EXISTS  `sp_savequotation` */;

DELIMITER $$

/*!50003 CREATE DEFINER=`root`@`localhost` PROCEDURE `sp_savequotation`($id int,$refno varchar(50),$customerid int, $terms varchar(1000),$category varchar(50),$userid int )
BEGIN
	if $id=0 then 
		start transaction;
			set @quotationvalidity=ifnull((select quotationvalidity from `institution`),30);
			-- Generate quotation number
			set @quotationno=`fn_generatequoatationno`();
			-- Set Quotation Expiry Date
			set @quotationexpirydate=date_add(now(), interval @quotationvalidity day);
			-- Insert quotation
			insert into `quotation`(`quoteno`,`quotedate`,`terms`,`customerid`,`expirydate`,`addedby`,`deleted`,`category`)
			values(@quotationno,now(),$terms,$customerid,@quotationexpirydate,$userid,0,$category);
			-- Get inserted ID
			set $id=(select max(id) from `quotation`);
			-- Insert quotation details
			insert into `quotationdetails`(`quoteid`,`itemid`,`description`,`quantity`,`unitprice`,`length`,`width`,`height`,`gsm`,
			`weight`,`plies`,`jointallowance`,`trimallowance`,`profitmargin`,`printing`,`freight`,`waste`,`flutefactor`)
			select $id,`itemid`,`description`,`quantity`,`unitprice`,`length`,`width`,`height`,`gsm`,
			`weight`,`plies`,`jointallowance`,`trimallowance`,`profitmargin`,`printing`,`freight`,`waste`,`flutefactor`
			from `tempquotationdetails` where `refno`=$refno;
			-- Increment quotation number counter
			update serials set currentno=currentno+1 where `documenttype`='Quotation Number';
			-- Delete temp data
			-- delete from `tempquotationdetails`  WHERE `refno`=$refno;
		commit;
	else	
		start transaction;
			update `quotation` set `customerid`=$customerid, `terms`=$terms where `id`=$id;
			-- delete quotation details
			delete from `quotationdetails` where `quoteid`=$id;
			-- Insert quotation details
			INSERT INTO `quotationdetails`(`quoteid`,`itemid`,`description`,`quantity`,`unitprice`,`length`,`width`,`height`,`gsm`,
			`weight`,`plies`,`jointallowance`,`trimallowance`,`profitmargin`,`printing`,`freight`,`waste`,`flutefactor`)
			SELECT $id,`itemid`,`description`,`quantity`,`unitprice`,`length`,`width`,`height`,`gsm`,
			`weight`,`plies`,`jointallowance`,`trimallowance`,`profitmargin`,`printing`,`freight`,`waste`,`flutefactor`
			FROM `tempquotationdetails` WHERE `refno`=$refno;
			-- Delete temp data
			DELETE FROM `tempquotationdetails`  WHERE `refno`=$refno;
			-- get quotation number
			set @quotationno=(select `quoteno` from `quotation` where `id`=$id);
		commit; 
	end if;
	select @quotationno as quoteno;
    END */$$
DELIMITER ;

/* Procedure structure for procedure `sp_saverawmaterial` */

/*!50003 DROP PROCEDURE IF EXISTS  `sp_saverawmaterial` */;

DELIMITER $$

/*!50003 CREATE DEFINER=`root`@`localhost` PROCEDURE `sp_saverawmaterial`($materialid int,$categoryid int,$materialname varchar(50),
	$uom varchar(50),$physicalproduct bool, $unitprice decimal(18,2),$itemcode varchar(50),$generateitemcode bool, $userid int)
BEGIN
	if $materialid=0 then 
		set $itemcode=fngeneraterawmaterialcode($categoryid);
		insert into `rawmaterials`(`materialname`,`categoryid`,`unitprice`,`physicalproduct`,`uom`,`dateadded`,`addedby`,`deleted`)
		values($materialname,$categoryid,$unitprice,$physicalproduct,$uom,now(),$userid,0);
		update `rawmaterialcategories` set `currentno`=`currentno`+1 where `categoryid`=$categoryid;
	else
		update `rawmaterials` set `materialname`=$materialname,`categoryid`=$categoryid, `unitprice`=$unitprice, 
		`physicalproduct`=$physicalproduct, `uom`=$uom
		where `materialid`=$materialid;
	end if;
    END */$$
DELIMITER ;

/* Procedure structure for procedure `sp_saverequisitionprivilege` */

/*!50003 DROP PROCEDURE IF EXISTS  `sp_saverequisitionprivilege` */;

DELIMITER $$

/*!50003 CREATE DEFINER=`root`@`localhost` PROCEDURE `sp_saverequisitionprivilege`($userid int, $approvallevelid int, $departmentid int,$valid boolean,$addedby int)
BEGIN
	if not exists(select * from `materialrequestapprovalusers` where `userid`=$userid and `approvallevelid`=$approvallevelid AND `departmentid`=$departmentid) then	
		if $valid=1 then
			insert into `materialrequestapprovalusers`(`approvallevelid`,`userid`,`departmentid`,`valid`,`addedby`,`dateadded`)
			values($approvallevelid,$userid,$departmentid,$valid,$addedby,now());
		end if;
	else
		if $valid=0 then
			update `materialrequestapprovalusers` set `valid`=$valid,`invalidatedby`=$addedby,`dateinvalidated`=now()
			where `userid`=$userid AND `approvallevelid`=$approvallevelid and `departmentid`=$departmentid;
		else
			update`materialrequestapprovalusers`  SET `valid`=$valid,`dateadded`=now(),`addedby`=$addedby
			where `userid`=$userid AND `approvallevelid`=$approvallevelid AND `departmentid`=$departmentid;
		end if;
	end if;
		
    END */$$
DELIMITER ;

/* Procedure structure for procedure `sp_savespoilage` */

/*!50003 DROP PROCEDURE IF EXISTS  `sp_savespoilage` */;

DELIMITER $$

/*!50003 CREATE DEFINER=`root`@`localhost` PROCEDURE `sp_savespoilage`(`$id` INT, `$categoryid` INT, `$productid` INT, `$quantity` NUMERIC(18,2), `$narration` VARCHAR(1000), `$userid` INT)
BEGIN
	if $id=0 then
		insert into `spoilage`(`categoryid`,`productid`,`quantity`,`narration`,`dateadded`,`addedby`)
		values($categoryid,$productid,$quantity,$narration,now(),$userid);
	else
		update `spoilage` set `categoryid`=$categoryid,`productid`=$productid,`quantity`=$quantity,`narration`=$narration
		where `id`=$id;
	end if;
    END */$$
DELIMITER ;

/* Procedure structure for procedure `sp_savetempquotation` */

/*!50003 DROP PROCEDURE IF EXISTS  `sp_savetempquotation` */;

DELIMITER $$

/*!50003 CREATE DEFINER=`root`@`localhost` PROCEDURE `sp_savetempquotation`($refno varchar(50), $itemid int, $description varchar(500),$quantity decimal(18,2),$unitprice decimal(18,2),
	$ilength decimal(18,2),$width decimal(18,2),$height decimal(18,2),$gsm decimal(18,2),$weight decimal(18,4),$plies decimal(18,2), $jointallowance decimal(18,2),
	$trimallowance decimal(18,2),$profitmargin decimal(18,2),$printing decimal(18,2),$freight decimal(18,2),$waste decimal(18,2),$flutefactor decimal(18,2))
BEGIN
	insert into `tempquotationdetails`(`refno`,`itemid`,`quantity`,`unitprice`,`description`,`length`,`width`,`height`,`gsm`,
		`weight`,`plies`,`jointallowance`,`trimallowance`,`profitmargin`,`printing`,`freight`,`waste`,`flutefactor`)
	values($refno,$itemid,$quantity,$unitprice,$description,$ilength,$width,$height,$gsm,$weight,$plies,$jointallowance,
		$trimallowance,$profitmargin,$printing,$freight,$waste,$flutefactor);
    END */$$
DELIMITER ;

/* Procedure structure for procedure `sp_saveuserprofilephoto` */

/*!50003 DROP PROCEDURE IF EXISTS  `sp_saveuserprofilephoto` */;

DELIMITER $$

/*!50003 CREATE DEFINER=`root`@`localhost` PROCEDURE `sp_saveuserprofilephoto`($userid int,$documentname varchar(1000))
BEGIN
	update `user` set `profilephoto`=$documentname where `id`=$userid;
    END */$$
DELIMITER ;

/* Procedure structure for procedure `sp_saveusersignature` */

/*!50003 DROP PROCEDURE IF EXISTS  `sp_saveusersignature` */;

DELIMITER $$

/*!50003 CREATE DEFINER=`root`@`localhost` PROCEDURE `sp_saveusersignature`($userid int,$documentname varchar(1000))
BEGIN
	update `user` set `signature`=$documentname where `id`=$userid;
    END */$$
DELIMITER ;

/* Procedure structure for procedure `sp_savezone` */

/*!50003 DROP PROCEDURE IF EXISTS  `sp_savezone` */;

DELIMITER $$

/*!50003 CREATE DEFINER=`root`@`localhost` PROCEDURE `sp_savezone`($id int,$zonename varchar(50),$parent int,$userid int)
BEGIN
	if $id=0 then
		insert into `zones`(`zonename`,`dateadded`,`addedby`,`deleted`,`parent`)
		values($zonename,now(),$userid,0,$parent);
	else	
		update `zones` set `zonename`=$zonename, `parent`=$parent where `id`=$id;
	end if;
    END */$$
DELIMITER ;

/* Procedure structure for procedure `sp_subzones` */

/*!50003 DROP PROCEDURE IF EXISTS  `sp_subzones` */;

DELIMITER $$

/*!50003 CREATE DEFINER=`root`@`localhost` PROCEDURE `sp_subzones`($parent int)
BEGIN
	if $parent=0 then
		select z.id,z.zonename,z.parent,z.dateadded,count(c.customerid) customers, concat(`firstname`,' ',`middlename`,' ',`lastname`) addedbyname 
		from `zones` z
		inner join `user` u on z.`addedby`=u.id
		left outer join `customers` c on c.subzoneid=z.id
		where z.`parent`>0 and ifnull(z.`deleted`,0)=0
		group by z.id,z.zonename,z.parent,z.dateadded
		order by `zonename`;
	else
		SELECT z.id,z.zonename,z.parent,z.dateadded,COUNT(c.customerid) customers, CONCAT(`firstname`,' ',`middlename`,' ',`lastname`) addedbyname 
		FROM `zones` z
		INNER JOIN `user` u ON z.`addedby`=u.id
		LEFT OUTER JOIN `customers` c ON c.subzoneid=z.id
		WHERE z.`parent`=$parent AND IFNULL(z.`deleted`,0)=0
		GROUP BY z.id,z.zonename,z.parent,z.dateadded
		ORDER BY `zonename`;
	end if;
    END */$$
DELIMITER ;

/* Procedure structure for procedure `sp_validatepurchaseorderapproval` */

/*!50003 DROP PROCEDURE IF EXISTS  `sp_validatepurchaseorderapproval` */;

DELIMITER $$

/*!50003 CREATE DEFINER=`root`@`localhost` PROCEDURE `sp_validatepurchaseorderapproval`($userid INT, $approvallevel INT,$departmentid INT)
BEGIN
	DECLARE $admin INT DEFAULT 0;
	DECLARE $valid INT DEFAULT 0;
	SET $admin=(SELECT systemadmin FROM `user` WHERE `id`=$userid);
	IF $admin=1 THEN
		SET $valid=1;
	ELSE
		IF $approvallevel=0 THEN 
			IF EXISTS(SELECT `valid` FROM `purchaseorderapprovalusers` WHERE `userid`=$userid AND departmentid=$departmentid AND valid=1) THEN
				SET $valid=1;
			END IF;
		ELSE
			SET $valid=IFNULL((SELECT `valid` FROM `purchaseorderapprovalusers` WHERE `userid`=$userid AND departmentid=$departmentid AND `approvallevelid`=$approvallevel AND valid=1),0);
		END IF;
	END IF;
	
	SELECT $valid AS `allowed`;
    END */$$
DELIMITER ;

/* Procedure structure for procedure `sp_validaterequisitionapproval` */

/*!50003 DROP PROCEDURE IF EXISTS  `sp_validaterequisitionapproval` */;

DELIMITER $$

/*!50003 CREATE DEFINER=`root`@`localhost` PROCEDURE `sp_validaterequisitionapproval`($userid int, $approvallevel int,$departmentid int)
BEGIN
	declare $admin INT DEFAULT 0;
	declare $valid int default 0;
	SET $admin=(SELECT systemadmin FROM `user` WHERE `id`=$userid);
	IF $admin=1 THEN
		SET $valid=1;
	ELSE
		if $approvallevel=0 then 
			if exists(SELECT `valid` FROM `materialrequestapprovalusers` WHERE `userid`=$userid AND departmentid=$departmentid and valid=1) then
				SET $valid=1;
			end if;
		else
			SET $valid=IFNULL((SELECT `valid` FROM `materialrequestapprovalusers` WHERE `userid`=$userid AND departmentid=$departmentid AND `approvallevelid`=$approvallevel and valid=1),0);
		end if;
	END IF;
	
	SELECT $valid AS `allowed`;
	
	
	
    END */$$
DELIMITER ;

/*Table structure for table `vwcustomerreceipts` */

DROP TABLE IF EXISTS `vwcustomerreceipts`;

/*!50001 DROP VIEW IF EXISTS `vwcustomerreceipts` */;
/*!50001 DROP TABLE IF EXISTS `vwcustomerreceipts` */;

/*!50001 CREATE TABLE  `vwcustomerreceipts`(
 `id` int(11) ,
 `date` varchar(10) ,
 `posname` varchar(50) ,
 `customername` varchar(50) ,
 `receiptno` varchar(50) ,
 `paymentmodeid` int(11) ,
 `description` varchar(50) ,
 `reference` varchar(50) ,
 `banked` int(4) ,
 `amount` decimal(32,0) ,
 `addedby` varchar(101) 
)*/;

/*Table structure for table `vwcustomerstomerstatement` */

DROP TABLE IF EXISTS `vwcustomerstomerstatement`;

/*!50001 DROP VIEW IF EXISTS `vwcustomerstomerstatement` */;
/*!50001 DROP TABLE IF EXISTS `vwcustomerstomerstatement` */;

/*!50001 CREATE TABLE  `vwcustomerstomerstatement`(
 `id` int(11) ,
 `customerid` int(11) ,
 `customername` varchar(50) ,
 `physicaladdress` varchar(50) ,
 `postaladdress` varchar(50) ,
 `mobile` varchar(50) ,
 `email` varchar(50) ,
 `date` datetime ,
 `narration` varchar(27) ,
 `reference` varchar(50) ,
 `invoiceamount` decimal(10,2) ,
 `invoicepayment` decimal(33,0) ,
 `order` int(1) 
)*/;

/*Table structure for table `vwopenorders` */

DROP TABLE IF EXISTS `vwopenorders`;

/*!50001 DROP VIEW IF EXISTS `vwopenorders` */;
/*!50001 DROP TABLE IF EXISTS `vwopenorders` */;

/*!50001 CREATE TABLE  `vwopenorders`(
 `purchaseorderno` varchar(50) ,
 `date` datetime ,
 `supplierid` int(11) ,
 `itemcode` int(50) ,
 `quanity` decimal(10,2) ,
 `received` decimal(32,2) 
)*/;

/*Table structure for table `vwopenpayables` */

DROP TABLE IF EXISTS `vwopenpayables`;

/*!50001 DROP VIEW IF EXISTS `vwopenpayables` */;
/*!50001 DROP TABLE IF EXISTS `vwopenpayables` */;

/*!50001 CREATE TABLE  `vwopenpayables`(
 `supplierid` int(11) ,
 `invoiceno` varchar(50) ,
 `invoicedate` datetime ,
 `status` varchar(50) ,
 `invoiceamount` decimal(42,4) ,
 `settled` decimal(42,6) 
)*/;

/*Table structure for table `vwpaymentvouchers` */

DROP TABLE IF EXISTS `vwpaymentvouchers`;

/*!50001 DROP VIEW IF EXISTS `vwpaymentvouchers` */;
/*!50001 DROP TABLE IF EXISTS `vwpaymentvouchers` */;

/*!50001 CREATE TABLE  `vwpaymentvouchers`(
 `voucherid` int(11) ,
 `pettycashvoucher` int(4) ,
 `voucherno` varchar(50) ,
 `voucherdate` varchar(10) ,
 `paymentmodeid` int(11) ,
 `paymentmodedescription` varchar(50) ,
 `posid` int(11) ,
 `posname` varchar(50) ,
 `supplierid` int(11) ,
 `suppliername` varchar(50) ,
 `invoicenumber` varchar(50) ,
 `cashbookaccountid` int(11) ,
 `accountcode` varchar(50) ,
 `accountname` varchar(100) ,
 `referenceno` varchar(50) ,
 `status` varchar(50) ,
 `vouchertotal` decimal(42,6) ,
 `userid` int(11) ,
 `username` varchar(152) 
)*/;

/*Table structure for table `vwpointofsaleitembalances` */

DROP TABLE IF EXISTS `vwpointofsaleitembalances`;

/*!50001 DROP VIEW IF EXISTS `vwpointofsaleitembalances` */;
/*!50001 DROP TABLE IF EXISTS `vwpointofsaleitembalances` */;

/*!50001 CREATE TABLE  `vwpointofsaleitembalances`(
 `posid` int(11) ,
 `posname` varchar(50) ,
 `itemid` int(50) ,
 `itemcode` varchar(50) ,
 `itemname` varchar(50) ,
 `unitofmeasure` varchar(50) ,
 `buyingprice` decimal(10,2) ,
 `unitsreceived` decimal(32,2) ,
 `issued` decimal(32,2) 
)*/;

/*Table structure for table `vwsalessummary` */

DROP TABLE IF EXISTS `vwsalessummary`;

/*!50001 DROP VIEW IF EXISTS `vwsalessummary` */;
/*!50001 DROP TABLE IF EXISTS `vwsalessummary` */;

/*!50001 CREATE TABLE  `vwsalessummary`(
 `transactiondate` varchar(10) ,
 `id` int(11) ,
 `receiptno` varchar(50) ,
 `paymentmode` varchar(50) ,
 `paymentmodereference` varchar(50) ,
 `pointofsale` varchar(50) ,
 `customerid` int(11) ,
 `customername` varchar(50) ,
 `userid` int(11) ,
 `receipttotal` decimal(10,2) ,
 `posid` int(11) ,
 `banked` int(4) ,
 `userfullname` varchar(152) ,
 `username` varchar(50) 
)*/;

/*Table structure for table `vwsalessummary2` */

DROP TABLE IF EXISTS `vwsalessummary2`;

/*!50001 DROP VIEW IF EXISTS `vwsalessummary2` */;
/*!50001 DROP TABLE IF EXISTS `vwsalessummary2` */;

/*!50001 CREATE TABLE  `vwsalessummary2`(
 `transactiondate` datetime ,
 `id` int(11) ,
 `receiptno` varchar(50) ,
 `paymentmode` varchar(50) ,
 `paymentmodereference` varchar(50) ,
 `pointofsale` varchar(50) ,
 `customerid` int(11) ,
 `customername` varchar(50) ,
 `userid` int(11) ,
 `receipttotal` decimal(10,2) ,
 `quantity` decimal(32,2) ,
 `posid` int(11) ,
 `banked` int(4) ,
 `userfullname` varchar(50) ,
 `username` varchar(50) 
)*/;

/*Table structure for table `vwstockcenters` */

DROP TABLE IF EXISTS `vwstockcenters`;

/*!50001 DROP VIEW IF EXISTS `vwstockcenters` */;
/*!50001 DROP TABLE IF EXISTS `vwstockcenters` */;

/*!50001 CREATE TABLE  `vwstockcenters`(
 `posname` varchar(50) 
)*/;

/*Table structure for table `vwstockdetails` */

DROP TABLE IF EXISTS `vwstockdetails`;

/*!50001 DROP VIEW IF EXISTS `vwstockdetails` */;
/*!50001 DROP TABLE IF EXISTS `vwstockdetails` */;

/*!50001 CREATE TABLE  `vwstockdetails`(
 `date` varchar(40) ,
 `posname` varchar(50) ,
 `itemcode` varchar(50) ,
 `itemname` varchar(50) ,
 `unitofmeasure` varchar(50) ,
 `buyingprice` decimal(14,6) ,
 `sellingprice` decimal(14,6) ,
 `purchases` decimal(32,2) ,
 `quantitysold` decimal(32,2) ,
 `transfersout` decimal(32,2) ,
 `transfersin` decimal(32,2) 
)*/;

/*Table structure for table `vwstocktransfers` */

DROP TABLE IF EXISTS `vwstocktransfers`;

/*!50001 DROP VIEW IF EXISTS `vwstocktransfers` */;
/*!50001 DROP TABLE IF EXISTS `vwstocktransfers` */;

/*!50001 CREATE TABLE  `vwstocktransfers`(
 `referenceno` varchar(50) ,
 `sourcetype` varchar(50) ,
 `sourceid` int(11) ,
 `sourcename` varchar(50) ,
 `destinationtype` varchar(50) ,
 `destinationid` varchar(50) ,
 `destinationame` varchar(50) ,
 `addedby` int(11) ,
 `dateadded` datetime ,
 `username` varchar(152) ,
 `issuedto` varchar(152) ,
 `storecontroller` varchar(152) 
)*/;

/*Table structure for table `vwstores` */

DROP TABLE IF EXISTS `vwstores`;

/*!50001 DROP VIEW IF EXISTS `vwstores` */;
/*!50001 DROP TABLE IF EXISTS `vwstores` */;

/*!50001 CREATE TABLE  `vwstores`(
 `posname` varchar(50) 
)*/;

/*Table structure for table `vwsupplierstatement` */

DROP TABLE IF EXISTS `vwsupplierstatement`;

/*!50001 DROP VIEW IF EXISTS `vwsupplierstatement` */;
/*!50001 DROP TABLE IF EXISTS `vwsupplierstatement` */;

/*!50001 CREATE TABLE  `vwsupplierstatement`(
 `supplierid` int(11) ,
 `suppliername` varchar(50) ,
 `physicaladdress` varchar(100) ,
 `postaladdress` varchar(100) ,
 `mobile` varchar(50) ,
 `email` varchar(50) ,
 `invoicedate` datetime ,
 `reference` varchar(50) ,
 `narrative` varchar(80) ,
 `invoiceamount` decimal(42,4) ,
 `invoicepayment` decimal(42,6) ,
 `order` int(1) 
)*/;

/*Table structure for table `vwwarehouseitembalances` */

DROP TABLE IF EXISTS `vwwarehouseitembalances`;

/*!50001 DROP VIEW IF EXISTS `vwwarehouseitembalances` */;
/*!50001 DROP TABLE IF EXISTS `vwwarehouseitembalances` */;

/*!50001 CREATE TABLE  `vwwarehouseitembalances`(
 `warehouseid` int(11) ,
 `warehousename` varchar(50) ,
 `itemcode` varchar(50) ,
 `itemname` varchar(50) ,
 `productid` int(11) ,
 `unitofmeasure` varchar(50) ,
 `buyingprice` decimal(10,2) ,
 `sellingprice` decimal(10,2) ,
 `serializable` tinyint(1) ,
 `unitsreceived` decimal(33,2) ,
 `issued` decimal(32,2) 
)*/;

/*View structure for view vwcustomerreceipts */

/*!50001 DROP TABLE IF EXISTS `vwcustomerreceipts` */;
/*!50001 DROP VIEW IF EXISTS `vwcustomerreceipts` */;

/*!50001 CREATE ALGORITHM=UNDEFINED DEFINER=`root`@`localhost` SQL SECURITY DEFINER VIEW `vwcustomerreceipts` AS (select `r`.`id` AS `id`,date_format(`r`.`receiptdate`,'%Y-%m-%d') AS `date`,`o`.`posname` AS `posname`,`c`.`customername` AS `customername`,`r`.`receiptno` AS `receiptno`,`r`.`modeofpayment` AS `paymentmodeid`,`p`.`description` AS `description`,`r`.`referenceno` AS `reference`,ifnull(`r`.`banked`,0) AS `banked`,sum(`rd`.`amount`) AS `amount`,concat(`u`.`firstname`,' ',`u`.`lastname`) AS `addedby` from (((((`customerreceipts` `r` join `customerreceiptdetails` `rd`) join `customers` `c`) join `paymentmethods` `p`) join `pointsofsale` `o`) join `user` `u`) where `r`.`id` = `rd`.`receiptid` and `r`.`customerid` = `c`.`customerid` and `c`.`posid` = `o`.`id` and `r`.`modeofpayment` = `p`.`id` and ifnull(`r`.`deleted`,0) = 0 and `r`.`addedby` = `u`.`id` group by `r`.`id`,`o`.`posname`,`c`.`customername`,`r`.`receiptno`,`r`.`modeofpayment`,`p`.`description`,`r`.`referenceno`,`r`.`banked`,concat(`u`.`firstname`,' ',`u`.`lastname`) order by date_format(`r`.`receiptdate`,'%Y-%m-%d')) */;

/*View structure for view vwcustomerstomerstatement */

/*!50001 DROP TABLE IF EXISTS `vwcustomerstomerstatement` */;
/*!50001 DROP VIEW IF EXISTS `vwcustomerstomerstatement` */;

/*!50001 CREATE ALGORITHM=UNDEFINED DEFINER=`root`@`localhost` SQL SECURITY DEFINER VIEW `vwcustomerstomerstatement` AS select `p`.`id` AS `id`,`c`.`customerid` AS `customerid`,`c`.`customername` AS `customername`,`c`.`physicaladdress` AS `physicaladdress`,`c`.`postaladdress` AS `postaladdress`,`c`.`mobile` AS `mobile`,`c`.`email` AS `email`,`p`.`receiptdate` AS `date`,'Invoice issued to customer' AS `narration`,`pm`.`reference` AS `reference`,`pm`.`amount` AS `invoiceamount`,0 AS `invoicepayment`,0 AS `order` from (((`customers` `c` join `possales` `p`) join `possalesdetails` `pd`) join `possalespayments` `pm`) where `c`.`customerid` = `p`.`customerid` and `p`.`id` = `pd`.`possaleid` and `pm`.`possaleid` = `p`.`id` and `pm`.`paymentmode` = 4 and date_format(`p`.`receiptdate`,'%Y-%m-%d') >= (select date_format(`startingparameters`.`cutoffdate`,'%Y-%m-%d') from `startingparameters`) group by `c`.`customerid`,`c`.`customername`,`c`.`physicaladdress`,`c`.`postaladdress`,`c`.`mobile`,`c`.`email`,`pm`.`reference`,`p`.`receiptdate` union select `cr`.`id` AS `id`,`c`.`customerid` AS `customerid`,`c`.`customername` AS `customername`,`c`.`physicaladdress` AS `physicaladdress`,`c`.`postaladdress` AS `postaladdress`,`c`.`mobile` AS `mobile`,`c`.`email` AS `email`,`cr`.`receiptdate` AS `date`,'Payment received. Thank You' AS `narration`,`cr`.`receiptno` AS `receiptno`,0 AS `invoiceamount`,sum(`cd`.`amount`) + ifnull((select sum(`customersuspenseaccount`.`credit`) from `customersuspenseaccount` where `customersuspenseaccount`.`referenceno` = `cr`.`receiptno`),0) AS `invoicepayment`,1 AS `order` from ((`customers` `c` join `customerreceipts` `cr`) join `customerreceiptdetails` `cd`) where `c`.`customerid` = `cr`.`customerid` and `cr`.`id` = `cd`.`receiptid` and date_format(`cr`.`receiptdate`,'%Y-%m-%d') >= (select date_format(`startingparameters`.`cutoffdate`,'%Y-%m-%d') from `startingparameters`) group by `cr`.`id`,`c`.`customerid`,`c`.`customername`,`c`.`physicaladdress`,`c`.`postaladdress`,`c`.`mobile`,`c`.`email`,`cr`.`receiptdate`,`cr`.`receiptno` order by `date`,`order` */;

/*View structure for view vwopenorders */

/*!50001 DROP TABLE IF EXISTS `vwopenorders` */;
/*!50001 DROP VIEW IF EXISTS `vwopenorders` */;

/*!50001 CREATE ALGORITHM=UNDEFINED DEFINER=`root`@`localhost` SQL SECURITY DEFINER VIEW `vwopenorders` AS (select `p`.`purchaseorderno` AS `purchaseorderno`,`p`.`date` AS `date`,`p`.`supplierid` AS `supplierid`,`pd`.`itemcode` AS `itemcode`,`pd`.`quanity` AS `quanity`,ifnull((select sum(`gd`.`quantity`) from (`goodsreceived` `g` join `goodsreceiveddetails` `gd`) where `g`.`grnno` = `gd`.`grnno` and `gd`.`itemcode` = `pd`.`itemcode`),0) AS `received` from (`purchaseorders` `p` join `purchaseorderdetails` `pd`) where `p`.`id` = `pd`.`purchaseorderid`) */;

/*View structure for view vwopenpayables */

/*!50001 DROP TABLE IF EXISTS `vwopenpayables` */;
/*!50001 DROP VIEW IF EXISTS `vwopenpayables` */;

/*!50001 CREATE ALGORITHM=UNDEFINED DEFINER=`root`@`localhost` SQL SECURITY DEFINER VIEW `vwopenpayables` AS (select `si`.`supplierid` AS `supplierid`,`si`.`invoiceno` AS `invoiceno`,`si`.`invoicedate` AS `invoicedate`,`si`.`status` AS `status`,sum(`sid`.`quantity` * `sid`.`unitprice`) AS `invoiceamount`,ifnull((select sum(`pd`.`quantity` * `pd`.`unitprice`) from (`paymentvouchers` `p` join `paymentvoucherdetails` `pd`) where `p`.`id` = `pd`.`voucherid` and `pd`.`invoicenumber` = `si`.`invoiceno`),0) AS `settled` from (`supplierinvoice` `si` join `supplierinvoicedetails` `sid`) where `si`.`id` = `sid`.`invoiceid` and date_format(`si`.`invoicedate`,'%Y-%m-%d') >= (select date_format(`startingparameters`.`cutoffdate`,'%Y-%m-%d') from `startingparameters`) group by `si`.`supplierid`,`si`.`invoiceno`,`si`.`invoicedate`,`si`.`status` having sum(`sid`.`quantity` * `sid`.`unitprice`) > ifnull((select sum(`pd`.`quantity` * `pd`.`unitprice`) from (`paymentvouchers` `p` join `paymentvoucherdetails` `pd`) where `p`.`id` = `pd`.`voucherid` and `pd`.`invoicenumber` = `si`.`invoiceno`),0)) */;

/*View structure for view vwpaymentvouchers */

/*!50001 DROP TABLE IF EXISTS `vwpaymentvouchers` */;
/*!50001 DROP VIEW IF EXISTS `vwpaymentvouchers` */;

/*!50001 CREATE ALGORITHM=UNDEFINED DEFINER=`root`@`localhost` SQL SECURITY DEFINER VIEW `vwpaymentvouchers` AS (select `p`.`id` AS `voucherid`,ifnull(`p`.`pettycashvoucher`,0) AS `pettycashvoucher`,`p`.`voucherno` AS `voucherno`,date_format(`p`.`date`,'%Y-%m-%d') AS `voucherdate`,`p`.`paymentmode` AS `paymentmodeid`,`m`.`description` AS `paymentmodedescription`,`p`.`pos` AS `posid`,`o`.`posname` AS `posname`,`p`.`supplier` AS `supplierid`,`s`.`suppliername` AS `suppliername`,`pd`.`invoicenumber` AS `invoicenumber`,`p`.`cashbookaccount` AS `cashbookaccountid`,`a`.`accountcode` AS `accountcode`,`a`.`accountname` AS `accountname`,`p`.`referenceno` AS `referenceno`,`p`.`status` AS `status`,sum(`pd`.`quantity` * `pd`.`unitprice`) AS `vouchertotal`,`p`.`addedby` AS `userid`,concat(`u`.`firstname`,' ',`u`.`middlename`,' ',`u`.`lastname`) AS `username` from ((((((`paymentvouchers` `p` join `paymentvoucherdetails` `pd`) join `suppliers` `s`) join `paymentmethods` `m`) join `pointsofsale` `o`) join `glaccounts` `a`) join `user` `u`) where `p`.`id` = `pd`.`voucherid` and `p`.`supplier` = `s`.`supplierid` and `p`.`paymentmode` = `m`.`id` and `p`.`cashbookaccount` = `a`.`id` and `p`.`addedby` = `u`.`id` and `p`.`pos` = `o`.`id` group by `p`.`id`,`p`.`voucherno`,date_format(`p`.`date`,'%Y-%m-%d'),`p`.`paymentmode`,`m`.`description`,`p`.`pos`,`p`.`supplier`,`pd`.`invoicenumber`,`p`.`cashbookaccount`,`a`.`accountcode`,`a`.`accountname`,`p`.`referenceno`,`p`.`status`,`p`.`addedby`,concat(`u`.`firstname`,' ',`u`.`middlename`,' ',`u`.`lastname`)) */;

/*View structure for view vwpointofsaleitembalances */

/*!50001 DROP TABLE IF EXISTS `vwpointofsaleitembalances` */;
/*!50001 DROP VIEW IF EXISTS `vwpointofsaleitembalances` */;

/*!50001 CREATE ALGORITHM=UNDEFINED DEFINER=`root`@`localhost` SQL SECURITY DEFINER VIEW `vwpointofsaleitembalances` AS (select `s`.`id` AS `posid`,`s`.`posname` AS `posname`,`td`.`itemcode` AS `itemid`,`p`.`itemcode` AS `itemcode`,`p`.`itemname` AS `itemname`,`p`.`unitofmeasure` AS `unitofmeasure`,`p`.`buyingprice` AS `buyingprice`,ifnull(sum(if(`t`.`destinationid` = `s`.`id` and `t`.`destinationtype` = 'pos' and `td`.`itemcode` = `p`.`productid`,`td`.`quantity`,0)),0) AS `unitsreceived`,ifnull(sum(if(`t`.`sourceid` = `s`.`id` and `t`.`sourcetype` = 'pos' and `td`.`itemcode` = `p`.`productid`,`td`.`quantity`,0)),0) AS `issued` from (((`pointsofsale` `s` join `products` `p`) join `stocktransfer` `t`) join `stocktransferdetails` `td`) where (`s`.`id` = `t`.`sourceid` or `s`.`id` = `t`.`destinationid`) and `t`.`id` = `td`.`transferid` and `td`.`itemcode` = `p`.`productid` and `t`.`dateadded` >= ifnull((select `startingparameters`.`cutoffdate` from `startingparameters`),current_timestamp()) group by `s`.`id`,`s`.`posname`,`td`.`itemcode`,`p`.`itemcode`,`p`.`itemname`,`p`.`unitofmeasure`,`p`.`buyingprice`) */;

/*View structure for view vwsalessummary */

/*!50001 DROP TABLE IF EXISTS `vwsalessummary` */;
/*!50001 DROP VIEW IF EXISTS `vwsalessummary` */;

/*!50001 CREATE ALGORITHM=UNDEFINED DEFINER=`root`@`localhost` SQL SECURITY DEFINER VIEW `vwsalessummary` AS (select date_format(`p`.`receiptdate`,'%Y-%m-%d') AS `transactiondate`,`pm`.`id` AS `id`,`p`.`receiptno` AS `receiptno`,`m`.`description` AS `paymentmode`,`pm`.`reference` AS `paymentmodereference`,`s`.`posname` AS `pointofsale`,`p`.`customerid` AS `customerid`,`c`.`customername` AS `customername`,`p`.`addedby` AS `userid`,`pm`.`amount` AS `receipttotal`,`p`.`pointofsaleid` AS `posid`,ifnull(`pm`.`banked`,0) AS `banked`,concat(`u`.`firstname`,' ',`u`.`middlename`,' ',`u`.`lastname`) AS `userfullname`,`u`.`username` AS `username` from ((((((`pointsofsale` `s` join `possales` `p`) join `possalesdetails` `pd`) join `user` `u`) join `customers` `c`) join `paymentmethods` `m`) join `possalespayments` `pm`) where `p`.`id` = `pd`.`possaleid` and `p`.`customerid` = `c`.`customerid` and `p`.`addedby` = `u`.`id` and `p`.`pointofsaleid` = `s`.`id` and `pm`.`paymentmode` = `m`.`id` and `p`.`id` = `pm`.`possaleid` and ifnull(`p`.`deleted`,0) = 0 group by `p`.`receiptdate`,`p`.`receiptno`,`u`.`username`,`u`.`id`,`s`.`posname`,`p`.`customerid`,`c`.`customername`,`p`.`addedby`,`m`.`description`,`pm`.`reference`,`pm`.`id`,`p`.`pointofsaleid`,`pm`.`banked`,`u`.`firstname`,`u`.`middlename`,`u`.`lastname`) */;

/*View structure for view vwsalessummary2 */

/*!50001 DROP TABLE IF EXISTS `vwsalessummary2` */;
/*!50001 DROP VIEW IF EXISTS `vwsalessummary2` */;

/*!50001 CREATE ALGORITHM=UNDEFINED DEFINER=`root`@`localhost` SQL SECURITY DEFINER VIEW `vwsalessummary2` AS (select `p`.`receiptdate` AS `transactiondate`,`pm`.`id` AS `id`,`p`.`receiptno` AS `receiptno`,`m`.`description` AS `paymentmode`,`pm`.`reference` AS `paymentmodereference`,`s`.`posname` AS `pointofsale`,`p`.`customerid` AS `customerid`,`c`.`customername` AS `customername`,`p`.`addedby` AS `userid`,`pm`.`amount` AS `receipttotal`,sum(`pd`.`quantity`) AS `quantity`,`p`.`pointofsaleid` AS `posid`,ifnull(`pm`.`banked`,0) AS `banked`,`u`.`firstname` AS `userfullname`,`u`.`username` AS `username` from ((((((`pointsofsale` `s` join `possales` `p`) join `possalesdetails` `pd`) join `user` `u`) join `customers` `c`) join `paymentmethods` `m`) join `possalespayments` `pm`) where `p`.`id` = `pd`.`possaleid` and `p`.`customerid` = `c`.`customerid` and `p`.`addedby` = `u`.`id` and `p`.`pointofsaleid` = `s`.`id` and `pm`.`paymentmode` = `m`.`id` and `p`.`id` = `pm`.`possaleid` and ifnull(`p`.`deleted`,0) = 0 group by `p`.`receiptdate`,`p`.`receiptno`,`u`.`username`,`u`.`id`,`s`.`posname`,`p`.`customerid`,`c`.`customername`,`p`.`addedby`,`m`.`description`,`pm`.`reference`,`pm`.`id`,`p`.`pointofsaleid`,`pm`.`banked`,`u`.`firstname`,`u`.`username`) */;

/*View structure for view vwstockcenters */

/*!50001 DROP TABLE IF EXISTS `vwstockcenters` */;
/*!50001 DROP VIEW IF EXISTS `vwstockcenters` */;

/*!50001 CREATE ALGORITHM=UNDEFINED DEFINER=`root`@`localhost` SQL SECURITY DEFINER VIEW `vwstockcenters` AS select `pointsofsale`.`posname` AS `posname` from `pointsofsale` union select `warehouses`.`description` AS `description` from `warehouses` */;

/*View structure for view vwstockdetails */

/*!50001 DROP TABLE IF EXISTS `vwstockdetails` */;
/*!50001 DROP VIEW IF EXISTS `vwstockdetails` */;

/*!50001 CREATE ALGORITHM=UNDEFINED DEFINER=`root`@`localhost` SQL SECURITY DEFINER VIEW `vwstockdetails` AS select date_format(`p`.`receiptdate`,'%d-%b-%Y') AS `date`,`s`.`posname` AS `posname`,`m`.`itemcode` AS `itemcode`,`m`.`itemname` AS `itemname`,`m`.`unitofmeasure` AS `unitofmeasure`,`m`.`buyingprice` AS `buyingprice`,avg(`pd`.`unitprice`) AS `sellingprice`,0 AS `purchases`,sum(`pd`.`quantity`) AS `quantitysold`,ifnull((select sum(`sd`.`quantity`) from (`stocktransfer` `s` join `stocktransferdetails` `sd`) where `s`.`id` = `sd`.`transferid` and `sd`.`itemcode` = `pd`.`itemcode` and `s`.`sourcetype` = 'pos' and `s`.`sourceid` = `s`.`id` and date_format(`s`.`dateadded`,'%d-%b-%Y') = date_format(`p`.`receiptdate`,'%d-%b-%Y')),0) AS `transfersout`,ifnull((select sum(`sd`.`quantity`) from (`stocktransfer` `s` join `stocktransferdetails` `sd`) where `s`.`id` = `sd`.`transferid` and `sd`.`itemcode` = `pd`.`itemcode` and `s`.`destinationtype` = 'pos' and `s`.`destinationid` = `s`.`id` and date_format(`s`.`dateadded`,'%d-%b-%Y') = date_format(`p`.`receiptdate`,'%d-%b-%Y')),0) AS `transfersin` from (((`products` `m` join `possales` `p`) join `possalesdetails` `pd`) join `pointsofsale` `s`) where `m`.`productid` = `pd`.`itemcode` and `p`.`id` = `pd`.`possaleid` and `p`.`pointofsaleid` = `s`.`id` group by date_format(`p`.`receiptdate`,'%d-b-Y'),`m`.`itemcode`,`m`.`itemname`,`m`.`unitofmeasure`,`m`.`buyingprice`,`s`.`posname` union select date_format(`p`.`datereceived`,'%d-%b-%Y') AS `date`,`s`.`description` AS `posname`,`m`.`itemcode` AS `itemcode`,`m`.`itemname` AS `itemname`,`m`.`unitofmeasure` AS `unitofmeasure`,ifnull((select avg(`xd`.`unitprice`) from (`purchaseorders` `x` join `purchaseorderdetails` `xd`) where `x`.`id` = `xd`.`purchaseorderid` and `x`.`purchaseorderno` = `pd`.`purchaseorderno`),0) AS `buyingprice`,`m`.`sellingprice` AS `sellingprice`,sum(`pd`.`quantity`) AS `purchases`,0 AS `quantitysold`,ifnull((select sum(`sd`.`quantity`) from (`stocktransfer` `s` join `stocktransferdetails` `sd`) where `s`.`id` = `sd`.`transferid` and `sd`.`itemcode` = `pd`.`itemcode` and `s`.`sourcetype` = 'warehouse' and `s`.`sourceid` = `s`.`id` and date_format(`s`.`dateadded`,'%d-%b-%Y') = date_format(`p`.`datereceived`,'%d-%b-%Y')),0) AS `transfersout`,ifnull((select sum(`sd`.`quantity`) from (`stocktransfer` `s` join `stocktransferdetails` `sd`) where `s`.`id` = `sd`.`transferid` and `sd`.`itemcode` = `pd`.`itemcode` and `s`.`destinationtype` = 'warehouse' and `s`.`destinationid` = `s`.`id` and date_format(`s`.`dateadded`,'%d-%b-%Y') = date_format(`p`.`datereceived`,'%d-%b-%Y')),0) AS `transfersin` from (((`products` `m` join `goodsreceived` `p`) join `goodsreceiveddetails` `pd`) join `warehouses` `s`) where `m`.`productid` = `pd`.`itemcode` and `p`.`grnno` = `pd`.`grnno` and `p`.`warehouseid` = `s`.`id` group by date_format(`p`.`datereceived`,'%d-b-Y'),`m`.`itemcode`,`m`.`itemname`,`m`.`unitofmeasure`,`m`.`buyingprice`,`s`.`description` */;

/*View structure for view vwstocktransfers */

/*!50001 DROP TABLE IF EXISTS `vwstocktransfers` */;
/*!50001 DROP VIEW IF EXISTS `vwstocktransfers` */;

/*!50001 CREATE ALGORITHM=UNDEFINED DEFINER=`root`@`localhost` SQL SECURITY DEFINER VIEW `vwstocktransfers` AS (select `t`.`referenceno` AS `referenceno`,`t`.`sourcetype` AS `sourcetype`,`t`.`sourceid` AS `sourceid`,case when `t`.`sourcetype` = 'warehouse' then (select `warehouses`.`description` from `warehouses` where `warehouses`.`id` = `t`.`sourceid`) else (select `pointsofsale`.`posname` from `pointsofsale` where `pointsofsale`.`id` = `t`.`sourceid`) end AS `sourcename`,`t`.`destinationtype` AS `destinationtype`,`t`.`destinationid` AS `destinationid`,case when `t`.`destinationtype` = 'warehouse' then (select `warehouses`.`description` from `warehouses` where `warehouses`.`id` = `t`.`destinationid`) else (select `pointsofsale`.`posname` from `pointsofsale` where `pointsofsale`.`id` = `t`.`destinationid`) end AS `destinationame`,`t`.`addedby` AS `addedby`,`t`.`dateadded` AS `dateadded`,concat(`u`.`firstname`,' ',`u`.`middlename`,' ',`u`.`lastname`) AS `username`,ifnull(concat(`i`.`firstname`,' ',`i`.`middlename`,' ',`i`.`lastname`),'_ _ _ _ _ _ _ _ _ _ _ _ _ _ _ _') AS `issuedto`,ifnull(concat(`c`.`firstname`,' ',`c`.`middlename`,' ',`c`.`lastname`),'_ _ _ _ _ _ _ _ _ _ _ _ _ _ _ _') AS `storecontroller` from (((`stocktransfer` `t` join `user` `u` on(`t`.`addedby` = `u`.`id`)) left join `user` `i` on(`i`.`id` = `t`.`issuedto`)) left join `user` `c` on(`c`.`id` = `t`.`storecontroller`)) order by `t`.`dateadded`) */;

/*View structure for view vwstores */

/*!50001 DROP TABLE IF EXISTS `vwstores` */;
/*!50001 DROP VIEW IF EXISTS `vwstores` */;

/*!50001 CREATE ALGORITHM=UNDEFINED DEFINER=`root`@`localhost` SQL SECURITY DEFINER VIEW `vwstores` AS select `pointsofsale`.`posname` AS `posname` from `pointsofsale` where ifnull(`pointsofsale`.`deleted`,0) = 0 union select `warehouses`.`description` AS `description` from `warehouses` */;

/*View structure for view vwsupplierstatement */

/*!50001 DROP TABLE IF EXISTS `vwsupplierstatement` */;
/*!50001 DROP VIEW IF EXISTS `vwsupplierstatement` */;

/*!50001 CREATE ALGORITHM=UNDEFINED DEFINER=`root`@`localhost` SQL SECURITY DEFINER VIEW `vwsupplierstatement` AS select `s`.`supplierid` AS `supplierid`,`s`.`suppliername` AS `suppliername`,`s`.`physicaladdress` AS `physicaladdress`,`s`.`postaladdress` AS `postaladdress`,`s`.`mobile` AS `mobile`,`s`.`email` AS `email`,`si`.`invoicedate` AS `invoicedate`,`si`.`invoiceno` AS `reference`,'Invoice received' AS `narrative`,sum(`sid`.`quantity` * `sid`.`unitprice`) AS `invoiceamount`,0 AS `invoicepayment`,0 AS `order` from ((`suppliers` `s` join `supplierinvoice` `si`) join `supplierinvoicedetails` `sid`) where `s`.`supplierid` = `si`.`supplierid` and `si`.`id` = `sid`.`invoiceid` group by `s`.`supplierid`,`s`.`suppliername`,`s`.`physicaladdress`,`s`.`postaladdress`,`s`.`mobile`,`s`.`email`,`si`.`invoicedate`,`si`.`invoiceno` union select `s`.`supplierid` AS `supplierid`,`s`.`suppliername` AS `suppliername`,`s`.`physicaladdress` AS `physicaladdress`,`s`.`postaladdress` AS `postaladdress`,`s`.`mobile` AS `mobile`,`s`.`email` AS `email`,`p`.`date` AS `date`,`p`.`voucherno` AS `voucherno`,concat('Payment issued via reference #',`p`.`referenceno`) AS `narrative`,0 AS `invoiceamount`,sum(`pd`.`quantity` * `pd`.`unitprice`) AS `invoicepayment`,1 AS `order` from ((`suppliers` `s` join `paymentvouchers` `p`) join `paymentvoucherdetails` `pd`) where `s`.`supplierid` = `p`.`supplier` and `p`.`id` = `pd`.`voucherid` group by `s`.`supplierid`,`s`.`suppliername`,`s`.`physicaladdress`,`s`.`postaladdress`,`s`.`mobile`,`s`.`email`,`p`.`date`,`p`.`voucherno`,`p`.`referenceno` */;

/*View structure for view vwwarehouseitembalances */

/*!50001 DROP TABLE IF EXISTS `vwwarehouseitembalances` */;
/*!50001 DROP VIEW IF EXISTS `vwwarehouseitembalances` */;

/*!50001 CREATE ALGORITHM=UNDEFINED DEFINER=`root`@`localhost` SQL SECURITY DEFINER VIEW `vwwarehouseitembalances` AS (select `w`.`id` AS `warehouseid`,`w`.`description` AS `warehousename`,`p`.`itemcode` AS `itemcode`,`p`.`itemname` AS `itemname`,`p`.`productid` AS `productid`,`p`.`unitofmeasure` AS `unitofmeasure`,`p`.`buyingprice` AS `buyingprice`,`p`.`sellingprice` AS `sellingprice`,`p`.`serializable` AS `serializable`,sum(`gd`.`quantity`) + ifnull((select sum(`sd`.`quantity`) from (`stocktransferdetails` `sd` join `stocktransfer` `s`) where `s`.`id` = `sd`.`transferid` and `s`.`destinationtype` = 'warehouse' and `s`.`destinationid` = `w`.`id` and `sd`.`itemcode` = `p`.`productid` and `s`.`dateadded` >= ifnull((select `startingparameters`.`cutoffdate` from `startingparameters`),current_timestamp())),0) AS `unitsreceived`,ifnull((select sum(`sd`.`quantity`) from (`stocktransferdetails` `sd` join `stocktransfer` `s`) where `s`.`id` = `sd`.`transferid` and `s`.`sourcetype` = 'warehouse' and `s`.`sourceid` = `w`.`id` and `sd`.`itemcode` = `p`.`productid` and `s`.`dateadded` >= ifnull((select `startingparameters`.`cutoffdate` from `startingparameters`),current_timestamp())),0) AS `issued` from (((`goodsreceived` `g` join `goodsreceiveddetails` `gd`) join `products` `p`) join `warehouses` `w`) where `w`.`id` = `g`.`warehouseid` and `g`.`grnno` = `gd`.`grnno` and `gd`.`itemcode` = `p`.`productid` group by `p`.`itemcode`,`p`.`itemname`,`p`.`unitofmeasure`,`p`.`buyingprice`,`p`.`sellingprice`,`p`.`serializable`,`w`.`id`,`w`.`description`,`p`.`productid`) */;

/*!40101 SET SQL_MODE=@OLD_SQL_MODE */;
/*!40014 SET FOREIGN_KEY_CHECKS=@OLD_FOREIGN_KEY_CHECKS */;
/*!40014 SET UNIQUE_CHECKS=@OLD_UNIQUE_CHECKS */;
/*!40111 SET SQL_NOTES=@OLD_SQL_NOTES */;
